<?xml version="1.0" encoding="UTF-8" standalone="yes"?>
<kml xmlns="http://www.opengis.net/kml/2.2" xmlns:ns2="http://www.google.com/kml/ext/2.2" xmlns:ns3="http://www.w3.org/2005/Atom" xmlns:ns4="urn:oasis:names:tc:ciq:xsdschema:xAL:2.0">
    <Document>
        <Schema name="nur_upu_unidades_planificacion_urbana_1" id="nur_upu_unidades_planificacion_urbana_1">
            <SimpleField type="short" name="upu"/>
            <SimpleField type="string" name="nombre_upu"/>
            <SimpleField type="string" name="area_ha"/>
            <SimpleField type="string" name="estado"/>
            <SimpleField type="string" name="url1"/>
        </Schema>
        <Folder>
            <name>nur_upu_unidades_planificacion_urbana</name>
            <Placemark id="nur_upu_unidades_planificacion_urbana.1">
                <ExtendedData>
                    <SchemaData schemaUrl="#nur_upu_unidades_planificacion_urbana_1">
                        <SimpleData name="upu">3</SimpleData>
                        <SimpleData name="nombre_upu">RÍO CAUCA</SimpleData>
                        <SimpleData name="area_ha">653.690063117</SimpleData>
                        <SimpleData name="estado">Adoptada</SimpleData>
                        <SimpleData name="url1">http://idesc.cali.gov.co/download/upu/acuerdo_0433_2017_upu_3.pdf</SimpleData>
                    </SchemaData>
                </ExtendedData>
                <Polygon>
                    <outerBoundaryIs>
                        <LinearRing>
                            <tessellate>1</tessellate>
                            <coordinates>-76.49137679980169,3.5055954708600403 -76.49148752704579,3.5048691654697866 -76.49151466070062,3.503557878126588 -76.4914940933454,3.502769427193976 -76.49139014371211,3.5019694388468467 -76.49139015533844,3.501593781505967 -76.49139016696353,3.5012181232577366 -76.49138390559455,3.500991369076111 -76.49138065310014,3.5008735702326548 -76.49135922772322,3.5006821515806417 -76.49132827531152,3.5005720857468563 -76.49128098800651,3.500410756237349 -76.4912719908192,3.50038362589002 -76.4912449963358,3.500338405554649 -76.49120900112611,3.500293184935626 -76.49118200664826,3.5002479655027297 -76.49114601116293,3.5002117882363266 -76.49111001596279,3.500166567613448 -76.49109201777273,3.500148478526845 -76.49107402048331,3.5001303903442578 -76.49103802528974,3.5000851697185813 -76.4910200280026,3.5000670806306124 -76.49099302998964,3.500048991257385 -76.4905160670169,3.499768596758374 -76.489904121322,3.4993525373214753 -76.48760442841504,3.4982584662708285 -76.48654459867863,3.4978233976931814 -76.48613562306944,3.4976555091076182 -76.48612760798902,3.4976515523444767 -76.48611952271538,3.497647453598005 -76.48611150764029,3.497643354854051 -76.48610342236421,3.4976393266456105 -76.48609540728924,3.4976352279015193 -76.48608739311176,3.497631199695563 -76.48607944824313,3.4976268893394136 -76.48607143316838,3.497622790595118 -76.4860634180937,3.497618691850754 -76.4860554732227,3.497614452032572 -76.48604745815075,3.497610282749901 -76.4860395132799,3.4976060429315856 -76.4860315693091,3.4976018031132354 -76.48602355424254,3.4975974927540205 -76.4860156795652,3.4975933940144373 -76.48600773469984,3.4975890122151765 -76.48599978982935,3.4975847723965248 -76.48599191605994,3.4975804620422646 -76.48598404139328,3.4975760802454 -76.48597616672404,3.4975717698909756 -76.48596822185901,3.4975673889957157 -76.48596034809512,3.4975629366605165 -76.48595254362458,3.4975586263084915 -76.48594466986084,3.49755417397316 -76.48593679519456,3.4975497930802355 -76.48592899072942,3.497545341651676 -76.48592104677002,3.497540818775374 -76.4859133125035,3.4975363664449515 -76.48590550894114,3.4975318444780594 -76.48589770447632,3.4975273921449035 -76.48588997111518,3.4975227987379807 -76.48588223685154,3.4975182767734667 -76.48587436309106,3.497513753899375 -76.48586662883017,3.497509160492227 -76.48585889546932,3.4975045679893833 -76.48585109100753,3.497500045117671 -76.48584335765206,3.497495310634024 -76.4858356944951,3.497490576152922 -76.48582796023459,3.4974859827454554 -76.48582022687674,3.497481318799788 -76.48581256371742,3.497476654856667 -76.48580489966079,3.497471920375279 -76.48579716630313,3.4974672573337577 -76.48578950314928,3.497462451409773 -76.48578183909288,3.497457716928197 -76.485774246135,3.4974529824492055 -76.48576658298134,3.497448177429369 -76.4857589900262,3.497443372412085 -76.4857513268727,3.4974385673921238 -76.48574373392032,3.4974336918365445 -76.48573614006284,3.4974289573572106 -76.48572861731171,3.49742401036162 -76.48572095416112,3.4974191348032417 -76.48571350160857,3.4974141887144827 -76.48570583845813,3.49740931315598 -76.48569831570993,3.497404295621976 -76.48569079295655,3.497399420068588 -76.48568320000744,3.4973944730700146 -76.48567574745789,3.497389456442786 -76.48566822470735,3.4973845103510457 -76.48566070196215,3.4973794222785712 -76.48565324941023,3.4973744761893344 -76.48564579685842,3.497369529195701 -76.4856383443145,3.497364370587499 -76.48563082156959,3.497359283419121 -76.4856235103201,3.4973541953542506 -76.48561598757274,3.4973491787239235 -76.4856086052276,3.4973440201181103 -76.4856011526841,3.4973388615096117 -76.48559377123905,3.497333703808052 -76.48558638889418,3.497328545202063 -76.48557900654934,3.4973233865960167 -76.48557162420724,3.4973181574517427 -76.4855643831594,3.497312999755206 -76.48555700081484,3.4973078411489866 -76.48554961847819,3.4973024709281995 -76.48554230723481,3.4972972417863573 -76.48553499509154,3.497292012644425 -76.48552775404939,3.4972867129669303 -76.48552037171308,3.497281342745912 -76.48551313067108,3.4972760430683048 -76.48550588872921,3.4972707433906067 -76.48549857749155,3.497265373172085 -76.48549133555507,3.497259932417935 -76.48548409451341,3.4972546327401033 -76.48547685257448,3.497249262524011 -76.48546968173932,3.4972437503298583 -76.48546251089894,3.497238380116326 -76.48545526896288,3.497232939361897 -76.48544809812532,3.497227498610085 -76.48544085618944,3.4972220569512094 -76.4854337555531,3.4972165456637536 -76.48542665491684,3.4972110343762446 -76.48541948408226,3.4972055221817073 -76.48541238254619,3.4972000108940566 -76.48540528191016,3.497194499606386 -76.4853981110811,3.4971888463353444 -76.48539115084212,3.4971833350528487 -76.48538398001058,3.4971777523198693 -76.4853770197744,3.4971721704990983 -76.48536984804569,3.4971665172278064 -76.48536288780966,3.4971609354069306 -76.4853557871769,3.49715535267638 -76.48534875674788,3.497149629776414 -76.4853417965174,3.497143905974706 -76.48533476608596,3.4971382527084702 -76.48532773565718,3.497132529808347 -76.4853208456254,3.497126806009129 -76.48531388539789,3.497121011669043 -76.48530685497204,3.4971152173262583 -76.48529996493784,3.497109564969392 -76.48529314600741,3.4971037706344825 -76.48528618578024,3.4970979762941914 -76.4852792957516,3.4970921819564973 -76.48527240572298,3.4970863885230887 -76.48526551569714,3.497080523647124 -76.48525862657137,3.4970746587711417 -76.4852518067441,3.497068793897727 -76.48524491672116,3.4970628584834396 -76.48523816798983,3.4970570641507823 -76.48523127796706,3.4970511287363957 -76.48522452834384,3.497045122789095 -76.48521770941699,3.497039257915466 -76.4852109597913,3.4970333225062378 -76.48520421106836,3.4970273156544893 -76.48519746144285,3.4970213802451653 -76.48519071182007,3.4970153742976207 -76.48518396309736,3.4970093683500623 -76.48517721347474,3.4970033624024204 -76.4851705349533,3.496997285014916 -76.48516392662766,3.496991279072529 -76.48515717700795,3.4969852025865724 -76.48515049848673,3.4969791261032617 -76.48514388926405,3.4969730487181923 -76.48513714054724,3.4969669016939564 -76.48513060242043,3.4969608957539933 -76.48512406430171,3.4969546772951388 -76.48511738488358,3.496948530273387 -76.48511077656397,3.4969423823499484 -76.48510423844546,3.4969361647952906 -76.485097630126,3.496930016871759 -76.4850910911077,3.496923799316975 -76.48508455299215,3.4969175103196743 -76.48507801487133,3.496911363303004 -76.4850715469517,3.496905144846448 -76.48506500883906,3.496898785310839 -76.48505854091957,3.496892567758527 -76.48505207300285,3.4968862787636663 -76.4850456752846,3.4968799906757617 -76.48503913716962,3.496873701678144 -76.48503280965265,3.4968673421503143 -76.48502627154052,3.4968609826144355 -76.485019944021,3.496854694529024 -76.48501340590906,3.4968483349930555 -76.48500714948814,3.496842046005926 -76.48500075178113,3.4968354748606973 -76.48499442426466,3.4968291153326074 -76.48498802654983,3.496822756706138 -76.48498176923458,3.496816326642463 -76.48497544262366,3.4968098260379388 -76.48496918530859,3.4968033959741796 -76.48496285779785,3.4967968953695348 -76.48495653118454,3.4967904653030524 -76.48495027387239,3.4967839647009953 -76.4849440867587,3.496777464101573 -76.48493783034671,3.4967709634994675 -76.48493157303747,3.4967643923591156 -76.48492545702511,3.4967578203197727 -76.48491919971873,3.4967511786411682 -76.48491301350546,3.496744678041573 -76.48490682639498,3.4967381069037327 -76.4849007103856,3.496731465230392 -76.48489459347368,3.4967248940951485 -76.48488840726347,3.4967183220528852 -76.48488229125702,3.4967116098412543 -76.48487617434802,3.4967049681677183 -76.48487019873588,3.496698326499538 -76.48486408272973,3.496691613383452 -76.48485803691668,3.4966850422506837 -76.48485199021174,3.49667825950333 -76.48484594440426,3.4966715463898064 -76.48483996879786,3.496664763645091 -76.48483392299053,3.4966580505314906 -76.48482794738432,3.496651267786698 -76.48482197177555,3.4966445546757026 -76.4848159961695,3.4966377719308332 -76.48481009076197,3.496630988284275 -76.48480418535716,3.4966241350038447 -76.48479820885143,3.496617351354492 -76.48479230344678,3.4966104980739856 -76.48478646913796,3.4966037144299986 -76.48478056373348,3.4965968611494183 -76.4847747285302,3.496589936428981 -76.4847689635227,3.4965830822493666 -76.48476305811847,3.4965762289686753 -76.48475722291543,3.4965693042481285 -76.48475138771249,3.496562379527546 -76.4847456236053,3.4965555253478198 -76.48473985860355,3.49654853099602 -76.48473409360192,3.4965415357398473 -76.48472832949766,3.4965346110218443 -76.4847225644962,3.496527615765601 -76.48471694079423,3.4965205499765677 -76.48471124598863,3.496513625261117 -76.48470562138415,3.4965066309144874 -76.484699857283,3.4964996356581377 -76.48469423268139,3.496492569868933 -76.48468860897717,3.4964855746178998 -76.48468291417734,3.4964785088259327 -76.48467736067435,3.496471443039356 -76.48467173697574,3.496464306711879 -76.48466611237454,3.4964572409225037 -76.48466062907286,3.496450104600351 -76.48465500446915,3.4964431093490793 -76.48464945097193,3.4964359024859935 -76.4846439676705,3.496428766163741 -76.48463848436913,3.4964216298414574 -76.48463300107058,3.4964144220766347 -76.48462744667103,3.496407285751552 -76.48462196336992,3.4964001494291708 -76.484616620471,3.4963928720358117 -76.48461113717275,3.4963856651751954 -76.4846055836735,3.496378528850018 -76.48460031097325,3.49637125055493 -76.48459489787628,3.496363973158747 -76.48458948477672,3.4963567663007025 -76.48458414187834,3.496349488002822 -76.48457879898,3.496342210609246 -76.48457345608175,3.4963349332156386 -76.48456818338467,3.4963275843821973 -76.48456284048387,3.4963203775267 -76.48455756778964,3.4963129581550265 -76.48455222489171,3.496305680761297 -76.48454702329057,3.4962984033729803 -76.48454182079495,3.4962909840039216 -76.48453661829669,3.4962836360773406 -76.48453134650283,3.496276216705552 -76.48452621420309,3.496268868781617 -76.48452101170778,3.496261449412442 -76.48451581011253,3.4962540309476067 -76.48451067781573,3.4962466115810793 -76.48450554641899,3.496239193118894 -76.48450041412238,3.4962317737523096 -76.48449535292687,3.4962242838502684 -76.48449022063039,3.4962168653879626 -76.48448515943504,3.496209375485865 -76.4844800973398,3.4962018855837056 -76.48447510634294,3.496194396588597 -76.4844699740468,3.496186977221844 -76.48446505325389,3.4961793462487134 -76.4844599920589,3.4961718572508134 -76.48445507126074,3.496164367353972 -76.48445015046536,3.4961568069189335 -76.48444515857173,3.496149246481123 -76.48444023777378,3.4961417574885374 -76.48443524678568,3.4961340559743643 -76.48443053658296,3.496126566085529 -76.48442554559503,3.496118864571305 -76.48442069499846,3.496111304138821 -76.48441584440468,3.4961036731681414 -76.48441099381097,3.4960960421974354 -76.4844062134184,3.496088340691249 -76.48440136282214,3.496080780258663 -76.48439658242971,3.4960730787524255 -76.48439180203194,3.496065519226841 -76.4843871620418,3.4960576757453072 -76.48438224125022,3.4960500447717346 -76.48437760215477,3.4960423432708647 -76.48437289196107,3.49603464176722 -76.48436818176746,3.4960269402635515 -76.48436354177227,3.496019238762576 -76.48435876138316,3.4960114667179703 -76.48435419248372,3.4960038357578713 -76.48434955249418,3.4959959931804834 -76.48434505379865,3.4959882211467157 -76.48434034360818,3.495980449104731 -76.48433577471447,3.495972677068199 -76.48433113472524,3.4959648335863807 -76.48432663603002,3.4959570615525224 -76.4843221364403,3.4959491484422642 -76.4843176377452,3.4959413764083616 -76.48431313815023,3.4959336043744007 -76.48430863945802,3.495925760897947 -76.48430414076587,3.495917918325805 -76.48429788364578,3.495906684427212 -76.48429275225257,3.495899265059506 -76.48428761995945,3.4958918456917365 -76.4842825587674,3.4958843566928612 -76.48427742647988,3.4958767962486923 -76.48427243548366,3.495869376886322 -76.48426730408809,3.495862028960981 -76.48426231219747,3.495854468522177 -76.48425732120415,3.4958469795258886 -76.48425218891433,3.495839489619751 -76.48424719792119,3.4958319997190714 -76.48424220693086,3.4958244392801943 -76.48423714483955,3.4958169502810357 -76.48423215384939,3.495809389842104 -76.48422723305221,3.4958019704822147 -76.48422231226323,3.4957943395077864 -76.48421725017496,3.4957867799703464 -76.48421232938344,3.4957792195340356 -76.48420740859197,3.4957716590976986 -76.48420248779789,3.4957641691995067 -76.48419756700932,3.495756538224946 -76.48419271641639,3.495748978695596 -76.48418772452968,3.495741347718217 -76.48418287393966,3.495733716746309 -76.48417795314869,3.495726156309814 -76.48417303236049,3.495718525335122 -76.48416832216463,3.495710964906771 -76.48416347157493,3.4957033339347596 -76.48415855078697,3.495695702959991 -76.48415384059402,3.495688072897729 -76.48414891980352,3.4956805124610795 -76.48414420961892,3.495672669879919 -76.48413928882857,3.495665109443218 -76.48413457953595,3.4956574784765584 -76.48412979915054,3.4956497064307603 -76.48412501875977,3.495642075461282 -76.48412030856738,3.495634444494513 -76.4841155983778,3.4956267429895482 -76.48411081798999,3.4956190414818242 -76.48410610870326,3.4956112694386743 -76.4841014687095,3.495603638474546 -76.48409668832191,3.495595936966747 -76.48409204833375,3.4955881649262284 -76.48408733904462,3.495580463421154 -76.48408269905387,3.495572761918759 -76.48407805906598,3.495564988973833 -76.4840734901764,3.4955572169359925 -76.48406877998758,3.4955495154307887 -76.48406406980156,3.495541743387387 -76.48405950091222,3.495533971349478 -76.48405493112297,3.495526199311511 -76.48405036223377,3.495518427273555 -76.4840457222464,3.4955106543284664 -76.48404115336281,3.4955027412141217 -76.48403665376671,3.4954951102551473 -76.48403208488054,3.49548726767893 -76.48402744489616,3.49547942509991 -76.48402294620848,3.4954715816220543 -76.48401844661814,3.4954638095866466 -76.48401394792783,3.4954560375512522 -76.48400944834309,3.4954481244394584 -76.48400494965571,3.4954402809615117 -76.48400045096835,3.49543243838788 -76.48399609267769,3.495424595819715 -76.4839916632888,3.495416753248749 -76.48398716460719,3.4954087686943724 -76.4839827361157,3.4954009966615693 -76.48397837782804,3.495393083555148 -76.48397394844223,3.4953851695415894 -76.48396951995369,3.495377326970551 -76.4839650914707,3.495369343323147 -76.48396080337893,3.4953614998532245 -76.48395651529268,3.4953535162112734 -76.48395208680442,3.4953456736401503 -76.48394772762009,3.49533768909104 -76.48394336933028,3.4953298465226235 -76.48393908124433,3.4953218619762536 -76.48393479315297,3.4953140194105443 -76.48393050506714,3.4953060357684707 -76.48392614678039,3.495298121757464 -76.48392192889298,3.4952901381180994 -76.48391764080742,3.4952821535716296 -76.48391335272187,3.495274169929475 -76.48390913483199,3.4952662559238887 -76.48390491784212,3.4952583428226522 -76.48390069995786,3.495250287740682 -76.48389648207362,3.4952422335630273 -76.48389226418675,3.49523424901919 -76.48388797610164,3.4952262653769153 -76.48388389861422,3.4952182103003726 -76.4838797518258,3.4952102266635996 -76.4838756041375,3.495202242122438 -76.48387145645196,3.49519418794742 -76.48386730876655,3.4951861328680485 -76.4838631619784,3.4951781492312 -76.48385915468693,3.495170164695472 -76.48385486660517,3.4951621096105336 -76.483850860222,3.4951539143646224 -76.48384678273523,3.495145859287911 -76.48384277544403,3.4951378747521105 -76.48383862866453,3.4951296795006335 -76.48383462137622,3.4951216244266243 -76.4838305447869,3.4951136407923826 -76.48382653749871,3.4951055857183375 -76.48382253111608,3.4950973895679653 -76.48381852382802,3.4950893353982186 -76.48381451744275,3.495081209785983 -76.48381065055415,3.4950730841792117 -76.48380657397075,3.495064958564182 -76.48380263688122,3.495056904397124 -76.48379863050174,3.4950486377084724 -76.48379476450788,3.4950406531780116 -76.48379082742409,3.495032457030222 -76.48378689123754,3.4950243323249595 -76.48378302524938,3.4950162067181028 -76.48377915926676,3.4950079400348866 -76.48377529237322,3.4949999564086416 -76.48377142639075,3.4949916897253908 -76.48376756040558,3.4949834935802957 -76.48376362422223,3.4949752974324224 -76.48375975733447,3.4949671718254307 -76.48375603174605,3.49495897568581 -76.48375223595664,3.4949508509859193 -76.48374844017283,3.4949425843053317 -76.48374464438632,3.4949343881629003 -76.48374091879815,3.494926192023217 -76.48373705281352,3.49491799587799 -76.48373332722824,3.4949097292001023 -76.48372967183847,3.4949015339674707 -76.48372587605505,3.494893267286788 -76.48372215046719,3.4948850711470256 -76.48371842488217,3.494876804469075 -76.48371469929444,3.494868608329282 -76.48371104390505,3.4948604121922386 -76.48370738852121,3.494852074978834 -76.48370366293642,3.494843808300823 -76.4837000786482,3.494835541628363 -76.4836964232618,3.4948272749530878 -76.48369276787271,3.4948190788159685 -76.48368918268746,3.494810741605258 -76.48368552730123,3.4948024749299367 -76.48368194301334,3.4947942082574044 -76.48367835782825,3.4947858710466484 -76.48367477264324,3.494777533835879 -76.48367118745274,3.494769338605775 -76.48366767336887,3.494760929955273 -76.48366415837954,3.4947526632854005 -76.48366057319478,3.494744326074574 -76.48365705910554,3.494736059404709 -76.48365354412465,3.4947275811202787 -76.48365010023379,3.494719314453156 -76.48364658524753,3.494710977245042 -76.48364321155778,3.49470264004249 -76.48363969657163,3.4946943028343482 -76.48363618248827,3.4946858950880553 -76.48363280790149,3.4946774873472553 -76.48362929381273,3.494669220677281 -76.48362591922331,3.4946608834746273 -76.48362254553669,3.494652475733823 -76.48361917185015,3.494644067088671 -76.48361579726091,3.494635729885978 -76.48361242357446,3.494627322145136 -76.48360904988806,3.49461891440428 -76.48360567529899,3.4946105772015486 -76.48360230161272,3.494602169460666 -76.48359906832297,3.494593761725319 -76.4835957648351,3.49458535308285 -76.48359246134723,3.4945769453447038 -76.48358922716045,3.494568467071111 -76.48358585347448,3.494560059330166 -76.48358262018502,3.494551651594758 -76.48357938689566,3.494543242955001 -76.48357608340808,3.4945348352167938 -76.48357285012156,3.4945263569431755 -76.48356968703332,3.4945178786723217 -76.48356645374416,3.494509470936853 -76.48356329065608,3.4945009917616408 -76.48356005737254,3.494492442949802 -76.48355689428176,3.4944840352170745 -76.48355373119105,3.494475627484334 -76.4835505681032,3.4944671483090746 -76.48354747521358,3.494458670040917 -76.48354431212856,3.4944501212317967 -76.48354121923633,3.494441712597454 -76.48353812634964,3.4944331637910895 -76.48353503346301,3.4944246149847134 -76.48353194147093,3.494416206350372 -76.48352891877987,3.494407728084925 -76.48352582589341,3.4943991792785156 -76.48352280320245,3.4943907010130477 -76.4835197112161,3.4943821513023168 -76.48351675872348,3.494373673039608 -76.48351373603549,3.494365123331599 -76.4835107142475,3.4943565745279503 -76.48350776175226,3.4943481668033827 -76.48350480926541,3.49433954655995 -76.48350171728212,3.4943309272153154 -76.48349883498804,3.4943224489553244 -76.48349595359954,3.4943138287146773 -76.48349300110733,3.494305350451885 -76.48349011971615,3.4942968016537264 -76.48348716722684,3.494288251948405 -76.48348428583576,3.494279703150226 -76.48348140354754,3.4942710829094934 -76.48347852215932,3.4942624635731216 -76.48347571006389,3.494253984411499 -76.48347289887121,3.494245435616064 -76.48347001748314,3.4942368162796646 -76.4834672053934,3.4942281960416652 -76.48346439420088,3.494219647246203 -76.48346165320942,3.4942110270110054 -76.4834587709188,3.494202478212703 -76.48345602993022,3.494193787439314 -76.48345321873789,3.4941852386438126 -76.48345054794761,3.4941765478731894 -76.4834477358554,3.494167999077634 -76.48344506506245,3.4941593788451666 -76.48344239427229,3.494150688978853 -76.48343965327844,3.4941421392817547 -76.48343691229016,3.494133449412638 -76.48343424149739,3.4941248291801354 -76.48343157070741,3.494116139313786 -76.48342897011017,3.494107589622226 -76.48342622912209,3.4940988997530726 -76.48342376892411,3.494090279528895 -76.48342102793613,3.4940815896597246 -76.48341842734183,3.4940729694299573 -76.48341582675037,3.494064278662007 -76.48341329635436,3.494055659339346 -76.48341069576298,3.4940469685713813 -76.48340809516608,3.4940384197840895 -76.48340556477854,3.494029587942548 -76.48340303528268,3.494020968619891 -76.48340050488969,3.4940122778546803 -76.48339804469494,3.49400358709225 -76.483395514302,3.4939948972313597 -76.48339305500733,3.4939862064689495 -76.48339052461448,3.4939775166080436 -76.48338799422172,3.493968825842794 -76.48338560422538,3.493960135083115 -76.48338328532444,3.4939515157687624 -76.48338075493736,3.4939426839271435 -76.48337843603927,3.4939339940746033 -76.48337590564397,3.493925373847489 -76.4833735156534,3.4939165420114264 -76.48337112655449,3.4939079226942487 -76.4833688067622,3.493899090860962 -76.48336641766339,3.493890470639435 -76.48336409787116,3.4938816397104686 -76.4833617789734,3.493872948953545 -76.48335938898032,3.4938641876556127 -76.48335714028359,3.493855427267628 -76.48335482138596,3.4938467365106822 -76.48335257178935,3.493837975218312 -76.48335025289457,3.4938292148275156 -76.48334800419804,3.4938204535351676 -76.48334575460156,3.4938116922427773 -76.48334350590788,3.4938028604122437 -76.48334132740403,3.493794241103352 -76.48333907781047,3.4937854092727685 -76.4833368993123,3.4937766479831818 -76.48333465061599,3.4937678875951295 -76.48333254231606,3.4937591263083236 -76.48333036382081,3.4937502944805425 -76.48332818532559,3.493741462652757 -76.48332607702298,3.4937327728084404 -76.48332389762787,3.493723940980607 -76.48332178932816,3.493715179693769 -76.48331968102848,3.493706418406925 -76.48331771312515,3.4936976580300008 -76.48331553463015,3.493688826202177 -76.48331356672972,3.493679994382732 -76.48331138823481,3.493671162554896 -76.4833092799381,3.4936623307298498 -76.48330731203495,3.4936535703528957 -76.48330534503464,3.4936447385334644 -76.48330330693344,3.493635977249369 -76.4833013390332,3.493627145429891 -76.48329930093482,3.4936183145119464 -76.48329733303467,3.4936094826924555 -76.48329536513455,3.49360065087296 -76.48329346833262,3.493591819056291 -76.48329150043257,3.493582987236785 -76.48328960273068,3.493574156324405 -76.48328770592884,3.4935653245077214 -76.48328580822985,3.493556422152821 -76.48328398072348,3.4935476608770624 -76.48328208392174,3.4935388290603617 -76.48328018622284,3.4935299267054476 -76.48327828852118,3.4935210957930374 -76.4832764619177,3.4935122639791185 -76.4832745642189,3.493503361624189 -76.48327280781365,3.4934945298130584 -76.48327105050568,3.4934857685400615 -76.4832692239079,3.4934767956497756 -76.48326746660554,3.493467893300422 -76.48326571020039,3.4934590623936086 -76.4832639528981,3.4934501600442442 -76.48326219649306,3.4934413282330867 -76.48326044008802,3.493432496421923 -76.48325875298397,3.4934235940753444 -76.48325706678274,3.4934146211906234 -76.4832553103778,3.493405789379446 -76.48325369346918,3.493396958478163 -76.48325200726524,3.4933880561316024 -76.4832503210641,3.4933790832468627 -76.4832487050556,3.4933702514412666 -76.48324708814712,3.493361419635631 -76.48324547214145,3.493352517291852 -76.4832438561386,3.493343544409895 -76.4832422401302,3.4933347126042817 -76.48324069432276,3.4933258102632907 -76.48323907831715,3.4933169088238314 -76.48323753251256,3.493307935944658 -76.48323598670241,3.493299104141828 -76.48323451109601,3.4932901312654474 -76.4832329652887,3.4932812289244364 -76.48323141948144,3.493272326583422 -76.48323001407047,3.493263424248003 -76.48322846826325,3.4932545219069806 -76.48322699265698,3.493245549030581 -76.48322551704794,3.4932366466923503 -76.48322404143896,3.4932277443541175 -76.48322263603089,3.493218771480507 -76.48322123061726,3.493209940587578 -76.48321982611205,3.493200896271486 -76.48321835050312,3.493191994837573 -76.48321701529333,3.493183021062415 -76.48321560988259,3.493174119631297 -76.4832142755728,3.4931651467605023 -76.48321301055839,3.4931562444306454 -76.48321160515334,3.4931472010188322 -76.48321027083803,3.493138369224378 -76.48320893562837,3.4931293963535333 -76.48320767061406,3.493120494023663 -76.4832063363044,3.493111521152849 -76.48320507129294,3.4931025482847984 -76.48320380718145,3.493093575416779 -76.48320254216723,3.493084673086897 -76.48320134825393,3.4930757002216746 -76.48320015344068,3.4930667273564135 -76.4831988893265,3.4930578250265563 -76.48319769451608,3.4930487816231146 -76.48319650060286,3.4930398087578802 -76.48319523558878,3.49303090642798 -76.48319418207463,3.49302186303017 -76.48319298815869,3.4930129607031004 -76.48319186444367,3.493003987840657 -76.4831907398287,3.492995014978176 -76.48318961611093,3.492986112653902 -76.48318849239877,3.492977069253276 -76.48318743888196,3.492968096393625 -76.48318624406895,3.4929591235283275 -76.48318526075307,3.4929500801332996 -76.4831842072363,3.4929411072736403 -76.48318315372236,3.4929320638758035 -76.48318217040097,3.492923161557118 -76.48318111688427,3.492914188697451 -76.48318013356568,3.492905215840584 -76.48317914934994,3.492896172445505 -76.48317816603141,3.492887199588634 -76.48317718271568,3.492878156193585 -76.48317619939438,3.492869253874884 -76.4831752862768,3.492860210482635 -76.4831743740564,3.4928512376285945 -76.48317339073795,3.492842264771711 -76.48317254781853,3.492833221382258 -76.48317163469542,3.4928243190663486 -76.48317072157792,3.4928152756740865 -76.48316987865853,3.492806232284628 -76.48316903573637,3.4927972594333405 -76.48316819371698,3.4927882160439125 -76.48316742099296,3.4927792431954257 -76.48316650787274,3.492770270341328 -76.48316580534963,3.4927612269574664 -76.48316419060075,3.4927433517958835 -76.48316369957195,3.492734308420466 -76.48316327874124,3.492725265047853 -76.48316292810865,3.4927162216780423 -76.48316243707987,3.49270717830262 -76.4831620162492,3.492698134930001 -76.48316152522044,3.492689091554575 -76.48316117458506,3.492680118722932 -76.48316075375442,3.4926710753503074 -76.48316033292376,3.492662031977681 -76.48315991209316,3.4926529877007164 -76.48315949126253,3.4926439443280866 -76.4831590704319,3.492634900955454 -76.48315857850321,3.4926258575799785 -76.483158157667,3.4926169552836934 -76.48315766663832,3.4926079119082507 -76.48315732493802,3.492600575020018 -76.48415660150735,3.4924711045209884 -76.48415660398582,3.492406761947801 -76.48415832815132,3.49236489127674 -76.4841675664537,3.4923634302296622 -76.48415042945264,3.492191391471931 -76.48414979846507,3.492170756317657 -76.4841464295999,3.4920606668921446 -76.48414594602237,3.492044859991332 -76.4841495518862,3.4918666779830625 -76.48413031638779,3.491571853878438 -76.4841209918616,3.4914289241762155 -76.48411810554902,3.491384690295937 -76.4841009437669,3.491179116055274 -76.48409296738168,3.4910835708777124 -76.48408306389668,3.4908547274581947 -76.48407410184839,3.490647649624115 -76.48406870534342,3.4904912264798105 -76.48403006223538,3.4902361706726346 -76.48398418046425,3.489963026962887 -76.48395079098259,3.48983603794317 -76.48392568903769,3.4897405698651025 -76.48387622843057,3.489552459784537 -76.48375240136443,3.4891088665337713 -76.48371970903666,3.4889917528769256 -76.4836868015082,3.4888775991008765 -76.4836046658987,3.488592683105982 -76.48346240152681,3.488099184223545 -76.48339759701469,3.487900222381754 -76.48338290049487,3.4878542345210954 -76.4833409472119,3.4877229513500505 -76.48332294207971,3.4876623547183834 -76.4832815570099,3.4875230718134627 -76.48325190248707,3.4873756901430384 -76.48318770614661,3.4871159632810285 -76.48318260772963,3.487095336989369 -76.48309356028223,3.486774287029585 -76.48305138894534,3.486651780412723 -76.48304301299065,3.4866274471170056 -76.48301947699201,3.4865590747788593 -76.48300176403414,3.486507497091599 -76.48287940671042,3.486036308864558 -76.48284460341844,3.485915356181923 -76.48279892101779,3.4857565945924 -76.48277869162064,3.485686290719432 -76.48275718431573,3.4856148590878084 -76.48270222242414,3.485432148500373 -76.48269498910125,3.485348990921904 -76.48264706591286,3.4851881763910915 -76.48260955667308,3.4850623040025064 -76.48260685353176,3.4850532343101754 -76.48253800154647,3.4848044207296405 -76.48249447281356,3.4846471169991724 -76.4824352217485,3.4844428468556066 -76.48242376854914,3.4844033612833423 -76.4824162961812,3.484379430447389 -76.48232016866424,3.4840715707544385 -76.48224756396984,3.4838447712410083 -76.48220947000891,3.4837151213997246 -76.48212105287062,3.483423745326279 -76.48208268378181,3.483288474116775 -76.48207558046245,3.4832634318642275 -76.48206872550112,3.4832392044283167 -76.48205758821427,3.4831998436621925 -76.48205659127757,3.483194276530402 -76.48202203321404,3.4830012383149835 -76.48199997713773,3.482927543992626 -76.4819975043667,3.4829192800708837 -76.48195962730226,3.482813332866836 -76.48195834769615,3.482809754357613 -76.48194963791634,3.4827853902896795 -76.48191048603657,3.4826910655542114 -76.48190877358299,3.4826866080127306 -76.48188960994129,3.4826367322018457 -76.48185540958954,3.4825668039337554 -76.48183618702335,3.482527498900006 -76.48182503192469,3.4825060041873206 -76.4818157378093,3.4824880952426174 -76.48181572521078,3.482488070825032 -76.48177179684183,3.482403427704989 -76.48171169434438,3.482295678134774 -76.48171100141694,3.482294553112403 -76.48165032437551,3.482196052156272 -76.48156863723199,3.482085897053003 -76.48150241359535,3.4820125535735493 -76.4813717943283,3.4818623334370877 -76.48126753806922,3.4817485726827946 -76.48112102899664,3.4816006832239164 -76.48108107765411,3.481559771203155 -76.48099427434356,3.481470881290373 -76.48094884143696,3.4814273166161622 -76.48083827349954,3.481321294853544 -76.48065731557382,3.4811553840698934 -76.4804879573617,3.480989263036358 -76.48048663086887,3.4809879688752536 -76.48031796742504,3.480823354464218 -76.48020889834864,3.4807107608838805 -76.48015184493146,3.48065186356306 -76.48010936037832,3.4806084572339935 -76.47998178525246,3.4804781125273734 -76.47981432754031,3.4803018176773093 -76.47974395468756,3.480222518842918 -76.4797348168996,3.4802122225828787 -76.47966198792341,3.4801152095062444 -76.47964504902214,3.4800894071642507 -76.47959190067196,3.480008446899419 -76.47952329276687,3.479885717399276 -76.47949480040259,3.4798123736173427 -76.47947191148883,3.479753452426773 -76.4794605023037,3.479720019537849 -76.47943478552294,3.4796446564935644 -76.4794255224796,3.4796175133535523 -76.47941981806963,3.4795862465980805 -76.47940029711376,3.47947924563629 -76.47937886878103,3.4793390708402843 -76.47936215202607,3.479192749479639 -76.47934670341768,3.479023537626111 -76.47934278948249,3.4789820646145158 -76.47933236101967,3.478871550704405 -76.47933076252278,3.478854607902958 -76.47932463143962,3.478825606488965 -76.47929920373478,3.4787053178584064 -76.479296493606,3.478692499683657 -76.4792952753078,3.478686736298052 -76.47929719156409,3.4786812931849735 -76.47930547403915,3.478657769965595 -76.47930458541289,3.4785626419384315 -76.47930380697242,3.4784792341080406 -76.4792843385703,3.4781993223274417 -76.47928359116972,3.4781885715504184 -76.47927777084995,3.4780499004403187 -76.47927468627908,3.477976404028335 -76.47926954908763,3.4778364605470937 -76.47926634542245,3.4777491883819014 -76.47926073929338,3.477589939118098 -76.47925193194331,3.4774941315846277 -76.47924956256763,3.47746835700499 -76.47924465830232,3.4774150045927357 -76.4792160593659,3.4772698122173127 -76.47918450662212,3.4771279404318665 -76.4791625242074,3.4770654308666975 -76.47915923795864,3.4770560844110956 -76.47912124813503,3.476948054395371 -76.47905580804819,3.4767914838445892 -76.47900976688013,3.4766908002929524 -76.47896583234832,3.476614773548956 -76.47887736187707,3.476509530260065 -76.47879348368122,3.4764097493553616 -76.47877011564208,3.4763819517461605 -76.47863299773601,3.4762188378201038 -76.478596617871,3.476175561013955 -76.47857005526429,3.4761414726970563 -76.47838304977945,3.475901479819348 -76.47832479815776,3.4758394054008166 -76.47822775473446,3.4757359956588765 -76.47815862775398,3.4756598194315402 -76.47798486679069,3.475468339264253 -76.47778858825083,3.4752518404941264 -76.47764777824882,3.475086428339276 -76.47762192465942,3.4750570859825327 -76.47739818215332,3.4748031481811847 -76.47734197274725,3.474739352844523 -76.47710569370355,3.4744716259888713 -76.47701760893443,3.474363872106716 -76.47693472655358,3.4742624072091663 -76.47683827820049,3.474122364514622 -76.47678316621266,3.474032701572469 -76.47673684166696,3.4739572398225094 -76.47661841635305,3.473740586172541 -76.47660595389637,3.473717786378833 -76.47659433309327,3.4736908203489185 -76.47656403478113,3.473620517670762 -76.47647697147691,3.4734184921966205 -76.47644675319546,3.47329181050664 -76.47644632759854,3.4732900271363385 -76.47644204913436,3.4732721129463675 -76.47641484872418,3.4731582042365265 -76.47636251754261,3.4727428999952648 -76.47636181493569,3.472737327444534 -76.47636252220444,3.4727007091089677 -76.47636481451187,3.472582040452506 -76.47636577618154,3.472532226963765 -76.47636888430924,3.4725004288510517 -76.47638070005436,3.4723795504441295 -76.47640343024834,3.472127692154521 -76.47640794495132,3.472077660886917 -76.47641339494795,3.472041840397451 -76.47643693507571,3.471887116862635 -76.4764429491809,3.471835380991656 -76.47644362081597,3.4718296032210234 -76.4764681886079,3.4716182692091313 -76.47647289995437,3.471577738902895 -76.47653546843995,3.4710338714968665 -76.47659346781417,3.470489296675525 -76.47663008778343,3.4699843370914136 -76.47663621407114,3.4698998570261628 -76.47662225067148,3.469815764888376 -76.47657958584276,3.469558815733041 -76.47657635744969,3.4695449683902395 -76.47655084343045,3.4694355253661513 -76.47649109588666,3.469311101319835 -76.47648977847093,3.469308598960626 -76.4763670284703,3.469075463540686 -76.47627339609748,3.4689090685628523 -76.47625989881702,3.4688851545726065 -76.4760879599549,3.468580517287736 -76.47603521302193,3.468499536033157 -76.475934025145,3.4683441826062222 -76.47593042649451,3.468338657847394 -76.47588008852799,3.4682817980513927 -76.47587024987115,3.468270684200211 -76.47581535421008,3.468144564710174 -76.4758020699072,3.4681086013509277 -76.47556637281144,3.4677009145687885 -76.47540919186366,3.4674515671553756 -76.475384095749,3.4674150371099084 -76.47535527591485,3.4673537081840236 -76.47529264594351,3.467232816258082 -76.47524351753482,3.467082958191125 -76.47523410468929,3.467012729719224 -76.47522827419529,3.466968854674315 -76.47523589084564,3.4667721619635223 -76.47523591342247,3.466581473677793 -76.47526139182278,3.4663566633043574 -76.4753190144105,3.46602291273077 -76.47533301748075,3.4659314208245195 -76.47535637750245,3.4657793822619722 -76.47538845619661,3.4656280504022887 -76.47540941979994,3.4655294941543633 -76.4754169476968,3.4654953702995237 -76.4754296820407,3.4654182201947554 -76.47546232426598,3.465262932792304 -76.4755126137635,3.465103902279835 -76.4755814679664,3.4649137164644412 -76.47561170968086,3.4648411612175676 -76.47572921626252,3.4646641231351163 -76.47590930269556,3.4644452660759613 -76.4762102628121,3.4641128870348163 -76.47650566530885,3.4638049527412664 -76.47678777575102,3.4635282444588733 -76.47704576818907,3.4632744237229316 -76.4773176138002,3.462991496586892 -76.47742737661281,3.462895706191627 -76.47759972351439,3.4627203696133866 -76.47767728686645,3.4626089616461173 -76.47780478309353,3.462371799860775 -76.47797714450414,3.462069432021291 -76.47806083623662,3.461860595644788 -76.47812519151434,3.4616557139568997 -76.47815798599258,3.4615040971488242 -76.47818336788342,3.46138675072825 -76.47820447575067,3.4612530808478095 -76.47821779486728,3.460991389176897 -76.47819230129782,3.4607463672007497 -76.47814150883545,3.4603923263648624 -76.47806260741629,3.4599198713885717 -76.4780082293468,3.4595729655914873 -76.47793922870932,3.4592130592974004 -76.47787022990089,3.4588335117189604 -76.47779153755181,3.4583804854756695 -76.47775753712452,3.458132564694079 -76.47772901648862,3.4579242106753814 -76.47762332970248,3.4573691261350934 -76.47761910007415,3.457346911828653 -76.47761894082203,3.457346075310437 -76.47761293782729,3.457314545356243 -76.47733160929154,3.4573823613666304 -76.47729576060833,3.4573910024677823 -76.47704622610634,3.457418834622469 -76.47675972376913,3.457446661381749 -76.47640031755971,3.457464651804117 -76.47640035481872,3.4571455450272364 -76.47638243464229,3.4564763317903373 -76.47630152344169,3.4557618951706566 -76.47624754320412,3.4556262376897733 -76.4761907093356,3.45521794440615 -76.47618460078154,3.455174061204512 -76.47618383411223,3.4551723492600828 -76.47594168013443,3.454631428149003 -76.47570776312244,3.4540616671768714 -76.47565289129626,3.453790398067771 -76.4755998333543,3.45352809463005 -76.47559987031649,3.453220619403026 -76.4757439978969,3.452054039691872 -76.47574443637527,3.4520495795261157 -76.47574581663572,3.452035561474836 -76.47581608022898,3.451321533424495 -76.4758160765756,3.4513034448898443 -76.47582508266107,3.4512944046653917 -76.47582508436948,3.4512771209902806 -76.47582508573,3.451267274576806 -76.475829914115,3.4512624230406566 -76.47583408641556,3.4512582316389913 -76.47583408683273,3.4512493112658302 -76.47583408816133,3.451240144913239 -76.47583824336219,3.451235970693135 -76.47584308884653,3.4512311028796656 -76.47584309027785,3.4512197380855487 -76.47584309059214,3.451213016153901 -76.47584585982595,3.45121023454621 -76.47585209127696,3.4512039741202334 -76.47585209292768,3.4511879140120834 -76.47585209434513,3.4511768431272487 -76.47585512892995,3.451176843270491 -76.47586109370695,3.4511768444563566 -76.47586109658975,3.4511536735519748 -76.47586109677479,3.4511497143676895 -76.47586240984333,3.4511483950030053 -76.47587009745887,3.4511406723338274 -76.47587010041485,3.451115930597286 -76.47587010184895,3.451104498882251 -76.47587332557148,3.4511012597017476 -76.47587910253255,3.4510954559439524 -76.47587910535951,3.4510734706244084 -76.47587910692228,3.4510592824923365 -76.47588254843937,3.4510558244726868 -76.47588810670537,3.4510502404582315 -76.47588810969891,3.4510246839146355 -76.47588811241705,3.4510050236436696 -76.47589185452665,3.451001263589833 -76.47589711309953,3.450995980705166 -76.47589711636553,3.4509645839577385 -76.47589712055527,3.4509326771646625 -76.47590152414847,3.450928253359125 -76.47590612123695,3.450923635130385 -76.47590612597733,3.4508799267485935 -76.47590613350279,3.45081511477498 -76.4759102842016,3.450810944171627 -76.4759151341833,3.450806071836244 -76.47591514644796,3.4506975514805567 -76.47591080266197,3.4506931851401452 -76.47590614841276,3.4506885067890534 -76.47590615843635,3.4506087334754714 -76.4759061629003,3.4505709430701605 -76.47590224386455,3.4505670045008 -76.47589716396642,3.4505618983785205 -76.47589716842668,3.4505241938851263 -76.47589717142178,3.450498594837437 -76.47589294732258,3.45049434877931 -76.47589241908521,3.4504938179089906 -76.47589197015724,3.4504908227259734 -76.47589056487692,3.450481849834871 -76.47588915959335,3.4504729474819964 -76.475889122706,3.4504727331525533 -76.47588959697366,3.4504726979058016 -76.4763442549637,3.4504389088146508 -76.47666008480526,3.4504154369849425 -76.47687811471431,3.450399234122146 -76.47718409539253,3.450381183159454 -76.47725515519348,3.450381239766317 -76.47725426382979,3.450370805493045 -76.47725390214593,3.450368813223586 -76.47725430172046,3.450368742703619 -76.47733708834487,3.4503540709145746 -76.47767906641832,3.4503360250507846 -76.47794005029445,3.4503179681882883 -76.47824603093086,3.4502999177863445 -76.47837202318381,3.4502908890854997 -76.47845301736803,3.4502908981149627 -76.47877699241572,3.450309022699066 -76.4788759853099,3.4503090342947353 -76.47891369341639,3.4503110327278392 -76.48079278715694,3.4508789887773808 -76.48155770783953,3.451114203202402 -76.48252293158798,3.4514114227627783 -76.48255660409936,3.4514217914267102 -76.48283999266668,3.4515038061695407 -76.48315054466389,3.4515936823931255 -76.48387947472274,3.451774631538767 -76.48489637894691,3.452018914457604 -76.48507636198435,3.4520641516035564 -76.48538233344424,3.4521365325394098 -76.48549932248444,3.4521636751091442 -76.48639336656694,3.4522995065627495 -76.4866585786801,3.4523087150060925 -76.48657483963805,3.4528366653929567 -76.4863737128516,3.452978506928646 -76.4859905139812,3.4534228631021238 -76.4855711173089,3.4540175781622193 -76.4854811057376,3.45418034904133 -76.48528307597708,3.4545691936433944 -76.48470798852323,3.45567294434427 -76.48467998935504,3.455726680754499 -76.4840318944189,3.4569745966143985 -76.48387323257562,3.457287253884703 -76.4837978585108,3.457435783666625 -76.48366283815037,3.4576980268784347 -76.48356382237485,3.457896970654006 -76.48339279219675,3.4582586875913353 -76.48320049825831,3.4586604983044906 -76.48316775473951,3.45872891818455 -76.48305070403987,3.4592443779600335 -76.48300567475734,3.459533761952455 -76.48296964614697,3.4598141029367437 -76.48296962928973,3.4599678400913985 -76.48295159416462,3.4602934004066874 -76.48296055989371,3.460600876879283 -76.48299652560291,3.4608902686046785 -76.48300731544336,3.4609716610993813 -76.48303249294467,3.4611615745078943 -76.48305871885754,3.4613066102737244 -76.48306623716982,3.461348191045543 -76.48308645725852,3.4614600121124854 -76.48323040262652,3.461876024211445 -76.48332935900638,3.4622196840023864 -76.48361724174683,3.463133098346897 -76.48371620943773,3.4633772811152372 -76.48387814204833,3.463901815048079 -76.4840130923744,3.4642906965801186 -76.48420201277649,3.464914711182557 -76.48438815488765,3.4655015881681113 -76.48439725139104,3.4655302695368024 -76.48574939760528,3.469825440236644 -76.4859213604791,3.4703777689087354 -76.48594504001133,3.470453825344254 -76.48594701428075,3.4704601648124185 -76.48648710660339,3.4721948881970333 -76.48672102058809,3.4729002977074295 -76.48685596445316,3.473361524757714 -76.48775561930404,3.476228374821409 -76.48780722765136,3.4763807653654673 -76.48789956857857,3.47665342947996 -76.48808849754185,3.4772503131119916 -76.48822344781128,3.477666323140144 -76.48824341690047,3.477723674097842 -76.48828642635465,3.4778471979141474 -76.48835839547691,3.4781094641279324 -76.48852933119606,3.4786520850787546 -76.48864628892471,3.479013833365825 -76.48873625598284,3.4792941877792978 -76.48888020254424,3.479746372344859 -76.48901514960367,3.4801985556787245 -76.48914109834784,3.480641695330337 -76.48926705259873,3.481030573906077 -76.48940199045107,3.4815822350233407 -76.48941098621323,3.4816184087559603 -76.48956393279961,3.4820796377619043 -76.48987408173096,3.4828823997466967 -76.48992382230611,3.4830111444293625 -76.4900587896373,3.4832824604262935 -76.4901667648577,3.4834814259502083 -76.49025674849578,3.483608043110367 -76.49033773367518,3.4837256148050946 -76.49042771973434,3.4838341452323123 -76.49054470127398,3.483969808398041 -76.49064368705442,3.4840783390922767 -76.49074267314217,3.48417782641788 -76.49086865799622,3.4842863606590417 -76.49090465286949,3.484322537943124 -76.49093483251484,3.484347182951912 -76.49104863593527,3.484440116991362 -76.4912736111501,3.4846029207661995 -76.49137260207354,3.4846662345930133 -76.49149858997482,3.48473859531733 -76.49166957602694,3.484820003482936 -76.4918135645106,3.4848833213612496 -76.49194855450403,3.4849375955849884 -76.49209254419627,3.484991870966898 -76.49222753539196,3.485037101792562 -76.49236252660067,3.4850823325988594 -76.49250651660698,3.485127564559335 -76.49263250932391,3.48516375079526 -76.4928754944658,3.485227078688406 -76.49398243222899,3.485489449487673 -76.49453139308662,3.4856975028177875 -76.49478337400959,3.485815091520833 -76.49503535662687,3.4859055509863106 -76.49526833473773,3.485992388911237 -76.4953773334607,3.486032191664158 -76.4957463122185,3.4861226622130377 -76.4970361046498,3.4865072678845843 -76.49827906823286,3.4868901343491547 -76.49886507968087,3.4869132801007696 -76.49958909447402,3.48713589341424 -76.49963049193298,3.4871485577539967 -76.50063021897688,3.487476505277911 -76.50242120123951,3.488135016597634 -76.50291090239551,3.488294266825645 -76.50319053404561,3.4884089101806173 -76.50310872894974,3.488477947465172 -76.50304397068489,3.488569796027756 -76.5028987577383,3.488799985651098 -76.50281541322906,3.4889866172818733 -76.50277493063562,3.4891325726948894 -76.50270111120427,3.489280920343177 -76.50262252859547,3.489455587682729 -76.50249870109434,3.4897522834058066 -76.50247062697771,3.4898652796201657 -76.50244205283768,3.489959046027671 -76.50240395491834,3.4900662063667167 -76.5023620459877,3.4902001575772315 -76.50228585817756,3.4903226239571534 -76.50213912777309,3.4905346977680916 -76.50201054074248,3.490656724489308 -76.50186766744581,3.4907811437797087 -76.50175738824065,3.490871860917821 -76.50152304823445,3.491064632531453 -76.50143428410564,3.491137651312822 -76.50137475271066,3.491221395202751 -76.5012318773371,3.4914391300863734 -76.50111995767418,3.4916449030369976 -76.5010199434735,3.491819569785324 -76.50094880967882,3.4919391070126244 -76.50088183029656,3.4920516610409416 -76.50068025668516,3.4923030955744054 -76.50057226801977,3.4924177413402564 -76.50048416158377,3.4925325909954648 -76.50041748477555,3.4926742383794425 -76.50034318922293,3.492793873157937 -76.50025651219411,3.492894366491878 -76.50020221885924,3.493000602149971 -76.5001288753662,3.4931231081968943 -76.50006124734688,3.4932159440127295 -76.49998123777402,3.4932934664347255 -76.49995551972043,3.493349934398678 -76.49994694598412,3.493416931015922 -76.49991270419787,3.4935168792510924 -76.49989836651388,3.4935652789811282 -76.49985699708888,3.493615639617242 -76.49979930614664,3.4936858699532958 -76.49972310613494,3.4937624356494457 -76.49962404513069,3.4939098247817637 -76.49958784872133,3.4940017053812733 -76.49954498495563,3.4941079412540685 -76.49946687902009,3.494252460477357 -76.49937543704631,3.494403678710301 -76.49928875832214,3.4945682956793322 -76.49919541193643,3.494719513849987 -76.49911254412702,3.4948238352119296 -76.49902300777424,3.49495399689996 -76.49890674809235,3.495173919605305 -76.49884793062633,3.4952652407694917 -76.49879078880795,3.495360917249259 -76.49868031967526,3.4954948621552235 -76.49859651578618,3.495598190486494 -76.498546992419,3.4956862128323913 -76.4984669914541,3.4958431240322927 -76.4984060371638,3.4959809008383136 -76.49833365231189,3.4961531217039745 -76.4982784121752,3.496281329860987 -76.49818697758245,3.496522440739351 -76.49808792479789,3.4967558953187186 -76.4979698284834,3.496985521373378 -76.49782897591186,3.4972236602739324 -76.49767870786746,3.4974538932192223 -76.49748690426472,3.497777665067214 -76.49734880575211,3.498001221546309 -76.49725673779035,3.4982170705960374 -76.4972260460452,3.4983866671179404 -76.49724812718843,3.4985280343124234 -76.49724832245343,3.4985292859177455 -76.49723349604515,3.4987160037156633 -76.49722694206743,3.4988741917403825 -76.49724436354813,3.499034501934474 -76.49727014850318,3.499233811807853 -76.49731322290253,3.4995111228615983 -76.49731525978827,3.4995384654981527 -76.49731666309188,3.4995655956000635 -76.49731743370803,3.4995927256862136 -76.49731750143805,3.4996198557548563 -76.49731686628188,3.499646985805992 -76.49731376720872,3.499701104786353 -76.49731123309125,3.4997281642519966 -76.49730419660301,3.499781928634667 -76.49729969423036,3.4998087049941873 -76.49729455917499,3.499835269723387 -76.49728929548789,3.499859156711743 -76.49728872123471,3.4998617638968543 -76.49727528589771,3.499914327162051 -76.49726754990708,3.49994025517395 -76.49725925052688,3.499966183171712 -76.49722049691854,3.5000896782676216 -76.49718500470472,3.5001822379325738 -76.4971407433823,3.500297668022157 -76.49711043304049,3.5003626645705035 -76.49711042673981,3.5003626971264246 -76.49711046453928,3.5003626898926896 -76.49710574089863,3.500383990493583 -76.49710185163231,3.500401663825517 -76.4971017652317,3.500401753352565 -76.49705208510565,3.5004804654692703 -76.49696188581423,3.5005637362198354 -76.49683268622523,3.500627408115674 -76.49655967438302,3.5006322800285323 -76.49636953521372,3.500691046984298 -76.49633052758948,3.5007473797465254 -76.49630126520522,3.500864948032342 -76.49630856766159,3.5009702725642673 -76.4963646184034,3.501119691047962 -76.4964401728158,3.5012299215562774 -76.4965986053051,3.501362204602382 -76.49668391261184,3.5014479423176392 -76.49673753506023,3.501499384100914 -76.49680847726586,3.5016041287620387 -76.4968146319252,3.5016173249825737 -76.49682568943473,3.50164100348078 -76.49683433130204,3.5017038134198257 -76.49684072653548,3.5017417540748106 -76.49684276251904,3.5017688136539924 -76.49684078838959,3.5018230031968525 -76.4968413483882,3.5018504868718434 -76.49683093693258,3.501903544876416 -76.49680626805171,3.501951418866897 -76.49680618254898,3.501951585262457 -76.49680613214888,3.501951624147601 -76.49675499223598,3.501990933405287 -76.49670359280714,3.5020071784805102 -76.49667680377534,3.5020107788594403 -76.49667674257643,3.5020107770492026 -76.49667678127507,3.502010804180259 -76.49651620415024,3.502013872085356 -76.4962940821427,3.5019601171558903 -76.49611172654619,3.501884320942314 -76.49599106735825,3.5018526199101174 -76.49587040666495,3.5018443411521 -76.49579597002851,3.501837733913667 -76.49566596345275,3.5018464301631336 -76.4955012837018,3.501903021785863 -76.4953192667133,3.5019900935388963 -76.4951632509123,3.502085876523447 -76.49504623478168,3.5021903729166124 -76.49501548146634,3.502221256941413 -76.49491188115081,3.502334057292813 -76.49486419885307,3.502473395994253 -76.49489452280098,3.502577906359872 -76.49498985602234,3.502625815245159 -76.49530621440078,3.5025213396496797 -76.49546222265633,3.5025082915840113 -76.49562255810709,3.502560561047849 -76.49564420645154,3.5027608701295763 -76.49560519506785,3.50285231006611 -76.49526715343544,3.503117899775535 -76.49515446549196,3.5032790049844937 -76.49501577088174,3.503496715442082 -76.49495318342622,3.503619244852653 -76.49491478226908,3.5037055825139305 -76.49488186902215,3.503766201928105 -76.49479038460092,3.5039277869710066 -76.49471670470665,3.504019223195809 -76.49460835959572,3.5040932391411235 -76.49451735601792,3.504080166244551 -76.4944566935776,3.5040061338395954 -76.4944957100464,3.503866794018155 -76.49452606276027,3.5036795540161685 -76.4945217429581,3.5035445646445105 -76.49446542131373,3.503400861451573 -76.49439608941104,3.5033573094265824 -76.49426603666988,3.503367613386309 -76.49424227247654,3.5034022288694686 -76.4942185751214,3.5034282260368412 -76.49417757864866,3.5034716022336325 -76.49414523326539,3.503499718012499 -76.49410213071067,3.503514903296703 -76.49406757076268,3.503532187784128 -76.49405371521581,3.5036054810671327 -76.49399303418473,3.503714336913988 -76.49395401969421,3.503844967059587 -76.49395833446329,3.5040278563684226 -76.49400164585897,3.5042673572826626 -76.49416194770538,3.5046592763998854 -76.49434778475158,3.5048994821787223 -76.4943629128107,3.5049579849678834 -76.49437725603791,3.505018096547456 -76.49437791655474,3.5050207562165303 -76.49443057815313,3.5051600696636362 -76.49442189636311,3.5053081208877024 -76.49438288072211,3.5054474607012533 -76.49425286388136,3.505547600434836 -76.49407518687474,3.505565001149114 -76.49391051375068,3.5055519206713384 -76.49381726641883,3.5055372126032966 -76.49372850736052,3.5055214212612693 -76.49357589303418,3.5054822736027575 -76.49357579133535,3.505482280834497 -76.4935753836402,3.505482303431085 -76.49316839498114,3.5055355162257773 -76.49287262492251,3.5055910056507473 -76.49258010339821,3.5056595591084565 -76.4918258324796,3.5058645589539994 -76.49175128943574,3.5058848182884637 -76.49137675389804,3.5055956083175857 -76.49137679980169,3.5055954708600403</coordinates>
                        </LinearRing>
                    </outerBoundaryIs>
                </Polygon>
            </Placemark>
            <Placemark id="nur_upu_unidades_planificacion_urbana.2">
                <ExtendedData>
                    <SchemaData schemaUrl="#nur_upu_unidades_planificacion_urbana_1">
                        <SimpleData name="upu">1</SimpleData>
                        <SimpleData name="nombre_upu">MENGA</SimpleData>
                        <SimpleData name="area_ha">677.367193142</SimpleData>
                        <SimpleData name="estado">Formulada</SimpleData>
                        <SimpleData name="url1">http://idesc.cali.gov.co/download/upu/ficha_reglamentaria_upu_1_formulada.pdf</SimpleData>
                    </SchemaData>
                </ExtendedData>
                <Polygon>
                    <outerBoundaryIs>
                        <LinearRing>
                            <tessellate>1</tessellate>
                            <coordinates>-76.50088183029656,3.4920516610409416 -76.50094880967882,3.4919391070126244 -76.5010199434735,3.491819569785324 -76.50111995767418,3.4916449030369976 -76.5012318773371,3.4914391300863734 -76.50137475271066,3.491221395202751 -76.50143428410564,3.491137651312822 -76.50152304823445,3.491064632531453 -76.50175738824065,3.490871860917821 -76.50186766744581,3.4907811437797087 -76.50201054074248,3.490656724489308 -76.50213912777309,3.4905346977680916 -76.50228585817756,3.4903226239571534 -76.5023620459877,3.4902001575772315 -76.50240395491834,3.4900662063667167 -76.50244205283768,3.489959046027671 -76.50247062697771,3.4898652796201657 -76.50249870109434,3.4897522834058066 -76.50262252859547,3.489455587682729 -76.50270111120427,3.489280920343177 -76.50277493063562,3.4891325726948894 -76.50281541322906,3.4889866172818733 -76.5028987577383,3.488799985651098 -76.50304397068489,3.488569796027756 -76.50310872894974,3.488477947465172 -76.50319053404561,3.4884089101806173 -76.50342287632897,3.488248585666386 -76.50362270802842,3.4881352199527598 -76.5037070038126,3.4880361632396455 -76.50376272567206,3.4879270552185333 -76.50382559218866,3.487727502886453 -76.50388417199109,3.4875351290907664 -76.50390131858326,3.4874131001267585 -76.50390132159056,3.4872422593306207 -76.50390561075238,3.4870943887404384 -76.50391553201388,3.4869415561590054 -76.50390898623638,3.4868559479941834 -76.50390900413588,3.4866569932033475 -76.50390644621683,3.4864128405642028 -76.50391978487079,3.486196539037553 -76.50393693342473,3.4859610945956634 -76.50394646189794,3.4857275644962957 -76.50394363490594,3.4855332127198326 -76.50394850302973,3.4853170729146226 -76.5039413625047,3.485121825767523 -76.50392564944838,3.484996924947297 -76.50394516638775,3.484830232676953 -76.50393617019894,3.4847850148188706 -76.50393077034795,3.4847361398901 -76.50393314587748,3.4846556232906782 -76.50392438014224,3.4845557781225773 -76.50391600491676,3.4844603759633626 -76.50392172142777,3.4843627530049845 -76.50394777750462,3.484145572679327 -76.5039731620958,3.4839339775185554 -76.50400554832883,3.4838306115923285 -76.50407412783537,3.483715762139696 -76.5041471190677,3.4836468647794985 -76.50419985530073,3.48359708562601 -76.50430653314724,3.4835300906583555 -76.50448940787248,3.4834458702917326 -76.50463037445147,3.483376961394386 -76.50471027235938,3.483338142319466 -76.50480927096152,3.4833110211436216 -76.50489027127202,3.483274854489023 -76.50510661083497,3.483210435898817 -76.50521138188668,3.4831778968988996 -76.50531234451883,3.4831300438008004 -76.50542473677766,3.483078362822192 -76.50555808288453,3.48303051021922 -76.50566475979215,3.482955858987648 -76.50577715207096,3.4829003490081405 -76.50591049843112,3.4828333551803787 -76.50599050673513,3.4827491320030366 -76.50603447384107,3.4826804085794745 -76.50623799771343,3.4825538028674337 -76.50635244714616,3.4825041221990927 -76.50651055749023,3.4824562707385764 -76.50667438316323,3.482370134273669 -76.5068020142413,3.482328024845606 -76.50708627865723,3.4823074046838807 -76.50726110353288,3.482228493918074 -76.50736587567597,3.4821691555846677 -76.50748969737941,3.4821098175049063 -76.50760018385803,3.4820811063704196 -76.50780627900461,3.4819909487073275 -76.50789627874406,3.4819547828179505 -76.50812037643507,3.481819588492993 -76.50837754408575,3.4816221916030052 -76.50851169461409,3.4814873939194237 -76.50864185640921,3.4813566023738827 -76.50878472786175,3.4812668768658965 -76.5088990248583,3.481148438314187 -76.50900974967851,3.4809715678435795 -76.50919233262793,3.480752122093698 -76.50926433917178,3.4806436080703773 -76.50943051010687,3.4802833542475202 -76.50961529215826,3.4799234903779945 -76.50971439535033,3.4797573939424895 -76.5097504000096,3.479694092645794 -76.50983436275615,3.479555969848111 -76.50998294983158,3.479354982854397 -76.5101644277153,3.479160567106213 -76.51024543365459,3.479052054007177 -76.51029943760382,3.4789797113342127 -76.51037144189192,3.4788892830372604 -76.51043444654087,3.4787988546376205 -76.51053345574489,3.478645124905155 -76.51062346231025,3.478518525147463 -76.51068646989275,3.4784009666490756 -76.51073147424395,3.4783195795907633 -76.51077648057387,3.4782201058093927 -76.51082148481592,3.478147762106808 -76.51084262535662,3.4781052847575364 -76.51085748943254,3.478075418309053 -76.51088380290247,3.478037651698624 -76.510920493981,3.477984989874975 -76.51097449880923,3.477903603800818 -76.51103750531657,3.477795088637586 -76.5110915112044,3.477695614931018 -76.5111545147157,3.4776142298408916 -76.51119254580405,3.4775616919135133 -76.51122651980742,3.477514759019099 -76.51128952419509,3.4774333730152205 -76.51136153024656,3.4773248588220698 -76.51144253589199,3.477216344710459 -76.51149654170433,3.4771168718835312 -76.51158654602504,3.477008358750013 -76.51161790185775,3.47697685559773 -76.51165854897111,3.476936017071214 -76.51173955249729,3.4768546330149364 -76.51181155747001,3.4767551621464174 -76.51188356136235,3.4766737770892076 -76.5119735645332,3.4765833506388457 -76.51198473678414,3.476567636092896 -76.5120185676249,3.476520050236724 -76.51207378893193,3.4764487194202984 -76.51229206581858,3.476080072380006 -76.51237859800969,3.4759593894865706 -76.51244160227257,3.4758689609457587 -76.5124956068498,3.4757875747799307 -76.51252080335817,3.475747795059806 -76.51265400528003,3.4754483949259596 -76.5127568719576,3.4752876048270718 -76.51294546084702,3.4750961882635494 -76.5131976531101,3.474819988842538 -76.51337426032134,3.474674521414777 -76.51352870990885,3.4744873747450016 -76.5135893274252,3.4743764610844416 -76.51380839528497,3.4741237902659226 -76.51401793705313,3.4738596351641124 -76.51409032543778,3.473687358727498 -76.51420843114893,3.4734538291948747 -76.51430748786554,3.4732872963584516 -76.5144847341364,3.4730566294040552 -76.5145567414618,3.4729209848702727 -76.51460174510758,3.4728576843389414 -76.51464674790368,3.4727853404438487 -76.51469402207931,3.4727299284464217 -76.51471005766369,3.4727048974259 -76.51482396247128,3.472559432039464 -76.51494182960683,3.4724385998750185 -76.51501326411413,3.4723601183896107 -76.51505612500577,3.4722797231566234 -76.51513137033317,3.472126589638275 -76.51519327951405,3.472074906277224 -76.51523508481802,3.4719786390254717 -76.51526185795547,3.4719169869626763 -76.51537472411864,3.47175619662028 -76.51552330875388,3.4715638216103217 -76.51570475192017,3.471309714949797 -76.51589048213629,3.47110441981969 -76.51601620689546,3.470893381829404 -76.51609907087108,3.4707627400110206 -76.51621622399584,3.470633532621012 -76.51631184284167,3.4705336663070026 -76.51638766630242,3.470425366056134 -76.5164576725487,3.4702918528802797 -76.51656339535486,3.4701368039887655 -76.5166448679222,3.4699910877339604 -76.51671340794445,3.4698898756124237 -76.51675287855964,3.469783098083523 -76.51682488247118,3.4696836268146103 -76.51688788776431,3.4695751103340924 -76.5169238934971,3.4694756362030517 -76.5169688987586,3.469376162104784 -76.51701390307701,3.469285731366354 -76.51703294712172,3.4692512916015685 -76.51705890735359,3.4692043448921557 -76.51711291215464,3.46909582836192 -76.51719392020107,3.4689420960182162 -76.51724792779767,3.4687974060304128 -76.51728393532552,3.4686798451592624 -76.51731993912139,3.4685984568314763 -76.51735594195023,3.4685351561312174 -76.51739194567419,3.468471855429496 -76.51742931920144,3.4683842416510977 -76.51743664667268,3.468367065617245 -76.51749995882098,3.468218647969996 -76.51753596348085,3.468137260537469 -76.5175989705029,3.467992570555847 -76.5176439756236,3.4678930973264204 -76.51769798399211,3.4677484073094997 -76.51774299004441,3.4676308464454184 -76.51780599790138,3.4674861564483557 -76.51787800525622,3.467341467376628 -76.51790500848388,3.467278165723637 -76.51795901305428,3.467178692502937 -76.51800401809881,3.4670792192545457 -76.51804002362032,3.466979744171085 -76.51808502864698,3.4668802700140606 -76.51814803734803,3.466717494170685 -76.51821104231604,3.466599934231867 -76.51827404724676,3.4664914185556275 -76.51834605167113,3.4663829028961155 -76.51843937051497,3.466272773943149 -76.51855366480102,3.466013163663973 -76.51859814511282,3.4658867375448823 -76.5186834366228,3.4656245850976433 -76.5187863022885,3.465371912831871 -76.51890631101301,3.4651345546146928 -76.51901211925416,3.46497218392426 -76.51903912141029,3.464926968961654 -76.51912012512236,3.4648184541581726 -76.51914364174111,3.4647895751181674 -76.51947280391408,3.4645110146504963 -76.51950013360103,3.4644798593913033 -76.51959828755218,3.4643679659643847 -76.5196425155894,3.4643175465458547 -76.51970244331496,3.4641716617804006 -76.51976197146062,3.464007162151465 -76.51979768874375,3.4638516344198993 -76.51980616188493,3.4636917450509084 -76.51979473264537,3.4635634947762455 -76.5198194956974,3.4634620427288776 -76.51992617028552,3.4632419119688875 -76.52015520263177,3.4629555910709096 -76.5204342071129,3.4626752658737194 -76.52053320851839,3.4625757961181622 -76.5206793176306,3.4624427411038727 -76.52083647085938,3.462338657382954 -76.52097576640939,3.4622381629546384 -76.5210936315311,3.4621986822833164 -76.52120435289666,3.462205860836549 -76.52129119508346,3.4622255961058555 -76.52132462090974,3.4622249440529527 -76.52134402292371,3.4622973307364497 -76.52150385763319,3.4628369281959115 -76.52179834994047,3.4626849903065917 -76.52194901003895,3.46262980930198 -76.52196412112032,3.4626753751709614 -76.52197198219211,3.462697104553043 -76.52202021237268,3.4628304117964 -76.52210808543491,3.4630732946944156 -76.52214333116973,3.4631842983044523 -76.5222019756845,3.4633689926232494 -76.52222302828248,3.4634352931005004 -76.52224304773728,3.4634983433942477 -76.52226353069021,3.4635738337372275 -76.52226571307884,3.4635818778049603 -76.5222677190765,3.463589271655183 -76.52227003915819,3.463597823055336 -76.52230603183418,3.4636792159722667 -76.52242036286344,3.4640403796483135 -76.52243199747089,3.464077133662144 -76.5224589466095,3.4641661365804093 -76.52246601485328,3.4641894801996034 -76.52249497899714,3.4642851363148495 -76.5225399598458,3.464529311548524 -76.52253995896463,3.464538354911656 -76.52254835555091,3.4645678941353397 -76.52258192030227,3.4646859732562616 -76.52264792668448,3.464918184972468 -76.52265285304671,3.46493601123882 -76.52269291371995,3.465080969024033 -76.52269501152261,3.465090006051964 -76.52271975047795,3.465196581124492 -76.52275589101566,3.4653522751956984 -76.52277515818209,3.465412792431341 -76.5228278713404,3.4655783645253746 -76.52286939886417,3.465672970661575 -76.52289563255684,3.465732733660808 -76.5229423960346,3.4658392670718134 -76.5229628430225,3.4658858493821625 -76.52299927949423,3.4659572583948997 -76.5230425493302,3.4660420606085394 -76.52313356000367,3.4662204262270992 -76.52314280974552,3.4662385545269108 -76.52315313942802,3.466256485678349 -76.52323036637141,3.4663905515076423 -76.52324179220267,3.4664103853784742 -76.52325079086204,3.466428472982732 -76.5232597886218,3.466446560586899 -76.52326656171272,3.466467954450778 -76.52332277225948,3.4666455198109594 -76.52334766247394,3.4667372547047934 -76.52335734695288,3.4667729470200443 -76.52336085410057,3.46678587359228 -76.52337675551121,3.466844478152524 -76.52339474765914,3.4669529993550605 -76.52339474592922,3.4669765283760356 -76.52339474419384,3.4669982170726987 -76.5233947398824,3.4670615206112454 -76.52339473557097,3.4671248241497072 -76.52338784741407,3.467149045008499 -76.52337673222833,3.467188126837646 -76.5233636812658,3.467234015611422 -76.52335872888328,3.467251429525159 -76.52335785144858,3.4672576007184035 -76.52334178404202,3.467370565025409 -76.52332800696233,3.4674674240007706 -76.52332271355361,3.4675046419749034 -76.52332094517652,3.4675144133333213 -76.52330578212887,3.4675981793318376 -76.52330462300921,3.4676045829402242 -76.52328670164934,3.467703593342497 -76.5232797577587,3.4677524121464036 -76.52327769780968,3.46776689690607 -76.52326869394311,3.4678211562026395 -76.52326868962334,3.467884460644427 -76.52327294378271,3.4679143977793645 -76.52327768482635,3.467947765060248 -76.52327768310384,3.4679748951476643 -76.52328824694168,3.4680439258158495 -76.52328872212541,3.468047028592134 -76.52329117004173,3.468063027197565 -76.52329567438795,3.4680924606162735 -76.52330567203175,3.468117581239423 -76.52330402422837,3.468120892019207 -76.52327766927216,3.468173849121576 -76.52316065899086,3.4684089696393032 -76.52315662362369,3.468416600439599 -76.52329380204651,3.4688797052113878 -76.52337305993834,3.4691562672745206 -76.52343873292818,3.469384120013461 -76.52345489176543,3.469439936499776 -76.52350815699415,3.4696239099730164 -76.52360070390483,3.4699542537495875 -76.52369676710448,3.4703156704949034 -76.52375633852446,3.470533230975994 -76.52385103648326,3.470857976873131 -76.52392355662718,3.4711034369714686 -76.5239906059111,3.471330024491064 -76.52413165503378,3.471809667597359 -76.52440262911041,3.4718209218991856 -76.52448709642782,3.4722938785144573 -76.52456731262626,3.472599000292665 -76.52476985018038,3.4729161003598406 -76.52490212295277,3.473068422522908 -76.52507411714699,3.473213486275373 -76.52527413325298,3.4733355146058202 -76.5256313055593,3.4734898431382657 -76.52614499781853,3.4736611395822337 -76.52624053675933,3.473716901280983 -76.52627413905356,3.4739618224319835 -76.52630113119373,3.4740613019548015 -76.52634672530837,3.4742812913856063 -76.52640786265148,3.474651508128055 -76.52649905466967,3.475101304443112 -76.52661601494816,3.475634872849382 -76.52665199611276,3.4758971327972015 -76.52665197726947,3.4761865212498533 -76.52626492260457,3.4772626591895297 -76.52617491083949,3.47750682504224 -76.5257878567978,3.478564876036281 -76.52574285032348,3.478682437257647 -76.52557182659584,3.4791436387105334 -76.5255268201147,3.479270243280466 -76.52551547263815,3.4793002971395595 -76.52574589618928,3.479413263744261 -76.5269517790072,3.4797718246447285 -76.52839381484708,3.480216232479338 -76.52876993308291,3.4803117162980395 -76.52905856730582,3.480364689734499 -76.5292366510033,3.480431913731926 -76.5295239826648,3.4805403779981696 -76.52966463233368,3.4805991657199793 -76.53010835684238,3.48067208335191 -76.53047146205861,3.480950724500069 -76.53050858099607,3.4810268176504247 -76.53101628126902,3.481154869728241 -76.53124578772785,3.481566782234329 -76.53094877603336,3.481996657147576 -76.53051254731861,3.481987090380441 -76.53033689307833,3.4820006075266843 -76.53033787944196,3.48200073864513 -76.5303669010711,3.4821302003661394 -76.53039547748915,3.482371864861694 -76.53041734620813,3.4825013926714954 -76.53044072246955,3.4826398498777498 -76.5303986253415,3.4833036962083126 -76.53039784969711,3.4833159318817137 -76.53039833658072,3.483316081996377 -76.53040892022464,3.4833193537728233 -76.53043903229695,3.4833272257007595 -76.53046260259323,3.483342990740841 -76.53051105996389,3.483386353136669 -76.53057917758919,3.483474409410979 -76.53061453945423,3.4835085757488677 -76.53064048296939,3.483524191543545 -76.53065382236618,3.483532220998963 -76.53069833761819,3.4835492889556416 -76.53075594013623,3.4835610890113085 -76.5308122322752,3.4835702610775203 -76.53088422785478,3.4835715354020445 -76.53095490846728,3.483562291404361 -76.5310042896453,3.4835609578650155 -76.53100464963202,3.4835609479133147 -76.53104392153806,3.4835648704847686 -76.5310551603708,3.4835688476286055 -76.53108843588402,3.4835806235184688 -76.53116176387192,3.4836226571315643 -76.53121283561948,3.4836594431303327 -76.53125998634762,3.483708066023981 -76.53132939607494,3.4837658803304334 -76.53143605855522,3.483858343831748 -76.53149309995581,3.4839077913531042 -76.53161096350352,3.4840037083624944 -76.53167119784283,3.484039174801848 -76.53171833665058,3.484065445201102 -76.53176547086782,3.4840838261714397 -76.53180867945957,3.4841048397083245 -76.53186368332648,3.48415082814631 -76.53188059755927,3.4841710317112042 -76.53191869823473,3.4842165392429245 -76.5319579950085,3.48426516671743 -76.53204836543533,3.4843532099515717 -76.53210075408577,3.4844044598336934 -76.53214005177664,3.4844530873003103 -76.53218983254027,3.484521430966902 -76.53220998588557,3.4845509165892943 -76.53222127438745,3.4845674332401493 -76.53227889355958,3.484609475098768 -76.53241509343879,3.484722474681253 -76.53248450792654,3.484789493231318 -76.53254607485042,3.48486834872905 -76.53264433716757,3.4850234455974856 -76.5326993650667,3.4851115091169915 -76.53271585101199,3.4851365843293207 -76.5327399787408,3.4851732846801253 -76.53275308720629,3.4852061480763457 -76.53276096702423,3.4852521632973077 -76.53276098819771,3.485288979715672 -76.53274793129636,3.485346840200266 -76.5327283537938,3.4854494102314093 -76.53271922436943,3.4855085837601805 -76.53272055409616,3.485545399257051 -76.53273366256617,3.4855782626532688 -76.53275200153844,3.4856019198419568 -76.53277950214525,3.48562162677181 -76.53279714973353,3.4856290484263917 -76.5328200909687,3.4856386964864217 -76.53287900588026,3.485657070915457 -76.53293530370125,3.4856767620883566 -76.53304747888218,3.4857023026644933 -76.53305051088714,3.4857029926324063 -76.53310854379673,3.4857182977427135 -76.53319975868637,3.4857423536612284 -76.53326212696194,3.485773303714369 -76.53331799751902,3.4858083351195677 -76.53335152354983,3.4858363654579843 -76.53336829485538,3.4858644059718165 -76.53337053781131,3.4858816009836406 -76.53337250174798,3.485896661766586 -76.53337112618824,3.4859331282254375 -76.53335161021172,3.4859892398201526 -76.53333489238914,3.486056569662868 -76.53330839995787,3.486121099814234 -76.5333028414692,3.4861673865129537 -76.53330146129333,3.486195437221908 -76.53330706403798,3.48622769118911 -76.53331897978835,3.486239048581335 -76.53333500485307,3.486254323500447 -76.5333685226108,3.486268329397308 -76.53340482926127,3.486273918600794 -76.53345509712193,3.486278097751385 -76.53350676175505,3.486283677696268 -76.53354886780681,3.4862889403488393 -76.5335514453243,3.4862892622567094 -76.5336003219492,3.486301857168412 -76.53364920043349,3.486318659048011 -76.53370367148685,3.486346678228836 -76.53376372687507,3.486376096335455 -76.5338293776148,3.486422342240904 -76.53390481125012,3.4864840096420875 -76.533956501751,3.4865358725670985 -76.53398104789599,3.4865617317002284 -76.534012386217,3.486594745840655 -76.53405710026253,3.4866536256019773 -76.53413534686032,3.486751756669998 -76.53417341909841,3.4868076531176437 -76.53419264106691,3.4868358744475834 -76.53425307994776,3.486931610178331 -76.53429885258701,3.487004115540474 -76.53432540224148,3.4870405653120957 -76.53436312603253,3.4870840217127017 -76.53440783273864,3.4871302787367697 -76.53444416160339,3.487175138683847 -76.53448608495651,3.487238227244142 -76.53450844616174,3.4872746797855547 -76.53451544849099,3.4873125433190655 -76.53451826233677,3.487349007002965 -76.53450851177483,3.4873910877037955 -76.53449390579134,3.4874278292778227 -76.53449178103911,3.4874331730299226 -76.53448636603541,3.487441341976085 -76.53446108911726,3.487479473672215 -76.53445700062886,3.4874848427747507 -76.53440609385973,3.4875517019814253 -76.53439543180703,3.4876065627685464 -76.53438178297388,3.4876767891698446 -76.53438192702357,3.4876805096053802 -76.53438252302826,3.4876958435151484 -76.53438836763247,3.487709032262885 -76.53440077565033,3.4877170869991225 -76.53441901994812,3.487722939591153 -76.53443944928976,3.4877229284368796 -76.53446936340421,3.4877214448827263 -76.53450365495588,3.487718493525448 -76.53452553945321,3.487711885217685 -76.53453861144867,3.4877062492018878 -76.5345459641648,3.4877030793950934 -76.53457003459333,3.4876898730193724 -76.53458681358684,3.487685465939905 -76.53461380818318,3.487683251721465 -76.53464619366454,3.4876850074556085 -76.53465393882095,3.4876854278553644 -76.53474941965823,3.4876999238229 -76.53476425214446,3.4877042210021947 -76.53480855070949,3.4877170528555212 -76.5349431195721,3.487763065216717 -76.53506240343313,3.487815231800464 -76.53506689433492,3.4878182359346295 -76.5351358175313,3.4878643514715026 -76.53516876587756,3.4878904582298675 -76.53519394197927,3.4879104074857143 -76.53525207292346,3.4879687534201405 -76.53529491516267,3.4880271086346726 -76.53534388659594,3.4881100417897284 -76.53539897793998,3.488199116189793 -76.53545315463768,3.488270040580882 -76.53546935895912,3.488291254233102 -76.53539709812436,3.488385669848732 -76.53535395499205,3.488424546119172 -76.53529809479326,3.488491500406344 -76.53529000940432,3.4884887441178605 -76.53528457354983,3.4884871227291443 -76.53528100964525,3.4884860592861995 -76.53527292425748,3.488483373535762 -76.5352639245117,3.488481536066603 -76.53525492476592,3.4884796985973585 -76.53524592503555,3.4884788504714175 -76.53523692530409,3.488477931807196 -76.53522792557264,3.4884770122385524 -76.5352189267412,3.4884760935741452 -76.53520992699664,3.4884743266426597 -76.53520092725105,3.488472489172895 -76.53519284186365,3.4884698043261007 -76.53518475644789,3.4884652818688404 -76.53517751430572,3.488460760302693 -76.53516942887593,3.4884553190400998 -76.53516225781749,3.488449878667527 -76.53515501567554,3.4884453571012033 -76.53514693024601,3.4884399158384136 -76.53513975920197,3.4884353942708644 -76.53513160360312,3.48843179061943 -76.53512351818797,3.4884272681616353 -76.53511543188708,3.488423664508982 -76.53510734647209,3.488419142051045 -76.53509926105718,3.488414620497374 -76.53509201981576,3.4884100980262085 -76.53508576220113,3.488402820932815 -76.53507852095987,3.4883982984615423 -76.53506952127158,3.488400135306972 -76.53506234856684,3.4884046561927806 -76.53505510659235,3.488411014690006 -76.53504976267098,3.4884182205205025 -76.53501066840408,3.4883921699219096 -76.5349485184296,3.488350537969567 -76.53488708414444,3.4883225433864076 -76.53482388692431,3.4883015601417067 -76.53471625702515,3.4882680633656307 -76.53459529341148,3.4882517952788206 -76.53443622924213,3.4882173424519416 -76.53433431516835,3.4881895880797553 -76.5342333525362,3.4881733187476653 -76.5341264375034,3.4881575287888418 -76.53405831964568,3.4881630724465937 -76.53403476671168,3.4881783967562034 -76.53420472566685,3.488382922506722 -76.53431894943027,3.4885248626755643 -76.53457428953651,3.4887150271511462 -76.53461143621973,3.4887379967248187 -76.53471144759263,3.4888107345673967 -76.53475716680398,3.4888528451776817 -76.53482193610434,3.488919841008995 -76.53487813219171,3.488981093529959 -76.53494480682343,3.489052875068542 -76.53498671653249,3.489098814683624 -76.53500481374557,3.4891361408655235 -76.53500377194129,3.489159965608565 -76.53500100549194,3.489223235697602 -76.53500291073942,3.4892825754711208 -76.5350181513854,3.489316073643145 -76.53501529591752,3.489443366186876 -76.53512197237433,3.489443364535054 -76.53516673876898,3.4894404925720703 -76.53519698607754,3.489448781242052 -76.53521912459861,3.4894548480848773 -76.53525531896217,3.489465375795362 -76.53529627608626,3.489482602749192 -76.53531437291592,3.4894940875291187 -76.53532961230285,3.489503658779177 -76.53533818475206,3.489517057283284 -76.53534294761701,3.4895304567517575 -76.53534009054752,3.489552470138964 -76.53533532872883,3.489606066579767 -76.53533312150556,3.4896323212915803 -76.5353296149625,3.489674020270674 -76.5353372357802,3.489721874888072 -76.53535628595573,3.4897505872490573 -76.53538984892528,3.4897683894729465 -76.53542366728502,3.489773246124609 -76.53545915329875,3.4897783414931816 -76.53549439442465,3.489777383240477 -76.53553439909217,3.4897754690273826 -76.53558106978316,3.489768768056349 -76.53561154921263,3.4897716388333393 -76.53563726604644,3.4897783386437604 -76.53566441119881,3.489788866483879 -76.53571870255104,3.4898190134494893 -76.53577416132747,3.489858844925 -76.5357696606941,3.4898670400890572 -76.53576691860685,3.4898751646863584 -76.53576241797222,3.4898832893121856 -76.53575700386484,3.4898914139528108 -76.53574983205212,3.4898959357480948 -76.53574083232142,3.489895934989634 -76.53573183259074,3.4898959342310873 -76.53572283284535,3.489895015571621 -76.53571474744432,3.4898923307294707 -76.53570574767068,3.489889644997697 -76.5356976622686,3.489886889617206 -76.53568866249508,3.489884203885267 -76.53567966272045,3.4898814485193856 -76.53567150713643,3.4898796815788256 -76.53566250740589,3.4898796808196106 -76.53565350770354,3.48988144622812 -76.53564450711697,3.489884201884253 -76.53563642181645,3.4898878039838754 -76.5356292491032,3.489892325778253 -76.53562200710655,3.4898977654745234 -76.53561483532124,3.4899040525322484 -76.53560850679712,3.48990949311807 -76.53560224938538,3.489915850699203 -76.53559500650192,3.4899221386622528 -76.53558874819005,3.4899284971476443 -76.5355860906012,3.4899304930593735 -76.53558150619291,3.489933936843599 -76.535574334379,3.489938457733205 -76.53556624820692,3.4899438974425707 -76.5355581629056,3.4899475004458513 -76.53555000650633,3.4899511034502013 -76.5355419203049,3.4899547055490214 -76.53553292063069,3.4899583085667065 -76.53552574881637,3.4899628294559406 -76.53551224852043,3.4899755464414524 -76.53549241898281,3.490005359995863 -76.5354879183452,3.490013484620363 -76.53548433208026,3.4900216092302743 -76.5354807458164,3.4900298052826977 -76.53547715955133,3.49003792989258 -76.53547441746107,3.4900460544890066 -76.53547083031042,3.4900550979040417 -76.53546724404517,3.490063222513882 -76.53546365777987,3.4900713471237066 -76.53546000131772,3.490079542272825 -76.53545641505228,3.4900876668826206 -76.53545282880125,3.490096710297566 -76.53545015690855,3.4901048348927968 -76.53544650044503,3.490112959503666 -76.53544382766671,3.490122002904057 -76.53544199906328,3.4901310462910273 -76.53543932717037,3.490139170886223 -76.5354366543919,3.4901482142865885 -76.53543482578834,3.4901572576735407 -76.53543299717144,3.4901654527935158 -76.5354303252928,3.4901744961938443 -76.53542849668915,3.4901835395807796 -76.53542673826892,3.490191664161433 -76.5354249096652,3.490200707548359 -76.53542223778639,3.490209750948658 -76.53542132265557,3.490218794321081 -76.53541949405174,3.4902278377079905 -76.53541682215837,3.490235962303107 -76.53541232151902,3.490244086927212 -76.53540782177956,3.4902522115512786 -76.53540149326633,3.490258570036503 -76.53539340706172,3.4902621730383663 -76.53538440732753,3.490262172276496 -76.5353754075513,3.490259486541581 -76.53536732224653,3.4902630895432063 -76.53536732148814,3.4902721329011133 -76.53536099296012,3.4902775725809008 -76.5353538211282,3.4902811755679743 -76.5353519925236,3.4902902189547436 -76.53534932062948,3.4902983435496613 -76.53534749202481,3.490307386936419 -76.53534573361804,3.4903164303220637 -76.5353439050133,3.490325473708811 -76.53534299076723,3.490333598275963 -76.53534123236037,3.490342641661594 -76.53533940375554,3.4903516850483283 -76.53533673097553,3.490360728448375 -76.53533314470909,3.4903689235958493 -76.53532864496835,3.49037704821952 -76.53532414431324,3.490384254942359 -76.535318730186,3.490391531313423 -76.53531064400747,3.49039690048236 -76.53530340199083,3.4904014213709735 -76.53529623020067,3.490407779868744 -76.53528990167135,3.490413219548041 -76.53528364335308,3.4904195074931597 -76.53527731485218,3.490426783878353 -76.53527190072325,3.490433990615287 -76.5352674009685,3.4904412669716884 -76.53526198593943,3.490448472804242 -76.53525748619771,3.4904565974275608 -76.5352521422675,3.490463874701467 -76.53524672723819,3.49047108053393 -76.53524131310877,3.490478287270683 -76.53523681336783,3.4904864824320905 -76.53523048485077,3.4904927694736108 -76.53522422653269,3.490499127956517 -76.53521698452907,3.4905045676496145 -76.53520889833588,3.4905090894550366 -76.53520172652897,3.4905144586087267 -76.53519448452512,3.49051989830165 -76.53518731181914,3.4905253379934353 -76.53517922651139,3.4905289400890926 -76.53517114029052,3.4905316957263994 -76.53516214059522,3.4905343799353505 -76.53515314088678,3.490536215877248 -76.53514414116304,3.4905370633800463 -76.53513514142625,3.4905370626157923 -76.53512614078947,3.4905370627558012 -76.53511714192545,3.49053529582357 -76.53510898542162,3.4905325395348217 -76.5351008999886,3.490528017981445 -76.53509372891585,3.490522647242507 -76.53508740110335,3.4905162889557575 -76.53508198763703,3.4905081635826627 -76.53507748855704,3.490500886462331 -76.53507214530292,3.490493678988911 -76.53506764531011,3.490485554505912 -76.53506223185713,3.4904782764953284 -76.53505499057297,3.4904719887606848 -76.53504781952799,3.490468385093514 -76.53503881976371,3.490466547622348 -76.53502982002757,3.4904665468570792 -76.5350208202774,3.490465628190899 -76.53501182055528,3.4904665453262815 -76.53500281994724,3.4904683821710845 -76.53499382025205,3.4904710663784213 -76.53498573405805,3.4904755872775874 -76.53497849203926,3.4904801090680246 -76.5349704058451,3.4904846299670576 -76.5349632340241,3.4904891517562975 -76.53495514872978,3.4904936726551847 -76.53494699233745,3.490498193555094 -76.53493981963022,3.4905036332449906 -76.5349326478229,3.4905090738391547 -76.53492631930365,3.490515360878626 -76.53492090518547,3.4905234855143545 -76.53491640542761,3.490530762773404 -76.53491190478255,3.490538887395077 -76.53490923288395,3.4905470119887143 -76.53490648990132,3.49055605538859 -76.53490564586316,3.4905650987593746 -76.53490473072705,3.490574142131246 -76.53490290211761,3.4905831855171026 -76.53490198786751,3.490591310083796 -76.53490114382927,3.49060035345457 -76.53490022959308,3.4906093968264167 -76.53490022883022,3.490618440184276 -76.53490022806737,3.4906274835421343 -76.53490022730452,3.49063652689999 -76.53490022744164,3.490645570257831 -76.53490022667877,3.4906546136156833 -76.53490022591593,3.490663656973534 -76.53490022515308,3.4906727003313835 -76.5349002252902,3.4906817436892164 -76.53489931015393,3.4906907870610606 -76.53489839593156,3.4907007492380444 -76.53489839515476,3.490708873790731 -76.53490022313876,3.490717917120574 -76.5349028943983,3.4907269604374997 -76.53490472236953,3.4907351564047033 -76.53490739362917,3.4907441997216124 -76.53490922071336,3.490753243955781 -76.53491189195914,3.4907613684675183 -76.53491463341689,3.4907704117833256 -76.53491730466278,3.4907785371993802 -76.53491997682265,3.4907875805162303 -76.53492180390703,3.4907966238460286 -76.53492447515306,3.490804749262059 -76.53492721661105,3.4908137925778195 -76.53492988785717,3.49082191799383 -76.53493263021525,3.4908309613095576 -76.53493530147543,3.490840004626366 -76.53493797272277,3.4908482005805386 -76.53494071418102,3.490857243896251 -76.5349433854274,3.490865369312214 -76.53494612692658,3.4908770976008356 -76.53496770911588,3.490930440419342 -76.5349712947374,3.4909386363593358 -76.53497488037193,3.4909476805662734 -76.53497762181682,3.4909558050767058 -76.53497937870411,3.4909648484074367 -76.5349812066894,3.4909738926414033 -76.53498212030102,3.490982935985109 -76.53498387718841,3.4909919793158264 -76.53498479080007,3.4910010226595265 -76.53498570439776,3.491009147198075 -76.53498570363573,3.4910181905558537 -76.53498661724745,3.491027234803883 -76.53498661648543,3.491036278161658 -76.53498570224966,3.4910453215335027 -76.53498478801383,3.491054364001009 -76.53498387287803,3.491063407372862 -76.53498211536638,3.4910724507576854 -76.53498120023053,3.4910814941295327 -76.53497937162086,3.4910905375154417 -76.53497761320915,3.491099580900266 -76.53497669897321,3.491108624272089 -76.53497578473726,3.4911176676439113 -76.53497395612746,3.491126711029804 -76.53497311207546,3.4911348355953913 -76.53497219693948,3.4911438789672187 -76.5349703683296,3.4911529223530993 -76.53496945409354,3.4911619657249062 -76.5349676956816,3.491171009109699 -76.53496586707162,3.4911800524955647 -76.5349641086596,3.4911890958803475 -76.53496228003557,3.4911972204610597 -76.53496045142549,3.491206263846911 -76.53495869301337,3.4912153072316787 -76.53495686440323,3.49122435061752 -76.53495510689102,3.4912333940022635 -76.53495419175476,3.4912424364697188 -76.53495327751847,3.4912514798414938 -76.53495236326928,3.4912596758506487 -76.53495144813297,3.491268719222433 -76.53495060409463,3.4912777625931217 -76.5349487754843,3.491286805978936 -76.53494786124791,3.491295849350698 -76.53494610283552,3.4913048927354255 -76.53494427422507,3.49131393521689 -76.53494335998862,3.491322978588643 -76.53494160156217,3.49133110407255 -76.53493885857759,3.4913401465680423 -76.53493710016502,3.4913491899527447 -76.53493527155442,3.4913582333385205 -76.53493259965373,3.491366357932091 -76.53493077104305,3.4913754013178546 -76.53492809915625,3.4913844447165516 -76.53492535615744,3.4913925693111896 -76.53492268427054,3.491401612709868 -76.53491909709554,3.4914097373174307 -76.53491635499765,3.49141793335455 -76.5349127687225,3.491426057962072 -76.5349082680732,3.491434182583591 -76.53490376832377,3.4914423072050718 -76.53489926767429,3.491450431826545 -76.53489568139996,3.4914586269721872 -76.53489118075034,3.4914667515936184 -76.5348875944748,3.491474876201038 -76.53488393800119,3.491483000809516 -76.53488217958784,3.4914920441940915 -76.53488035097644,3.4915010875797354 -76.5348794367392,3.4915101309513927 -76.53487943597618,3.4915191743090794 -76.53487943521316,3.4915282176667644 -76.53487943535012,3.491537261024434 -76.5348794345871,3.491546304382115 -76.53487767615968,3.491554428961533 -76.53487493407384,3.491563472361121 -76.5348713477989,3.49157166841099 -76.53511432823935,3.491797766693509 -76.53533390293644,3.491895418856079 -76.53551663749921,3.491955130149323 -76.53550313714466,3.491965938985842 -76.53547705149745,3.4919741326837492 -76.53543472321229,3.491989461848229 -76.53540139554877,3.492003025604774 -76.53536813808232,3.492016588454685 -76.53535105214038,3.4920220273999916 -76.53531863797791,3.492037427845078 -76.53529255079361,3.4920627198139997 -76.53526372155285,3.4920988918887197 -76.53524572058652,3.492120580855645 -76.53522680610286,3.4921395848636756 -76.5352070483132,3.4921567521785963 -76.53517554761858,3.4921721517000863 -76.53514939173533,3.492178439050191 -76.53510439309927,3.49218663122357 -76.53506389343768,3.4921947545955843 -76.53503853858473,3.492204548944238 -76.53500482202226,3.4922118094724692 -76.53497122242993,3.4922173571857695 -76.53495322297917,3.492220959431961 -76.53492622290335,3.4922263985218756 -76.53489205190547,3.4922372058578475 -76.53486322242597,3.4922589646169557 -76.53484613595899,3.4922896978240656 -76.53484072031718,3.492316827074927 -76.53483530543848,3.492334913872549 -76.53481730369423,3.492365646188713 -76.53479571731998,3.492394612391308 -76.53478836915461,3.4924035274448464 -76.53474354309307,3.492457913068398 -76.5347272997464,3.4924786831935144 -76.53471379866576,3.4925022096922502 -76.53471112524454,3.4925293398051314 -76.53469745617193,3.4925732301385235 -76.53466939199417,3.4926175773783044 -76.53464233814535,3.4926390268209127 -76.53461020745962,3.4926555829782195 -76.53455977221505,3.4926754031560545 -76.53454344045453,3.492682083728312 -76.53454337924796,3.4926815275627434 -76.53453515711516,3.492684598809719 -76.53452031571803,3.492691543425361 -76.5345016045788,3.492708915089558 -76.5344826856919,3.4927362968488365 -76.534475160308,3.492750802506087 -76.53444831265065,3.492779414279093 -76.53442321986161,3.4928023694052492 -76.53440336570314,3.4928166066566955 -76.53437707589688,3.4928363306076924 -76.53435801367637,3.4928478674999512 -76.53432374118482,3.4928746517162264 -76.5342972001437,3.492884860247972 -76.53426361381453,3.4928760407537536 -76.53424025045993,3.4928774238248397 -76.53406676594086,3.492642122704549 -76.53399117232487,3.4925043202061743 -76.53378083559082,3.4921935319397455 -76.53362830239988,3.4919993921843746 -76.53352322136054,3.4917405374798514 -76.5334147515116,3.4914476228101607 -76.53336390491268,3.4912602930636987 -76.53335992228608,3.4911760759443946 -76.53336232868438,3.49103329666538 -76.53335510264407,3.490955856682339 -76.53331175261341,3.49088325810108 -76.53324913494978,3.490803398866869 -76.53316143838403,3.490772995377303 -76.53310118312734,3.4907576604597192 -76.5330561843839,3.4907539840318216 -76.53301385610244,3.490768464820228 -76.53299402813924,3.4907883876010755 -76.5329733543295,3.490818201113221 -76.53295718208183,3.490839890012612 -76.53293102392342,3.490876980786452 -76.53291217886903,3.4909077130782085 -76.53289502127677,3.490939364152506 -76.53287167568585,3.4909882528522354 -76.53280715491817,3.4909324055373565 -76.53274494567391,3.4908363984441997 -76.53252587129059,3.4904081033152066 -76.5324937315951,3.4902068257063283 -76.53263910940066,3.4899019206965387 -76.53246159882397,3.4896248724582435 -76.53229972213738,3.4896671693820758 -76.53220680484824,3.4897003940307543 -76.53212805497844,3.489737878821411 -76.53206588385898,3.4898045182841937 -76.53197469990187,3.4899128054737223 -76.53185450293594,3.4900502478864786 -76.53179751647887,3.4901131885351733 -76.53173627032001,3.490165941888333 -76.53167210737494,3.4902216244157183 -76.53160794408004,3.490248001032638 -76.53150878341256,3.4902655861021556 -76.53144170285783,3.490253864883053 -76.53140378770952,3.490239211465324 -76.53133379184497,3.4902802419883368 -76.53127254571571,3.4903388554071006 -76.53124392026892,3.4903397817738635 -76.53122090435488,3.4903405263044354 -76.53119616539375,3.490297002712105 -76.5311904502557,3.490269725296122 -76.53119473521905,3.490206557391527 -76.53119473441204,3.4901347757369305 -76.53120616365301,3.4900974491466856 -76.53121187754572,3.490014182362197 -76.5312118768991,3.4899567570382963 -76.531209018337,3.489854826668514 -76.53117187193351,3.489853391004708 -76.53116544320879,3.4898340102567014 -76.53116329825018,3.489724902165058 -76.53120973138032,3.4897184410633817 -76.53121117479347,3.489625764712592 -76.53121364240477,3.4896156234626905 -76.53121397447936,3.4896142579118323 -76.53121397444251,3.4896109860248465 -76.53121397442635,3.4896095499395705 -76.53121397438954,3.4896062816699294 -76.53121397518768,3.48959723831175 -76.5312139759858,3.4895881949535705 -76.53121397594741,3.489584785607539 -76.53121397678395,3.4895791515953882 -76.53121397668211,3.489570108237215 -76.5312139774699,3.489560146073838 -76.53121397831323,3.4895551161580096 -76.53121397826804,3.4895511027156503 -76.53121397906618,3.4895420593574613 -76.53121397896435,3.4895330159992803 -76.53121397979511,3.489526870133049 -76.53121397977652,3.4895252188158454 -76.53121397976248,3.489523972641088 -76.53121398056062,3.4895149292828935 -76.53121398045879,3.4895058859247072 -76.53121398125693,3.4894968425665094 -76.53121398205506,3.4894877992083093 -76.5312148963255,3.489478755839722 -76.53121489712362,3.4894697124815184 -76.53121489792176,3.489460669123314 -76.53121581219213,3.4894516257547195 -76.53121665626463,3.4894425823869217 -76.5312175714453,3.4894344578235055 -76.53121940008783,3.4894254144445034 -76.53122207200468,3.489416371055901 -76.53122481502966,3.489408246471673 -76.5312281853313,3.4893997474852663 -76.53122840131859,3.489399203072643 -76.53123107324564,3.4893910784892044 -76.5312338162601,3.489382035099753 -76.53123740255921,3.4893739105058774 -76.53124007448531,3.4893657153842152 -76.53124366077392,3.489356671985119 -76.5312473172707,3.489348547390402 -76.53124999009741,3.4893404219025554 -76.53125357638585,3.4893313794077523 -76.53125631851034,3.489323254823431 -76.53125899132652,3.489314211434695 -76.53126257762516,3.489306086840713 -76.531264406267,3.4892970434615997 -76.53126707819264,3.4892888474355126 -76.5312698212065,3.489279804950274 -76.53127157965038,3.4892707615719445 -76.53127340830248,3.489262636093668 -76.5312743225721,3.489253592724981 -76.5312751666439,3.48924455026143 -76.53127608181346,3.4892355068927277 -76.53127699608305,3.489226463524033 -76.53127791035261,3.489217420155336 -76.53127882552214,3.489208376786626 -76.53127966959383,3.4891993334187266 -76.53128058386335,3.4891902900500225 -76.53128149813286,3.4891812466813144 -76.5312824133023,3.4891722033125943 -76.53128332757177,3.489163159943882 -76.5312850860153,3.4891541165655053 -76.53128600028472,3.489145073196787 -76.53128782892605,3.4891360298175993 -76.53128958737992,3.4891279052444086 -76.53129233039307,3.48911886185474 -76.53129311244895,3.4891170902518986 -76.53129591669068,3.4891107372606 -76.53130041646016,3.4891026126559757 -76.5313066747955,3.489096254199033 -76.53131391681096,3.48909081453596 -76.5313220030108,3.489086293668337 -76.53133008923149,3.4890836095067077 -76.53133908892318,3.4890808538919713 -76.5313480886366,3.4890800073300783 -76.53135708834918,3.489079089325568 -76.53136608807225,3.489079089221836 -76.53137994761782,3.4890766473551875 -76.53140779823258,3.489082915889166 -76.5314369870216,3.4890817968874197 -76.53147221990145,3.489070000321303 -76.53154724066681,3.4890678227084084 -76.53158317005092,3.489049814247164 -76.53158285477186,3.48902502459719 -76.53156999647572,3.4889912875959688 -76.53156213763452,3.4889668814729413 -76.53155499418821,3.488935297627967 -76.53154284948056,3.4888936639574664 -76.5315214177292,3.488831932435934 -76.53150498749041,3.488801783880017 -76.53148927177793,3.4887670901235635 -76.53147784143226,3.4887063143671426 -76.5314814122476,3.48868262705705 -76.53149174086366,3.4886513097866994 -76.53151146267362,3.4886362550778265 -76.53154242064056,3.4886219607833793 -76.53154336469706,3.4886207552926485 -76.53154252492689,3.488612447169173 -76.5315389402447,3.4886043226580288 -76.53153535466261,3.488596197242543 -76.53152994124761,3.4885889201154505 -76.5315245278335,3.4885817126221847 -76.53151644243421,3.488577191037558 -76.53150835704562,3.488573587353733 -76.53150020144868,3.488569064865449 -76.53149302951039,3.488563624464745 -76.53148761609589,3.4885563464330653 -76.53148585924652,3.4885473030951832 -76.53148670331565,3.488538259726978 -76.5314867041112,3.488529216368602 -76.53148853274944,3.4885201729889133 -76.53148944701633,3.4885111296198823 -76.53149211893864,3.4885030050355605 -76.53149211973417,3.4884939616771775 -76.53149120615838,3.488484918329457 -76.53149111975596,3.4884844733972327 -76.53149047713795,3.4884811671529046 -76.5314894493091,3.488475874991568 -76.5314867078908,3.4884668316651513 -76.53148312230968,3.4884587062494385 -76.53147862236797,3.488451499649575 -76.53147320895422,3.488444221617792 -76.53146870990204,3.488436097116991 -76.53146421084992,3.4884279717118307 -76.53146062526915,3.4884198462960248 -76.53145612621636,3.4884116503526266 -76.53145254063573,3.4884035258411212 -76.53144804069451,3.488396319241101 -76.53144354164276,3.4883881938358328 -76.53143904259028,3.4883799978923467 -76.53143454264928,3.4883727912922566 -76.53143004359777,3.488364665886919 -76.53142554364635,3.4883565404815693 -76.53142013023357,3.4883492633537987 -76.53141563119281,3.488342056753602 -76.53141021777047,3.4883339313587527 -76.5314048745557,3.4883266542300775 -76.53140037551519,3.4883194467254666 -76.53139496210281,3.4883121695975436 -76.53138954869132,3.4883049630077827 -76.53138413437995,3.4882977564180004 -76.53137872096781,3.4882904783856428 -76.53137337775435,3.4882832717949754 -76.53136796434238,3.4882759946668904 -76.53136163746021,3.4882687880874927 -76.5313562240492,3.4882615805931967 -76.53135088083528,3.4882543034641986 -76.53134546742446,3.488247096874173 -76.5313400540129,3.488239818841583 -76.53133464060224,3.4882326122514917 -76.5313292262917,3.4882254056613795 -76.53132388397815,3.48821812853221 -76.53131846966777,3.488210921037697 -76.53131214279604,3.4882045627249747 -76.53130588523261,3.4881991223122957 -76.53129772963024,3.488193751555179 -76.53129055770638,3.488189229958087 -76.53128247231155,3.4881847074670533 -76.5312743869168,3.488180184975949 -76.53126714569537,3.4881756633794687 -76.53125906030075,3.4881711408882317 -76.53125097490626,3.4881666193012593 -76.53124288951182,3.48816209680988 -76.53123564740025,3.4881584225758506 -76.53122664766603,3.488156655606062 -76.5312176479414,3.4881557369032103 -76.53120864821678,3.4881548172959356 -76.53119964850252,3.4881548173981285 -76.53119064878824,3.488154816595898 -76.53118164907396,3.4881548157935836 -76.5311726493494,3.4881538970902977 -76.53116364963513,3.4881538962878103 -76.53115464992086,3.4881538954852345 -76.5311456502066,3.4881538955869087 -76.53113665049233,3.488153894784161 -76.53112765077806,3.4881538939813272 -76.53111865106379,3.4881538931784055 -76.53110965134007,3.488153045012712 -76.53110065163526,3.488153892476642 -76.53109165193122,3.4881548104786804 -76.53108265222716,3.488155728480632 -76.53107365254269,3.488158412650404 -76.53106556632996,3.4881611673480464 -76.53105656664539,3.4881638515176534 -76.53104756695139,3.4881656883244876 -76.53103948073773,3.4881683724837105 -76.5310304810538,3.488171127191263 -76.53102239484006,3.4881738113503373 -76.53101339515527,3.4881764955195305 -76.53100523874443,3.4881792502174362 -76.53099623905952,3.4881819343864633 -76.53098815284638,3.4881846899877753 -76.53097915316137,3.488187374156639 -76.5309710678473,3.488190058315261 -76.53096206726299,3.4881928130221667 -76.53095398195893,3.4881964159858594 -76.5309449822644,3.488198251887372 -76.53093598167918,3.488200936055831 -76.53092698197452,3.488201854056289 -76.53091798225978,3.4882018532514434 -76.53090898255509,3.4882027712517285 -76.53089998284963,3.4882036187137317 -76.530891896636,3.4882063734098767 -76.53088374024382,3.488210895178965 -76.53087656843039,3.4882163348380297 -76.53087206865148,3.488223540635552 -76.53086939583463,3.4882325840233954 -76.53086756719102,3.4882416274019477 -76.53086665291845,3.4882506707704417 -76.53086398009148,3.4882587953530475 -76.53086215234775,3.488267838731575 -76.5308594795307,3.488276882119382 -76.53085765087692,3.488285006692691 -76.5308567366042,3.488294050061167 -76.53085589252926,3.4883030934288697 -76.53085406388539,3.4883121368073824 -76.53085047758775,3.4883203319381675 -76.53084689128929,3.4883284565307426 -76.5308450626453,3.488337499909233 -76.53084238982788,3.4883465432969802 -76.53084147555496,3.48835558666543 -76.53084147475323,3.4883646300238587 -76.53083514622102,3.4883709179403604 -76.5308270609157,3.4883745905368104 -76.53081806033842,3.488378193509349 -76.53080997502227,3.4883808776665766 -76.53080188881604,3.4883844806289583 -76.5307928891393,3.4883881541394395 -76.53078473273516,3.4883917561981046 -76.53076947470338,3.48839988091762 -76.5307604750157,3.4884025650843795 -76.53075147532873,3.488405319789247 -76.53074338909317,3.4884062377780114 -76.53073438936661,3.4884053181661936 -76.53072538964996,3.488405318263839 -76.53071638993329,3.4884053174570626 -76.53070739021662,3.4884053166501996 -76.53069839049995,3.4884053167475857 -76.53068939078328,3.4884053159405495 -76.53068039107644,3.488406233938642 -76.53067139138844,3.4884089181045463 -76.53066239169134,3.4884107540033447 -76.5306542352767,3.4884134381599954 -76.53064523557953,3.4884152749629656 -76.5306362358718,3.4884161224224384 -76.530627236146,3.4884152742521217 -76.53061823642923,3.488415273444404 -76.5306092367027,3.488414353831383 -76.53060023698596,3.488414353927827 -76.53059123726919,3.4884143531198477 -76.53058223754272,3.4884134344109046 -76.53057323782596,3.488413433602753 -76.5305642380995,3.488412514893636 -76.53055523838276,3.4884125140853115 -76.53054623866602,3.4884125132769013 -76.53053723805898,3.4884134312736292 -76.53052823834223,3.488413430465046 -76.5305192386448,3.488415267266806 -76.53051023892804,3.48841526645805 -76.53050123921126,3.4884152656492065 -76.53049223948486,3.4884143469393987 -76.5304832397681,3.4884143461303823 -76.53047424006985,3.4884161123935153 -76.53046615475313,3.4884188670859744 -76.53045806855486,3.4884233879462707 -76.53044998235653,3.488427909710834 -76.53044274033155,3.488432430562091 -76.53043465412348,3.4884360335213054 -76.53042565441609,3.488436951516953 -76.53041665470869,3.488437869512514 -76.53040765501963,3.488440553675886 -76.53040048319215,3.4884450745260787 -76.53039598246156,3.4884477595464314 -76.53038874045525,3.4884541171033643 -76.53038248211794,3.4884604755542683 -76.53037706796282,3.488467681358972 -76.53037256728845,3.4884758068636312 -76.5303689809853,3.488483931454363 -76.53036356683067,3.4884912077971815 -76.53035815266573,3.488497495700894 -76.53035189433743,3.4885047720524676 -76.53034648018183,3.4885119787613252 -76.53033923816521,3.4885174184169907 -76.5303320663463,3.4885228580718683 -76.53032398013704,3.4885264601257884 -76.53031498043813,3.4885282969255877 -76.53030598072903,3.4885291443818907 -76.53029698100245,3.4885282962084068 -76.53028889561814,3.48852462107151 -76.53027989589162,3.4885237728978624 -76.53027089617382,3.4885237720868107 -76.53026189556473,3.4885246195426998 -76.53025374006675,3.488529141306282 -76.5302465673473,3.4885345809605144 -76.53023939553714,3.4885409385155612 -76.53023398137108,3.488547226418551 -76.53022765284369,3.488554502770016 -76.53022139539524,3.488559943318949 -76.5302132389968,3.48856446417785 -76.53020515278672,3.4885680671350805 -76.53019615310517,3.488571669197297 -76.53018806686764,3.4885725871812716 -76.5301790671587,3.4885735051745526 -76.53017006744903,3.4885743526295507 -76.53016106773073,3.4885743518174457 -76.53015206801246,3.4885743519095893 -76.53014215391418,3.4885735028396407 -76.5301340685487,3.4885716653118375 -76.53012506879402,3.4885680616254002 -76.53011698341078,3.488564457929555 -76.5301097421919,3.48855993632416 -76.53010257026163,3.488554495008454 -76.53009539923143,3.4885490545970184 -76.53008815799427,3.488542695381027 -76.53008098606499,3.488537325507684 -76.53007465919936,3.4885309671866342 -76.53006748726952,3.488525525870655 -76.53006116040477,3.488519238087707 -76.53005490283721,3.4885128788614823 -76.53004857506345,3.488505672273241 -76.53004316166955,3.488499313038389 -76.53003866262937,3.4884911876263605 -76.53003507706057,3.488483062205075 -76.53003240585393,3.4884740188736547 -76.53002607808907,3.48846765964794 -76.53001799270706,3.4884640559512277 -76.5298982603071,3.4883564466123556 -76.52989355252257,3.4883531024252905 -76.52989108847781,3.4883609674586626 -76.52986500286204,3.488367254660763 -76.52983891726392,3.488375377663901 -76.52981276073609,3.4884007400212087 -76.52979925958188,3.4884233476461413 -76.52979391401475,3.4884504768697777 -76.52979025678535,3.4884766890802013 -76.52978575530301,3.488494774937029 -76.52977675483548,3.488510176769299 -76.52976058165369,3.488531865614684 -76.52974616702495,3.488554473247763 -76.52972999394711,3.4885870421570995 -76.52971557841686,3.4886096497896943 -76.52970207726554,3.488633105680157 -76.52969124813968,3.4886575499834604 -76.5296769036004,3.488669277550261 -76.5296454038487,3.488686514497218 -76.5296075755525,3.4887099688131142 -76.52959224732516,3.4887199293158777 -76.52956974726385,3.488734411566547 -76.52953916100506,3.4887543334742412 -76.52951307374725,3.4887787064789575 -76.52949957338636,3.4887913519358333 -76.5294788987895,3.488840241432472 -76.52947165597584,3.4888574094128795 -76.52946613026496,3.48886992818638 -76.52946089703865,3.4888817831745635 -76.52944739507139,3.488915271763009 -76.52943473728503,3.4889496077059223 -76.52942756303777,3.4889849329401756 -76.52942306163081,3.4890120621534213 -76.529418560215,3.4890382743700967 -76.52941764429718,3.489065404453724 -76.52944555709921,3.4890825739095996 -76.52946355657076,3.489085259616191 -76.52948155514311,3.489088016764976 -76.52949322609486,3.4890997449851975 -76.52949505320947,3.4891178325887373 -76.5294932238218,3.489144962681096 -76.52948696386126,3.489171174010447 -76.52947887776308,3.4891874937318215 -76.52946537659834,3.4892110201568163 -76.52944737554475,3.4892317902086853 -76.52943654559832,3.4892661261340665 -76.52942845868324,3.489291489213262 -76.5294293706097,3.4893186192794556 -76.5294320410826,3.4893457502333214 -76.52943112598008,3.489363836958515 -76.5294221245979,3.4893791673446084 -76.52940953860008,3.489391884233933 -76.52940145158946,3.4894072146111856 -76.52940053648629,3.4894253013363277 -76.52939962146758,3.4894524314197084 -76.52939870554884,3.489479561503081 -76.52938886016007,3.489513050055786 -76.52937352949523,3.4895528256026145 -76.52937261357565,3.4895799556859064 -76.52936635450888,3.489606167014216 -76.52936002443657,3.489642340506544 -76.52934743763483,3.489665866016712 -76.529324935873,3.4896939132986002 -76.5292970216055,3.4897146834400745 -76.52927185111288,3.489709241381469 -76.52925111017946,3.489692071854192 -76.52922018977982,3.489688694446185 -76.52920969788538,3.489687547845274 -76.52918811049982,3.4897165139206257 -76.52918185224459,3.489733680985101 -76.52918093623694,3.489751767709922 -76.52917734918351,3.489777979916638 -76.52917551970314,3.489796066649837 -76.52917460541292,3.4898051100164285 -76.52917193265775,3.4898231958530275 -76.52916201697727,3.489847641045603 -76.52914043037124,3.4898638894451652 -76.5291143456013,3.4898693283592785 -76.52909001831539,3.489856679635984 -76.5290746917012,3.489848554318065 -76.52903869273891,3.4898440302524083 -76.52899369406235,3.489841271529932 -76.5289576951327,3.489840351239397 -76.52892169620374,3.489839500581336 -76.52887761107179,3.489844867302458 -76.52884519687764,3.489860267524283 -76.52883261087308,3.4898738317684233 -76.52882719588514,3.4898909997273804 -76.52881460815887,3.4899136073294597 -76.52879752310078,3.4899172094493793 -76.52877235255103,3.489905479530443 -76.5287534403597,3.489887392075322 -76.52873635598324,3.489865700825627 -76.52872011578226,3.489844009568257 -76.528701303444,3.4898205548780985 -76.5286814472301,3.489807833758439 -76.52864636262808,3.489801472963718 -76.52858512137261,3.4898141152006463 -76.52853203566393,3.4898259109058936 -76.52849695029857,3.4898358001159258 -76.52843120840181,3.48986384412424 -76.52837636430502,3.48989549271966 -76.52832344533755,3.4899381678625354 -76.52831117788757,3.4899483914805156 -76.52827911926236,3.4899751103468963 -76.52824044511928,3.4900248464216213 -76.52821344351557,3.4900610182665357 -76.52818820126984,3.4900863100321344 -76.52816119956817,3.490110753544324 -76.52815135577592,3.49012516602401 -76.528162111546,3.4901486940416837 -76.52815943711583,3.490184867495929 -76.5281513493381,3.4902201221888314 -76.52812793250048,3.490278902397394 -76.52810810198956,3.490329558023495 -76.5280936855734,3.4903621277937424 -76.52807118384364,3.4904009845711514 -76.52806401118372,3.490417304272643 -76.52806492390044,3.4904353909815113 -76.52807033737797,3.4904525597534564 -76.5280739204603,3.490488734061384 -76.52808291859805,3.490514027357371 -76.52809283103079,3.4905294299251874 -76.52809367278698,3.4905646854498373 -76.52808650013297,3.490581853418431 -76.52807482676775,3.4906062977089705 -76.52806667043446,3.4906225468801115 -76.52805499788197,3.4906361111063107 -76.52803249685154,3.490650593319638 -76.5280090832325,3.49066323883366 -76.52799290997396,3.4906849981859103 -76.52799466685784,3.4907021669872065 -76.52801632124971,3.490717499828652 -76.52802532101018,3.4907202552681693 -76.52804240616399,3.490726544787374 -76.52806849105744,3.4907329047723654 -76.52809190397883,3.490745552624955 -76.52810540196774,3.4907681627200655 -76.52810715885381,3.490785330616779 -76.52811348572871,3.4907926077559828 -76.52813506993397,3.4908088594003837 -76.52817088195195,3.4908404502726476 -76.52819703115908,3.490897777714869 -76.5282136712624,3.4909574935848724 -76.52822080314087,3.491017209532309 -76.52822778863823,3.491115632861539 -76.52821093864185,3.4921441295664324 -76.52821843654257,3.4922808026750314 -76.52821130556309,3.492333352780726 -76.52819888268463,3.4923806469299956 -76.52816829632971,3.4924068566383344 -76.52815570938898,3.492421338773554 -76.52812779420924,3.4924538372098235 -76.5281133777615,3.4924864060746326 -76.52811429052471,3.4925099332666334 -76.5281242030943,3.492539749136889 -76.52813770108816,3.492559673353382 -76.5281502864273,3.492569636318592 -76.52816469958088,3.49257507758995 -76.52819014910365,3.4925765134680984 -76.52821954141083,3.492576846928007 -76.52824745426571,3.49259041354442 -76.52825828114258,3.492611256586212 -76.52825553647442,3.4926429083605903 -76.52826277618813,3.4926808488037597 -76.5282771885473,3.4926989363047096 -76.52830124865469,3.492717919018115 -76.52831494366801,3.492727906388958 -76.52832935682494,3.492733346753419 -76.52833132147208,3.492733346737114 -76.52833439658549,3.4931584252138084 -76.52836580023013,3.497499831431577 -76.52826788325649,3.497498200822372 -76.52825346919336,3.497500884105029 -76.52822914099839,3.4975099258529463 -76.52821564132991,3.4975144467376036 -76.52817788358402,3.497518118648833 -76.528171555829,3.497518966062892 -76.52816705592724,3.497518965195178 -76.52815446976794,3.497527160387355 -76.52811755456864,3.4975515325328255 -76.52807796734754,3.49757866020911 -76.52807163963588,3.4975850186440707 -76.52806713887708,3.4975904582592796 -76.52803204996991,3.4976447159675756 -76.52802755010332,3.4976492376818764 -76.52802305022941,3.497652840591116 -76.52801763596804,3.497655524702585 -76.52801137752553,3.4976582802632707 -76.52800504976942,3.497659127676202 -76.5279933779297,3.497660044765443 -76.52798946393025,3.4976620370480327 -76.52798796366878,3.4976628003192585 -76.52796546336296,3.497676363724119 -76.52792496349522,3.4976962142119703 -76.52791237729568,3.497699816280003 -76.52789887759492,3.497700734286771 -76.52781063719067,3.4976989624773425 -76.52776922453123,3.497691682895449 -76.52776205257301,3.497689915878824 -76.52775305273985,3.4976862416322834 -76.52774763932963,3.4976826378962724 -76.52773322605265,3.497670908773329 -76.52769272933602,3.4976319774325435 -76.52767388718163,3.4976102861806937 -76.52765588925065,3.497594035405445 -76.5276504749477,3.4975912790313943 -76.52764506154531,3.4975885940998217 -76.5276396472631,3.497588594140834 -76.52762973310578,3.4975921961848315 -76.52752897515772,3.497627445232735 -76.52752356088206,3.4976283631737832 -76.5275109755621,3.4976292811681375 -76.52749923351705,3.4976292803510227 -76.52749297594616,3.4976283606880667 -76.52748123387471,3.497624756997412 -76.52739039409241,3.4975894958089286 -76.52736789544262,3.4975840545852774 -76.5273597389135,3.4975831358395886 -76.52733548174136,3.497583134207012 -76.52732739632388,3.4975840521662755 -76.5272724823022,3.4975957763697787 -76.52726439688456,3.4975966943284975 -76.5272004838809,3.4975976090679644 -76.52719415521852,3.4975976082085554 -76.52717256924484,3.4976057320088096 -76.52716624149522,3.49760756875929 -76.52715998393766,3.4976084867041886 -76.52714556986326,3.497610252069056 -76.52714015560011,3.497613006713632 -76.52713565572299,3.497616609618608 -76.52713115495224,3.4976211313286103 -76.52712848294175,3.4976256530257457 -76.52712489655747,3.49763109263 -76.5270996531807,3.497656384362628 -76.52708439504289,3.49767538817902 -76.52706189386122,3.497694392045552 -76.5270573939834,3.497697994950146 -76.52705197971271,3.4976997611553196 -76.52704565195593,3.49770067909994 -76.52703939437289,3.4976979941707205 -76.52700965269186,3.4976943887900362 -76.52699439529124,3.497689866312468 -76.52695565627232,3.497651852828314 -76.52693315927708,3.497624722007432 -76.52692774583983,3.4976165965883 -76.5269179035133,3.4975957535266935 -76.52686749596005,3.49751351177325 -76.52686208250562,3.497502631747251 -76.52685941042769,3.4974971912818353 -76.52682791442791,3.4974538087024754 -76.52681617319513,3.4974402428416314 -76.52679191680723,3.4974221544814106 -76.52677567655036,3.497404985776684 -76.52674692023892,3.4973832231293236 -76.52674242120817,3.497378701480693 -76.52672259449632,3.4973560914109583 -76.5267190089457,3.497351569756191 -76.52670459569254,3.497340758517982 -76.52670101014206,3.4973362368631458 -76.52669651111174,3.4973317152142886 -76.5266839265597,3.4973117900687827 -76.52667942662961,3.4973072684198474 -76.52667577088094,3.4973027467653686 -76.52665151449928,3.4972846584014405 -76.52663527424733,3.49726748878988 -76.52663077432358,3.4972638850414204 -76.52662543112395,3.4972611295652762 -76.52662001682049,3.4972575258226954 -76.52655877753051,3.4972349133038616 -76.52654260663105,3.4972258691463147 -76.52653719233973,3.4972241021090174 -76.5265101937974,3.497217742088352 -76.52645978217832,3.497196048299101 -76.52643552582595,3.497181563707206 -76.52642828366422,3.497177959974988 -76.52637878645103,3.4971598699532978 -76.52637252886781,3.497156266214519 -76.52634194471952,3.497135422370967 -76.52633653042346,3.497132736527449 -76.52632570364221,3.497129132816567 -76.52632028935142,3.49712729614416 -76.52630678965167,3.4971272944185436 -76.52628520364809,3.4971299777149136 -76.5262681184336,3.497130895720072 -76.5262564465987,3.4971318127876234 -76.52623844702616,3.4971363336711687 -76.52623029052913,3.4971399365940203 -76.52620153177097,3.497157102867879 -76.52619070413841,3.4971616237072123 -76.52618528988053,3.497165297151337 -76.5261610310264,3.4971833822019183 -76.52615470239358,3.4971879039182108 -76.52613761632593,3.49719694556842 -76.52611152961555,3.497215878895477 -76.52607728728499,3.4972348819037977 -76.52607194321934,3.4972376365417968 -76.52606470108987,3.4972394027520397 -76.52602061560725,3.4972466765823844 -76.52599811613086,3.497251196583225 -76.52598103004475,3.4972574836240815 -76.5259747013899,3.4972584015614623 -76.52596394393292,3.497259319524403 -76.52595761616753,3.4972584007558942 -76.52594953073574,3.4972565631924235 -76.5259422885753,3.4972529594564437 -76.5259369453729,3.4972493557094912 -76.52591170531329,3.497228582359335 -76.52590811887187,3.497224908968314 -76.52583345512485,3.4971353882987573 -76.52582979848603,3.49713178454167 -76.52582445528478,3.4971281816983995 -76.52581904188982,3.4971254253136923 -76.52581095645985,3.497123659191534 -76.52580462780062,3.4971236583227108 -76.5257911281158,3.4971263424666272 -76.52578480035655,3.497126341597664 -76.52575962882148,3.4971272587343347 -76.52572995739146,3.4971290937959325 -76.5256084575431,3.4971570637537157 -76.52555621560877,3.4971769838363587 -76.5255256289729,3.49719323129414 -76.52552021471224,3.4971969047344147 -76.52551480044635,3.4971995897357564 -76.52548245613873,3.4972140710338415 -76.52545904228995,3.4972203571941134 -76.52545271453482,3.497221275127956 -76.52544104271188,3.497224877157968 -76.52540862820382,3.4972393593581965 -76.52537354251707,3.497246634015664 -76.52534562878019,3.497255674802729 -76.52531862854076,3.4972683202663393 -76.52529071389353,3.497275524345997 -76.52528445633631,3.497276442278346 -76.52527271429561,3.4972764414332542 -76.52524121496423,3.4972709992993183 -76.52522595760122,3.497270998471228 -76.52519171607975,3.4972755176068357 -76.52519011951499,3.4972755176147414 -76.52518545851792,3.497275517637805 -76.525180044233,3.4972745988595135 -76.52516204461742,3.4972719130712826 -76.52510655993898,3.497271088588518 -76.52509996038427,3.497270990047987 -76.52505763338924,3.497264699693491 -76.52505130562032,3.4972628621137942 -76.52504596242966,3.4972610245293327 -76.5250135495693,3.4972447728676914 -76.52498563748493,3.4972230807001643 -76.52496496668357,3.4972104327588847 -76.52492355577131,3.4971823813644356 -76.52490647137125,3.497165211726689 -76.52489747153763,3.4971579345792185 -76.52487855930397,3.4971462045285695 -76.52487131714426,3.4971416828835573 -76.52486506045433,3.497135323623842 -76.52484973370873,3.4971163172711712 -76.524846148168,3.497111795609183 -76.5248272350238,3.4970973814891715 -76.52482364948708,3.497093707189632 -76.52481915046307,3.497088337264828 -76.5248153228229,3.4970826869928846 -76.52480922991825,3.4970736943065237 -76.52480564977456,3.4970684672625163 -76.52480206423422,3.497063944696018 -76.52478406546304,3.4970476938651895 -76.52477956644705,3.497044019569602 -76.52475974065716,3.4970142037112315 -76.5247552407336,3.4970087632479294 -76.52473907071929,3.496991593602952 -76.52469674710918,3.49693280925834 -76.52468149056867,3.4969138029025095 -76.52466257916004,3.4968830682328993 -76.52464366688777,3.49686045811473 -76.52464008134504,3.4968550176468636 -76.5246256698295,3.4968224462510373 -76.52460767279628,3.4967899454086697 -76.52459234604972,3.4967681835407722 -76.52457976243062,3.4967438081306765 -76.52457434902229,3.4967365309646046 -76.52456900581663,3.4967302422371094 -76.5245482648025,3.496710317097439 -76.52453750818549,3.49669583330277 -76.52453300916858,3.496691310739084 -76.52452759487251,3.4966867890835944 -76.52452218148032,3.4966831853287985 -76.52451585371661,3.496681418283632 -76.52449785409507,3.4966741402659074 -76.52449159742606,3.496671455319548 -76.52447718421986,3.496663329019462 -76.52447268430693,3.4966596547223685 -76.52445201352856,3.4966479255746363 -76.52443401478612,3.4966352776103165 -76.52442768701162,3.496630755958024 -76.52442135924818,3.496628918374031 -76.52440785954086,3.496625313747574 -76.5244016019796,3.496624394968224 -76.52438451676868,3.496624394133892 -76.5243665162931,3.49662799617638 -76.52436110292376,3.496629832904188 -76.5243556886578,3.4966325169945125 -76.52435118787841,3.4966370386912375 -76.52432777321613,3.4966633187811222 -76.5243133582904,3.4966750462643517 -76.52430527200633,3.4966831708486352 -76.52428277082426,3.496710299200591 -76.52426927028013,3.496722944580221 -76.52426568387583,3.4967266189103556 -76.52426118399886,3.4967319879691803 -76.5242467682209,3.4967564322198843 -76.52423959541846,3.496765474700716 -76.52421350869962,3.496789000191661 -76.52420718095652,3.4967926030897485 -76.52420000901857,3.496792602213347 -76.5241936812512,3.496789917265276 -76.52416759619557,3.496778116689782 -76.52416035493184,3.496770910066545 -76.52414151200655,3.49675734329481 -76.52413427074639,3.4967509840339113 -76.52411901424064,3.4967374181523425 -76.52411001527997,3.4967202493733938 -76.52411001437979,3.4967201960175913 -76.52410910536317,3.496710287214844 -76.52410551711405,3.4967021617722405 -76.52410482141954,3.4966994207333877 -76.52410636481007,3.496679586837094 -76.52410625050436,3.496677373023748 -76.5241063611965,3.49667595050328 -76.52410636209628,3.4966758971474703 -76.52410564026016,3.4966619061726756 -76.52410911133028,3.4966217238115727 -76.52412352880735,3.4965701485876908 -76.5241277478494,3.4965538289296294 -76.52413035055736,3.496545209696174 -76.52413337445617,3.496536731537469 -76.5241368906442,3.4965283944532413 -76.52414082802335,3.496520269886275 -76.52414525859193,3.496512357836289 -76.52415004015349,3.496504727937672 -76.52415517360771,3.496497309652231 -76.52416079845166,3.4964901744219437 -76.5241667049904,3.496483391881457 -76.52417296342237,3.496476962934831 -76.52418111991071,3.4964705339808186 -76.52418801103042,3.4964647416839743 -76.5241946906538,3.496458665426489 -76.52420115968111,3.4964523784595594 -76.52420734791369,3.4964458084366035 -76.5242133948489,3.4964390964334537 -76.52421909079125,3.496432172817083 -76.52422464543567,3.4964249670484917 -76.52422984908752,3.496417619300539 -76.5242348421436,3.4964101313813494 -76.52423955350524,3.4964024300400154 -76.52424398317247,3.496394517989547 -76.5242482022442,3.4963865344973666 -76.52425207032312,3.4963783393919976 -76.52425565670816,3.496370072845203 -76.5242589613991,3.4963616661274743 -76.52426191509751,3.4963531174304157 -76.52426458800208,3.4963444981962732 -76.52426697921281,3.496335807520717 -76.52426908872945,3.4963269766742373 -76.52427084725416,3.4963181449248073 -76.52427225388642,3.4963091730047346 -76.52427337972513,3.4963002001814374 -76.52427308182688,3.496298891608859 -76.52427337431094,3.496296556612917 -76.52427204141873,3.496290699235866 -76.5242486309695,3.496241877861232 -76.52424321843489,3.496226475236864 -76.5242432139348,3.4962264236897465 -76.52424055354385,3.4962129093074674 -76.52424054454386,3.496212857760368 -76.52423605443225,3.4961830942813443 -76.524229723002,3.496163170886302 -76.52422705183973,3.496156882146287 -76.52422430958599,3.4961523604785083 -76.52422072405191,3.4961478388140206 -76.52421531066042,3.496143316252326 -76.52420813870638,3.496137875796717 -76.52418739861994,3.4961197882589166 -76.5241640575467,3.4960890526914916 -76.52415140288,3.4960727312893276 -76.5240956472876,3.496047434518952 -76.52406773528648,3.4960329489746504 -76.52405606343945,3.496027507630382 -76.52404256462545,3.4960193822243903 -76.52399123961882,3.495989563752714 -76.52392824367305,3.4959551521992167 -76.52391832948351,3.495948863484332 -76.5238868319626,3.4959316224365495 -76.52388141768043,3.4959289374830624 -76.52387607450281,3.495928018696931 -76.52382292075556,3.495899966390068 -76.52353318278972,3.495713708563549 -76.52350259872547,3.495684740074283 -76.5234728597151,3.4956467273198846 -76.52344494858576,3.495615991748379 -76.52344136305744,3.495611470080846 -76.52343960538278,3.4956060296025897 -76.52343686403441,3.4956015079324407 -76.52341345190843,3.495573527857051 -76.52333070568709,3.4954378714176384 -76.52331270871932,3.495403463305285 -76.52328121205235,3.4953600806042093 -76.5232533009325,3.4953275083209325 -76.52324697315696,3.495317546176812 -76.52320563604033,3.4952406750451552 -76.52319213811218,3.495220820392404 -76.52316598463187,3.495179204744235 -76.52316239910657,3.4951746830755885 -76.5231579001035,3.4951701614094626 -76.52311649016347,3.495115897762621 -76.5231093191089,3.4951050168147266 -76.52310573447687,3.4950978101730823 -76.52310390660188,3.495090532988465 -76.5230931500232,3.4950752009097314 -76.5230877366359,3.4950679237347733 -76.52307965120923,3.495058879494968 -76.5230769098666,3.4950552766288063 -76.52306791006495,3.4950471502921174 -76.52303282703723,3.4950145780212165 -76.52301391486034,3.4949992450587133 -76.5229734175714,3.494967590700486 -76.5229527468485,3.494955790076617 -76.5229293347959,3.4949449788025158 -76.52290324979583,3.4949286565125854 -76.52285095075301,3.494752165576428 -76.52236006007229,3.4944725632215192 -76.52181685053385,3.494287630161725 -76.52012696703889,3.4937586822096303 -76.5186050532875,3.493287890303347 -76.51788663337703,3.4930787789664492 -76.51752482265508,3.4929603397197955 -76.5170396902768,3.4928014787811295 -76.51646969398624,3.4926347684932133 -76.51590110557072,3.4924453780279436 -76.51532780598168,3.4922615696552453 -76.51465705841474,3.492044122647683 -76.51455117295824,3.4920097771094443 -76.5141859881588,3.4918913365488877 -76.51351622462879,3.4916956497618448 -76.51344767376331,3.4916670306331317 -76.51301175863932,3.491521948246074 -76.51293280133265,3.4915010990487243 -76.5127319985355,3.4914480237321177 -76.51229467989579,3.4912763055972085 -76.51204705471136,3.491168330206124 -76.51184161588446,3.491059227436552 -76.51140542661302,3.4908401723433133 -76.51116961386168,3.4907261920454666 -76.51097528445713,3.4906221769898935 -76.51090125037346,3.4905772361657963 -76.51079256538654,3.4905442258772106 -76.50941888914537,3.4901270015478794 -76.50900811734176,3.4915745958086863 -76.50848132557684,3.4914092874314644 -76.50780884496452,3.4911982617068937 -76.50747784649568,3.4921457767507764 -76.50699922989908,3.492011777221921 -76.50664703743294,3.4929772372824606 -76.50792961253876,3.4934186997314796 -76.50793055031086,3.4934189484364677 -76.50852078975777,3.493575564559377 -76.50812193777045,3.4937400589157614 -76.5078051081155,3.493876656370168 -76.50780394983855,3.493877155547696 -76.50780392823694,3.493877316519161 -76.50780104109576,3.4938784550384683 -76.50780137943974,3.4938819584396916 -76.50780141453397,3.4938823183657903 -76.50780141633332,3.493882363582602 -76.5077981313991,3.4938837426497775 -76.50641327608295,3.4944650387742877 -76.506115706538,3.4945899437873282 -76.50529188220833,3.4949357441520648 -76.50278938600725,3.4960229483669987 -76.50195446131549,3.4963820094494893 -76.50105454971005,3.4967680348109536 -76.50001618927314,3.497222182581858 -76.49955281335426,3.497406675739904 -76.49814996247073,3.498032549201875 -76.49750575136864,3.498341941101389 -76.49739414182933,3.49842284291569 -76.49730937355584,3.4984938103539807 -76.49724831624343,3.498525649584201 -76.49724812718843,3.4985280343124234 -76.4972260460452,3.4983866671179404 -76.49725673779035,3.4982170705960374 -76.49734880575211,3.498001221546309 -76.49748690426472,3.497777665067214 -76.49767870786746,3.4974538932192223 -76.49782897591186,3.4972236602739324 -76.4979698284834,3.496985521373378 -76.49808792479789,3.4967558953187186 -76.49818697758245,3.496522440739351 -76.4982784121752,3.496281329860987 -76.49833365231189,3.4961531217039745 -76.4984060371638,3.4959809008383136 -76.4984669914541,3.4958431240322927 -76.498546992419,3.4956862128323913 -76.49859651578618,3.495598190486494 -76.49868031967526,3.4954948621552235 -76.49879078880795,3.495360917249259 -76.49884793062633,3.4952652407694917 -76.49890674809235,3.495173919605305 -76.49902300777424,3.49495399689996 -76.49911254412702,3.4948238352119296 -76.49919541193643,3.494719513849987 -76.49928875832214,3.4945682956793322 -76.49937543704631,3.494403678710301 -76.49946687902009,3.494252460477357 -76.49954498495563,3.4941079412540685 -76.49958784872133,3.4940017053812733 -76.49962404513069,3.4939098247817637 -76.49972310613494,3.4937624356494457 -76.49979930614664,3.4936858699532958 -76.49985699708888,3.493615639617242 -76.49989836651388,3.4935652789811282 -76.49991270419787,3.4935168792510924 -76.49994694598412,3.493416931015922 -76.49995551972043,3.493349934398678 -76.49998123777402,3.4932934664347255 -76.50006124734688,3.4932159440127295 -76.5001288753662,3.4931231081968943 -76.50020221885924,3.493000602149971 -76.50025651219411,3.492894366491878 -76.50034318922293,3.492793873157937 -76.50041748477555,3.4926742383794425 -76.50048416158377,3.4925325909954648 -76.50057226801977,3.4924177413402564 -76.50068025668516,3.4923030955744054 -76.50088183029656,3.4920516610409416</coordinates>
                        </LinearRing>
                    </outerBoundaryIs>
                </Polygon>
            </Placemark>
            <Placemark id="nur_upu_unidades_planificacion_urbana.3">
                <ExtendedData>
                    <SchemaData schemaUrl="#nur_upu_unidades_planificacion_urbana_1">
                        <SimpleData name="upu">2</SimpleData>
                        <SimpleData name="nombre_upu">INDUSTRIAL</SimpleData>
                        <SimpleData name="area_ha">1209.18984456</SimpleData>
                        <SimpleData name="estado">Formulada</SimpleData>
                        <SimpleData name="url1">http://idesc.cali.gov.co/download/upu/ficha_reglamentaria_upu_2_formulada.pdf</SimpleData>
                    </SchemaData>
                </ExtendedData>
                <Polygon>
                    <outerBoundaryIs>
                        <LinearRing>
                            <tessellate>1</tessellate>
                            <coordinates>-76.48594504001133,3.470453825344254 -76.4859213604791,3.4703777689087354 -76.48438815488765,3.4655015881681113 -76.48420201277649,3.464914711182557 -76.4840130923744,3.4642906965801186 -76.48387814204833,3.463901815048079 -76.48371620943773,3.4633772811152372 -76.48361724174683,3.463133098346897 -76.48332935900638,3.4622196840023864 -76.48323040262652,3.461876024211445 -76.48308645725852,3.4614600121124854 -76.48306623716982,3.461348191045543 -76.48305871885754,3.4613066102737244 -76.48303249294467,3.4611615745078943 -76.48300731544336,3.4609716610993813 -76.48299652560291,3.4608902686046785 -76.48296055989371,3.460600876879283 -76.48295159416462,3.4602934004066874 -76.48296962928973,3.4599678400913985 -76.48296964614697,3.4598141029367437 -76.48300567475734,3.459533761952455 -76.48305070403987,3.4592443779600335 -76.48316775473951,3.45872891818455 -76.48320049825831,3.4586604983044906 -76.48339279219675,3.4582586875913353 -76.48356382237485,3.457896970654006 -76.48366283815037,3.4576980268784347 -76.4837978585108,3.457435783666625 -76.48387323257562,3.457287253884703 -76.4840318944189,3.4569745966143985 -76.48467998935504,3.455726680754499 -76.48470798852323,3.45567294434427 -76.48528307597708,3.4545691936433944 -76.4854811057376,3.45418034904133 -76.4855711173089,3.4540175781622193 -76.4859905139812,3.4534228631021238 -76.4863737128516,3.452978506928646 -76.48657483963805,3.4528366653929567 -76.4866585786801,3.4523087150060925 -76.48701293389749,3.452323590396821 -76.48714077244232,3.4523310511714547 -76.48765333953591,3.452315080457838 -76.48832599471754,3.4523779133786396 -76.49006407617487,3.4526647559319716 -76.49007679763162,3.4526667332210894 -76.49040688219883,3.4527236618219663 -76.49041550456543,3.4527216761738035 -76.49042443461298,3.45272279150492 -76.49043336556053,3.4527239050273075 -76.49044229650808,3.4527250194539487 -76.49045122745571,3.4527261320718323 -76.49046015840335,3.4527272446896324 -76.49046908935101,3.4527283573073473 -76.4904780211987,3.4527294681163343 -76.49048695214647,3.4527305789252094 -76.49049588309427,3.4527316897339992 -76.49050481494203,3.4527327996383987 -76.49051374588993,3.452733908638348 -76.49052267773781,3.4527350167339055 -76.4905316095857,3.452736124829379 -76.49054054143365,3.4527372320204317 -76.49054947238167,3.452738339211372 -76.4905584042297,3.4527394454979197 -76.49056733607776,3.4527405508800473 -76.4905762688258,3.4527416562621203 -76.49058520067393,3.452742760739742 -76.4905941325221,3.4527438652172813 -76.4906030643703,3.4527449687904 -76.4906119971185,3.4527460714591265 -76.49062092896679,3.4527471741277407 -76.49062986171506,3.452748275891962 -76.49063879356345,3.4527493767517345 -76.49064772631179,3.4527504776114517 -76.49065665906018,3.4527515775667474 -76.49066559180862,3.452752676617624 -76.49067452455708,3.4527537756684157 -76.4906834573056,3.452754873814786 -76.49069239005414,3.452755971961074 -76.49070132280274,3.4527570682986033 -76.49071025555135,3.4527581655403865 -76.49071918919996,3.452759260973441 -76.49072812194865,3.4527603564063822 -76.49073705559732,3.4527614518392675 -76.49074598834609,3.4527625463677034 -76.49075492199485,3.452763639991748 -76.49076385564366,3.452764732711372 -76.49077278839255,3.452765825430884 -76.49078172204143,3.4527669172460027 -76.49079065569033,3.452768009061037 -76.49079958933928,3.452769099971652 -76.49080852298827,3.4527701899778465 -76.49081745753725,3.4527712799839843 -76.4908263911863,3.452772369085674 -76.49083532483543,3.452773457282942 -76.4908442593845,3.452774545480155 -76.49085319303369,3.452775632772919 -76.49086212758283,3.452776720065627 -76.4908710612321,3.4527778064538857 -76.49087999578134,3.4527788919377524 -76.49088893033061,3.4527799774215353 -76.49089786487993,3.452781062000897 -76.49090679942928,3.452782145675839 -76.49091573397867,3.452783229350696 -76.49092466852811,3.4527843121211332 -76.49093360307756,3.4527853948914853 -76.49094253762709,3.4527864758530806 -76.49095147307656,3.4527875577189566 -76.49096040762616,3.452788637776047 -76.49096934307572,3.452789717833083 -76.49097827762537,3.452790797890005 -76.49098721307503,3.4527918761381975 -76.49099614762478,3.4527929543862803 -76.49100508307448,3.4527940326343045 -76.49101401852423,3.452795109977909 -76.49102295397401,3.4527961864170935 -76.49103188942387,3.4527972619518574 -76.49104082487374,3.4527983374865356 -76.49104976032366,3.452799412116794 -76.49105869667353,3.452800486746997 -76.49106763212352,3.4528015604727513 -76.49107656757356,3.4528026332940835 -76.49108550392354,3.452803706115361 -76.49109443937364,3.4528047780321893 -76.49110337572371,3.4528058499489616 -76.49111231207382,3.4528069209613133 -76.49112124752403,3.4528079910692164 -76.49113018387426,3.4528090602727266 -76.49113988426893,3.4528102208378764 -76.49114887283484,3.4528106642420324 -76.49115786230124,3.4528110895594026 -76.49116685266816,3.4528114967899857 -76.49117584393554,3.452811886838121 -76.49118483520346,3.4528122597037796 -76.49119382827182,3.452812614482679 -76.49120282134068,3.4528129529834373 -76.49121181441014,3.452813272493046 -76.49122080927998,3.4528135757245693 -76.49122980415038,3.4528138608692798 -76.49123879902132,3.452814128831512 -76.49124779569269,3.4528143787069867 -76.49125679146464,3.452814611399956 -76.49126578903703,3.452814826006166 -76.49127478571,3.4528150243342086 -76.49128378328346,3.4528152045754643 -76.49129278175742,3.452815366729936 -76.49130177933196,3.4528155117018997 -76.49131077780699,3.4528156394914156 -76.49131977718247,3.4528157500984813 -76.49132877565857,3.452815842618705 -76.49133777503515,3.452815917052142 -76.49134677441225,3.452815975207439 -76.4913557737899,3.452816015275922 -76.4913647731681,3.452816037257591 -76.49137377254681,3.452816042961119 -76.49138277192604,3.4528160305778317 -76.49139177130586,3.452816000107733 -76.49140076978624,3.4528159524551265 -76.4914097691671,3.452815887620071 -76.4914187685485,3.452815804698202 -76.49142776703049,3.452815704593828 -76.491436765513,3.452815587306976 -76.49144576399603,3.452815452837647 -76.49145476247962,3.4528153002815034 -76.49146376006381,3.452815129638518 -76.49147275764852,3.452814941813056 -76.4914817543338,3.4528147368050885 -76.49149075101964,3.4528145146146434 -76.49149974770599,3.452814274337385 -76.49150874349293,3.4528140168776202 -76.49151773838048,3.4528137413310147 -76.49152673326854,3.452813448601931 -76.49153572725719,3.4528131386903422 -76.49154472124634,3.4528128115962766 -76.49155371343619,3.452812466415342 -76.49156270562655,3.4528121031475933 -76.49157169691748,3.452811723601675 -76.49158068820893,3.4528113259689444 -76.49158967770106,3.4528109102493447 -76.49160288250908,3.452810268574508 -76.4920198713034,3.452784303270068 -76.49248574748466,3.4527554525909756 -76.49268992858651,3.4527381342512635 -76.49278857204921,3.4527251300793584 -76.49299196102174,3.452713796549686 -76.493362715461,3.452687009072395 -76.4938283826744,3.4526617217157574 -76.49426735578875,3.452640901715228 -76.49456989112691,3.4526200687316915 -76.49491395039843,3.4526022192788055 -76.4951245387605,3.4525932991595685 -76.49548639412497,3.452581412266723 -76.49549919484384,3.4525812190776732 -76.49550819332424,3.4525810909000643 -76.49551719180448,3.452580968148388 -76.4955261911845,3.452580851727006 -76.49553518966442,3.4525807416358694 -76.49554418814417,3.4525806378750024 -76.49555318752367,3.4525805404444285 -76.49556218600311,3.4525804484397655 -76.4955711853823,3.4525803636697305 -76.49558018386139,3.452580284325606 -76.49558918324027,3.452580211311775 -76.49559818261898,3.452580144628213 -76.49560718199754,3.4525800833705853 -76.49561618047599,3.4525800293475384 -76.49562517985422,3.4525799807504494 -76.49563417923228,3.4525799384836304 -76.4956431786102,3.45257990254708 -76.49565217798794,3.4525798729407997 -76.49566117736553,3.452579848760453 -76.4956652810814,3.452579849772713 -76.49567017674295,3.452579831814712 -76.4956791761202,3.452579820294904 -76.4956881754973,3.4525798151053655 -76.49569717487425,3.452579816246098 -76.49570617425105,3.452579822812762 -76.49571517362767,3.452579836614033 -76.49572417300413,3.452579855841237 -76.49573317238045,3.4525798813987105 -76.49574217175659,3.452579913286453 -76.49575117113257,3.4525799515044673 -76.49576017050842,3.4525799951484135 -76.49576916988407,3.452580046026966 -76.4957781692596,3.4525801023314506 -76.495787167735,3.4525801649661827 -76.4957961671102,3.452580233931208 -76.49580516648524,3.4525803092265024 -76.4958141649602,3.4525803899477068 -76.49582316433492,3.4525804769992035 -76.49583216280953,3.4525805712852833 -76.49584116218395,3.4525806700929835 -76.49585016065826,3.452580776135266 -76.49585915913242,3.4525808885078195 -76.49586815850637,3.4525810063063287 -76.4958771569802,3.4525811313394206 -76.49588615545389,3.4525812617984455 -76.4958951539274,3.4525813985877414 -76.49590415150088,3.452581540802946 -76.49591314997407,3.4525816902527806 -76.49592214844715,3.4525818451285475 -76.49593114602014,3.452582006334562 -76.49594014359295,3.452582173870845 -76.49594914116561,3.4525823477373985 -76.49595813963803,3.4525825279342444 -76.49596713631047,3.452582713556977 -76.49597613388266,3.452582905510004 -76.49598513145469,3.4525831046976356 -76.49599412812665,3.452583309311178 -76.4960031256984,3.4525835193506764 -76.49601212237003,3.4525837366247574 -76.49602111904153,3.4525839593247722 -76.49603011571287,3.4525841883550568 -76.49603911148411,3.4525844237155887 -76.49604810815514,3.452584665406412 -76.49605710392608,3.452584913427483 -76.49606609969688,3.452585166874487 -76.49607509546749,3.452585427556097 -76.49608409123798,3.4525856936636403 -76.49609308610836,3.45258596610143 -76.49610208097862,3.452586243965153 -76.4961110758487,3.4525865290634834 -76.49612007071866,3.452586819587746 -76.49612906558842,3.4525871173466145 -76.4961380595581,3.4525874205313944 -76.49614705352768,3.4525877291421065 -76.49615604749705,3.452588044987425 -76.4961650414663,3.452588367163015 -76.4961740354354,3.4525886947645366 -76.49618302850439,3.4525890286963046 -76.49619202157325,3.452589368958344 -76.49620101374201,3.452589715550628 -76.49621000681057,3.45259006756887 -76.49621903505442,3.452587368356715 -76.49635768660345,3.452589492580578 -76.49636721154049,3.45258963842221 -76.49639703096499,3.4525900958737052 -76.49654266221256,3.4526009498084784 -76.49682044198543,3.4526172375844446 -76.49713058423067,3.4526416587783118 -76.4975027536084,3.452674215890006 -76.49786413642201,3.452704061396265 -76.49820394427566,3.4527284847582904 -76.49851408575788,3.452750195202936 -76.4986165677965,3.4527583348036766 -76.49861656900748,3.45274478513034 -76.49871096072884,3.4527475039404725 -76.49884310838286,3.452752936617549 -76.49920179542067,3.4527665206776037 -76.49937632587762,3.4527619522741797 -76.49959231077295,3.4527710158214298 -76.49979929649001,3.452771034852982 -76.50051024705392,3.4527891884551924 -76.5008972201748,3.4527982679717852 -76.50146417728958,3.452852580463273 -76.50153951996089,3.4528594703112243 -76.50166216238927,3.452870685635764 -76.50171615866958,3.4528706903295805 -76.5018781460804,3.4528978353914987 -76.50355200645711,3.453205463440961 -76.50401096909675,3.4532868953219373 -76.5043259442257,3.4533230968451334 -76.5045419293008,3.453332159263927 -76.50474891499557,3.4533412214831523 -76.50515388715854,3.4533503004657997 -76.50525580772646,3.4533605518692534 -76.50551386017875,3.4533865059427384 -76.5065037823131,3.453531286445443 -76.50949154731114,3.4539837113995295 -76.50952696885751,3.453988568100224 -76.50952740532728,3.453988627791524 -76.50937984037259,3.452923888289434 -76.50938123327576,3.452864129748737 -76.51024794945126,3.4529239578321422 -76.51117657355448,3.4530579603239295 -76.51138848992288,3.4530771044924853 -76.51150748683116,3.4530903116644365 -76.51150748890441,3.453061452477397 -76.5114984956078,3.452989104565233 -76.51126457109595,3.4522475273515933 -76.51103964721311,3.451505950160103 -76.51098566334636,3.4513522078803827 -76.5107967240565,3.45076437181485 -76.51061678534695,3.4501674933381397 -76.51051694381145,3.4498238362464497 -76.51071580608664,3.4498238528032767 -76.51138175794293,3.449841994151302 -76.51166973810486,3.4498420176975797 -76.51194871997785,3.4498239534385573 -76.51203871447615,3.4498149172169175 -76.51214670767598,3.4498058829554292 -76.51225470185227,3.449787804411444 -76.5124076927809,3.4497697298608028 -76.51280367022365,3.4496974151977042 -76.5130106592443,3.4496522145098862 -76.51325364758257,3.449588930036301 -76.51344263786034,3.4495437282105903 -76.51382061836254,3.449453324445852 -76.5139016144233,3.449435243712746 -76.51398260958109,3.4494171638770346 -76.51434259032966,3.449335801335824 -76.51449558311914,3.449290596349723 -76.51484656533069,3.4492092335590425 -76.51501755676752,3.449164029501201 -76.5154135356616,3.449073626109336 -76.51553952843092,3.4490465057306756 -76.51591750759616,3.448965144494049 -76.51636748136218,3.4489018755860563 -76.51643947614664,3.4488928370575693 -76.51652047117271,3.448883800370709 -76.51661946484586,3.448883808022412 -76.5167994526418,3.4488747780487268 -76.51687144832013,3.4488657403917555 -76.51797267839805,3.4487583857196373 -76.51794147409746,3.449080660454422 -76.51798042831811,3.4502084949046754 -76.51812673694285,3.4513461452778595 -76.5181852697916,3.451679596020832 -76.51834137963029,3.4522484277089265 -76.51848773446488,3.452753510852072 -76.51855642802681,3.452992381548316 -76.51866824007419,3.4533811877045673 -76.51899510959271,3.454391357512687 -76.51905178288784,3.4546405981715433 -76.51919023773947,3.455249504423591 -76.51942439929434,3.4561812091510653 -76.51975614094029,3.457328680429367 -76.5200390975438,3.4583143277683077 -76.52023424370442,3.4589518126898775 -76.52046841619712,3.459760926147852 -76.52060501790051,3.4602169721462976 -76.52074162781284,3.4605602356165805 -76.52084753796817,3.4608694526182173 -76.52099493301675,3.4612207474551684 -76.5211295373124,3.461697510806433 -76.52129119508346,3.4622255961058555 -76.52120435289666,3.462205860836549 -76.5210936315311,3.4621986822833164 -76.52097576640939,3.4622381629546384 -76.52083647085938,3.462338657382954 -76.5206793176306,3.4624427411038727 -76.52053320851839,3.4625757961181622 -76.5204342071129,3.4626752658737194 -76.52015520263177,3.4629555910709096 -76.51992617028552,3.4632419119688875 -76.5198194956974,3.4634620427288776 -76.51979473264537,3.4635634947762455 -76.51980616188493,3.4636917450509084 -76.51979768874375,3.4638516344198993 -76.51976197146062,3.464007162151465 -76.51970244331496,3.4641716617804006 -76.5196425155894,3.4643175465458547 -76.51959828755218,3.4643679659643847 -76.51950013360103,3.4644798593913033 -76.51947280391408,3.4645110146504963 -76.51914364174111,3.4647895751181674 -76.51912012512236,3.4648184541581726 -76.51903912141029,3.464926968961654 -76.51901211925416,3.46497218392426 -76.51890631101301,3.4651345546146928 -76.5187863022885,3.465371912831871 -76.5186834366228,3.4656245850976433 -76.51859814511282,3.4658867375448823 -76.51855366480102,3.466013163663973 -76.51843937051497,3.466272773943149 -76.51834605167113,3.4663829028961155 -76.51827404724676,3.4664914185556275 -76.51821104231604,3.466599934231867 -76.51814803734803,3.466717494170685 -76.51808502864698,3.4668802700140606 -76.51804002362032,3.466979744171085 -76.51800401809881,3.4670792192545457 -76.51795901305428,3.467178692502937 -76.51790500848388,3.467278165723637 -76.51787800525622,3.467341467376628 -76.51780599790138,3.4674861564483557 -76.51774299004441,3.4676308464454184 -76.51769798399211,3.4677484073094997 -76.5176439756236,3.4678930973264204 -76.5175989705029,3.467992570555847 -76.51753596348085,3.468137260537469 -76.51749995882098,3.468218647969996 -76.51743664667268,3.468367065617245 -76.51742931920144,3.4683842416510977 -76.51739194567419,3.468471855429496 -76.51735594195023,3.4685351561312174 -76.51731993912139,3.4685984568314763 -76.51728393532552,3.4686798451592624 -76.51724792779767,3.4687974060304128 -76.51719392020107,3.4689420960182162 -76.51711291215464,3.46909582836192 -76.51705890735359,3.4692043448921557 -76.51703294712172,3.4692512916015685 -76.51701390307701,3.469285731366354 -76.5169688987586,3.469376162104784 -76.5169238934971,3.4694756362030517 -76.51688788776431,3.4695751103340924 -76.51682488247118,3.4696836268146103 -76.51675287855964,3.469783098083523 -76.51671340794445,3.4698898756124237 -76.5166448679222,3.4699910877339604 -76.51656339535486,3.4701368039887655 -76.5164576725487,3.4702918528802797 -76.51638766630242,3.470425366056134 -76.51631184284167,3.4705336663070026 -76.51621622399584,3.470633532621012 -76.51609907087108,3.4707627400110206 -76.51601620689546,3.470893381829404 -76.51589048213629,3.47110441981969 -76.51570475192017,3.471309714949797 -76.51552330875388,3.4715638216103217 -76.51537472411864,3.47175619662028 -76.51526185795547,3.4719169869626763 -76.51523508481802,3.4719786390254717 -76.51519327951405,3.472074906277224 -76.51513137033317,3.472126589638275 -76.51505612500577,3.4722797231566234 -76.51501326411413,3.4723601183896107 -76.51494182960683,3.4724385998750185 -76.51482396247128,3.472559432039464 -76.51471005766369,3.4727048974259 -76.51469402207931,3.4727299284464217 -76.51464674790368,3.4727853404438487 -76.51460174510758,3.4728576843389414 -76.5145567414618,3.4729209848702727 -76.5144847341364,3.4730566294040552 -76.51430748786554,3.4732872963584516 -76.51420843114893,3.4734538291948747 -76.51409032543778,3.473687358727498 -76.51401793705313,3.4738596351641124 -76.51380839528497,3.4741237902659226 -76.5135893274252,3.4743764610844416 -76.51352870990885,3.4744873747450016 -76.51337426032134,3.474674521414777 -76.5131976531101,3.474819988842538 -76.51294546084702,3.4750961882635494 -76.5127568719576,3.4752876048270718 -76.51265400528003,3.4754483949259596 -76.51252080335817,3.475747795059806 -76.5124956068498,3.4757875747799307 -76.51244160227257,3.4758689609457587 -76.51237859800969,3.4759593894865706 -76.51229206581858,3.476080072380006 -76.51207378893193,3.4764487194202984 -76.5120185676249,3.476520050236724 -76.51198473678414,3.476567636092896 -76.5119735645332,3.4765833506388457 -76.51188356136235,3.4766737770892076 -76.51181155747001,3.4767551621464174 -76.51173955249729,3.4768546330149364 -76.51165854897111,3.476936017071214 -76.51161790185775,3.47697685559773 -76.51158654602504,3.477008358750013 -76.51149654170433,3.4771168718835312 -76.51144253589199,3.477216344710459 -76.51136153024656,3.4773248588220698 -76.51128952419509,3.4774333730152205 -76.51122651980742,3.477514759019099 -76.51119254580405,3.4775616919135133 -76.5111545147157,3.4776142298408916 -76.5110915112044,3.477695614931018 -76.51103750531657,3.477795088637586 -76.51097449880923,3.477903603800818 -76.510920493981,3.477984989874975 -76.51088380290247,3.478037651698624 -76.51085748943254,3.478075418309053 -76.51084262535662,3.4781052847575364 -76.51082148481592,3.478147762106808 -76.51077648057387,3.4782201058093927 -76.51073147424395,3.4783195795907633 -76.51068646989275,3.4784009666490756 -76.51062346231025,3.478518525147463 -76.51053345574489,3.478645124905155 -76.51043444654087,3.4787988546376205 -76.51037144189192,3.4788892830372604 -76.51029943760382,3.4789797113342127 -76.51024543365459,3.479052054007177 -76.5101644277153,3.479160567106213 -76.50998294983158,3.479354982854397 -76.50983436275615,3.479555969848111 -76.5097504000096,3.479694092645794 -76.50971439535033,3.4797573939424895 -76.50961529215826,3.4799234903779945 -76.50943051010687,3.4802833542475202 -76.50926433917178,3.4806436080703773 -76.50919233262793,3.480752122093698 -76.50900974967851,3.4809715678435795 -76.5088990248583,3.481148438314187 -76.50878472786175,3.4812668768658965 -76.50864185640921,3.4813566023738827 -76.50851169461409,3.4814873939194237 -76.50837754408575,3.4816221916030052 -76.50812037643507,3.481819588492993 -76.50789627874406,3.4819547828179505 -76.50780627900461,3.4819909487073275 -76.50760018385803,3.4820811063704196 -76.50748969737941,3.4821098175049063 -76.50736587567597,3.4821691555846677 -76.50726110353288,3.482228493918074 -76.50708627865723,3.4823074046838807 -76.5068020142413,3.482328024845606 -76.50667438316323,3.482370134273669 -76.50651055749023,3.4824562707385764 -76.50635244714616,3.4825041221990927 -76.50623799771343,3.4825538028674337 -76.50603447384107,3.4826804085794745 -76.50599050673513,3.4827491320030366 -76.50591049843112,3.4828333551803787 -76.50577715207096,3.4829003490081405 -76.50566475979215,3.482955858987648 -76.50555808288453,3.48303051021922 -76.50542473677766,3.483078362822192 -76.50531234451883,3.4831300438008004 -76.50521138188668,3.4831778968988996 -76.50510661083497,3.483210435898817 -76.50489027127202,3.483274854489023 -76.50480927096152,3.4833110211436216 -76.50471027235938,3.483338142319466 -76.50463037445147,3.483376961394386 -76.50448940787248,3.4834458702917326 -76.50430653314724,3.4835300906583555 -76.50419985530073,3.48359708562601 -76.5041471190677,3.4836468647794985 -76.50407412783537,3.483715762139696 -76.50400554832883,3.4838306115923285 -76.5039731620958,3.4839339775185554 -76.50394777750462,3.484145572679327 -76.50392172142777,3.4843627530049845 -76.50391600491676,3.4844603759633626 -76.50392438014224,3.4845557781225773 -76.50393314587748,3.4846556232906782 -76.50393077034795,3.4847361398901 -76.50393617019894,3.4847850148188706 -76.50394516638775,3.484830232676953 -76.50392564944838,3.484996924947297 -76.5039413625047,3.485121825767523 -76.50394850302973,3.4853170729146226 -76.50394363490594,3.4855332127198326 -76.50394646189794,3.4857275644962957 -76.50393693342473,3.4859610945956634 -76.50391978487079,3.486196539037553 -76.50390644621683,3.4864128405642028 -76.50390900413588,3.4866569932033475 -76.50390898623638,3.4868559479941834 -76.50391553201388,3.4869415561590054 -76.50390561075238,3.4870943887404384 -76.50390132159056,3.4872422593306207 -76.50390131858326,3.4874131001267585 -76.50388417199109,3.4875351290907664 -76.50382559218866,3.487727502886453 -76.50376272567206,3.4879270552185333 -76.5037070038126,3.4880361632396455 -76.50362270802842,3.4881352199527598 -76.50342287632897,3.488248585666386 -76.50319053404561,3.4884089101806173 -76.50291090239551,3.488294266825645 -76.50242120123951,3.488135016597634 -76.50063021897688,3.487476505277911 -76.49963049193298,3.4871485577539967 -76.49958909447402,3.48713589341424 -76.49886507968087,3.4869132801007696 -76.49827906823286,3.4868901343491547 -76.4970361046498,3.4865072678845843 -76.4957463122185,3.4861226622130377 -76.4953773334607,3.486032191664158 -76.49526833473773,3.485992388911237 -76.49503535662687,3.4859055509863106 -76.49478337400959,3.485815091520833 -76.49453139308662,3.4856975028177875 -76.49398243222899,3.485489449487673 -76.4928754944658,3.485227078688406 -76.49263250932391,3.48516375079526 -76.49250651660698,3.485127564559335 -76.49236252660067,3.4850823325988594 -76.49222753539196,3.485037101792562 -76.49209254419627,3.484991870966898 -76.49194855450403,3.4849375955849884 -76.4918135645106,3.4848833213612496 -76.49166957602694,3.484820003482936 -76.49149858997482,3.48473859531733 -76.49137260207354,3.4846662345930133 -76.4912736111501,3.4846029207661995 -76.49104863593527,3.484440116991362 -76.49093483251484,3.484347182951912 -76.49090465286949,3.484322537943124 -76.49086865799622,3.4842863606590417 -76.49074267314217,3.48417782641788 -76.49064368705442,3.4840783390922767 -76.49054470127398,3.483969808398041 -76.49042771973434,3.4838341452323123 -76.49033773367518,3.4837256148050946 -76.49025674849578,3.483608043110367 -76.4901667648577,3.4834814259502083 -76.4900587896373,3.4832824604262935 -76.48992382230611,3.4830111444293625 -76.48987408173096,3.4828823997466967 -76.48956393279961,3.4820796377619043 -76.48941098621323,3.4816184087559603 -76.48940199045107,3.4815822350233407 -76.48926705259873,3.481030573906077 -76.48914109834784,3.480641695330337 -76.48901514960367,3.4801985556787245 -76.48888020254424,3.479746372344859 -76.48873625598284,3.4792941877792978 -76.48864628892471,3.479013833365825 -76.48852933119606,3.4786520850787546 -76.48835839547691,3.4781094641279324 -76.48828642635465,3.4778471979141474 -76.48824341690047,3.477723674097842 -76.48822344781128,3.477666323140144 -76.48808849754185,3.4772503131119916 -76.48789956857857,3.47665342947996 -76.48780722765136,3.4763807653654673 -76.48775561930404,3.476228374821409 -76.48685596445316,3.473361524757714 -76.48672102058809,3.4729002977074295 -76.48648710660339,3.4721948881970333 -76.48594701428075,3.4704601648124185 -76.48594504001133,3.470453825344254</coordinates>
                        </LinearRing>
                    </outerBoundaryIs>
                </Polygon>
            </Placemark>
            <Placemark id="nur_upu_unidades_planificacion_urbana.4">
                <ExtendedData>
                    <SchemaData schemaUrl="#nur_upu_unidades_planificacion_urbana_1">
                        <SimpleData name="upu">7</SimpleData>
                        <SimpleData name="nombre_upu">VERSALLES</SimpleData>
                        <SimpleData name="area_ha">289.425064371</SimpleData>
                        <SimpleData name="estado">Adoptada</SimpleData>
                        <SimpleData name="url1">http://idesc.cali.gov.co/download/upu/acuerdo_0423_2017_upu_7.pdf</SimpleData>
                    </SchemaData>
                </ExtendedData>
                <Polygon>
                    <outerBoundaryIs>
                        <LinearRing>
                            <tessellate>1</tessellate>
                            <coordinates>-76.52315662362369,3.468416600439599 -76.52316065899086,3.4684089696393032 -76.52327766927216,3.468173849121576 -76.52330402422837,3.468120892019207 -76.52330567203175,3.468117581239423 -76.52329567438795,3.4680924606162735 -76.52329117004173,3.468063027197565 -76.52328872212541,3.468047028592134 -76.52328824694168,3.4680439258158495 -76.52327768310384,3.4679748951476643 -76.52327768482635,3.467947765060248 -76.52327294378271,3.4679143977793645 -76.52326868962334,3.467884460644427 -76.52326869394311,3.4678211562026395 -76.52327769780968,3.46776689690607 -76.5232797577587,3.4677524121464036 -76.52328670164934,3.467703593342497 -76.52330462300921,3.4676045829402242 -76.52330578212887,3.4675981793318376 -76.52332094517652,3.4675144133333213 -76.52332271355361,3.4675046419749034 -76.52332800696233,3.4674674240007706 -76.52334178404202,3.467370565025409 -76.52335785144858,3.4672576007184035 -76.52335872888328,3.467251429525159 -76.5233636812658,3.467234015611422 -76.52337673222833,3.467188126837646 -76.52338784741407,3.467149045008499 -76.52339473557097,3.4671248241497072 -76.5233947398824,3.4670615206112454 -76.52339474419384,3.4669982170726987 -76.52339474592922,3.4669765283760356 -76.52339474765914,3.4669529993550605 -76.52337675551121,3.466844478152524 -76.52336085410057,3.46678587359228 -76.52335734695288,3.4667729470200443 -76.52334766247394,3.4667372547047934 -76.52332277225948,3.4666455198109594 -76.52326656171272,3.466467954450778 -76.5232597886218,3.466446560586899 -76.52325079086204,3.466428472982732 -76.52324179220267,3.4664103853784742 -76.52323036637141,3.4663905515076423 -76.52315313942802,3.466256485678349 -76.52314280974552,3.4662385545269108 -76.52313356000367,3.4662204262270992 -76.5230425493302,3.4660420606085394 -76.52299927949423,3.4659572583948997 -76.5229628430225,3.4658858493821625 -76.5229423960346,3.4658392670718134 -76.52289563255684,3.465732733660808 -76.52286939886417,3.465672970661575 -76.5228278713404,3.4655783645253746 -76.52277515818209,3.465412792431341 -76.52275589101566,3.4653522751956984 -76.52271975047795,3.465196581124492 -76.52269501152261,3.465090006051964 -76.52269291371995,3.465080969024033 -76.52265285304671,3.46493601123882 -76.52264792668448,3.464918184972468 -76.52258192030227,3.4646859732562616 -76.52254835555091,3.4645678941353397 -76.52253995896463,3.464538354911656 -76.5225399598458,3.464529311548524 -76.52249497899714,3.4642851363148495 -76.52246601485328,3.4641894801996034 -76.5224589466095,3.4641661365804093 -76.52243199747089,3.464077133662144 -76.52242036286344,3.4640403796483135 -76.52230603183418,3.4636792159722667 -76.52227003915819,3.463597823055336 -76.5222677190765,3.463589271655183 -76.52226571307884,3.4635818778049603 -76.52226353069021,3.4635738337372275 -76.52224304773728,3.4634983433942477 -76.52222302828248,3.4634352931005004 -76.5222019756845,3.4633689926232494 -76.52214333116973,3.4631842983044523 -76.52210808543491,3.4630732946944156 -76.52202021237268,3.4628304117964 -76.52197198219211,3.462697104553043 -76.52196412112032,3.4626753751709614 -76.52194901003895,3.46262980930198 -76.52179834994047,3.4626849903065917 -76.52150385763319,3.4628369281959115 -76.52134402292371,3.4622973307364497 -76.52132462090974,3.4622249440529527 -76.5213829365662,3.462223806348941 -76.52184011042274,3.462183128791605 -76.52210441400459,3.462180736427297 -76.52240443468175,3.46218193142233 -76.52274374344405,3.462185520010418 -76.52292232715935,3.462211839386305 -76.52311281635225,3.462264479405961 -76.5233165384112,3.4623257584737988 -76.52347474563368,3.462373347795351 -76.523680712081,3.462396077631793 -76.52374373446116,3.4623928814968647 -76.52394025405901,3.4623829168362863 -76.5241081219611,3.46235181066757 -76.52419602046987,3.462295708018979 -76.52423432118674,3.4622632792734516 -76.52432356561928,3.4621105654503017 -76.52434902765052,3.462069633276281 -76.52439403092298,3.4619792030761185 -76.524457033981,3.461879729435958 -76.52452003788831,3.4617712133320917 -76.52456504199246,3.461671738855243 -76.52461904468834,3.4615813086054548 -76.52467304655198,3.461508965079807 -76.52483054738657,3.461185232759657 -76.52505675077894,3.4608442679570097 -76.5252489542529,3.4607220034570356 -76.52538117651362,3.46063789408202 -76.5256990536036,3.4605052172157698 -76.5260121689906,3.4603716992369513 -76.52628004309479,3.4602281342517 -76.52649731863768,3.460087560149859 -76.52664911320063,3.4599410042366063 -76.52676204457124,3.4598038066274532 -76.52684203492232,3.4597546915893633 -76.52691403546356,3.4596913920817687 -76.52695903670214,3.4596190484834306 -76.52699503939041,3.459546703135483 -76.52742891802211,3.4588194074202785 -76.52759414711856,3.4584993335122394 -76.5276759543879,3.4583408606025827 -76.52773423302298,3.4582361551864707 -76.52777417375563,3.458164395787067 -76.52800335381322,3.4580058755911254 -76.52829206112037,3.457923122873722 -76.52839906128935,3.4578828093876393 -76.5286330496268,3.457837607779759 -76.52887197500316,3.457789605340655 -76.52924004696882,3.457779642576599 -76.52948514284941,3.4577897344983146 -76.52967578948116,3.4577975841285857 -76.52991508985181,3.4578191167548296 -76.53011153071449,3.457776045768508 -76.53026725423423,3.457701390306056 -76.53045964597396,3.457548254310431 -76.53068822912255,3.4573376916203786 -76.53090347933376,3.4571922114008937 -76.53110866539215,3.4571249454945345 -76.5312699349763,3.4570419527269274 -76.53133293559975,3.456978652982202 -76.53142293357038,3.456915354732206 -76.53152193174314,3.4568430139092277 -76.5316389318104,3.456725456947197 -76.53173793211774,3.4566078983747 -76.53182793457275,3.4564722531698564 -76.53187293766565,3.4563727783361116 -76.53189094182653,3.4562913887442246 -76.53189995021339,3.4561376514389615 -76.53191795879955,3.4559748715648575 -76.53194496905651,3.4557759190274204 -76.53195396914849,3.455757832189813 -76.53196297683638,3.4556221816115977 -76.53199898342024,3.455468446690538 -76.53203499610605,3.4552242772159967 -76.5320620040535,3.4550614972269784 -76.53206700475847,3.4550397261698484 -76.53220340066588,3.454603852404632 -76.53229102158366,3.4543913774651593 -76.53242055066815,3.454165501534417 -76.53252722251001,3.4540410788640394 -76.53266503071191,3.4539401522545927 -76.53274903844887,3.453887398515763 -76.53280902699943,3.4538497276046543 -76.5329350227994,3.4537683438201876 -76.53294273703365,3.453765114333678 -76.53304301847432,3.453723133716369 -76.53316001286538,3.4536960102104706 -76.53326800918089,3.4536327124466473 -76.53335800527157,3.453596544104649 -76.53342100253832,3.453578461042591 -76.53357399497833,3.4535242096138203 -76.53381698500782,3.4534157030446333 -76.53385164058996,3.4534048224862657 -76.5342364346598,3.453226692557917 -76.5344126346987,3.4531788352214936 -76.53464121825635,3.4531261922302243 -76.53496513955633,3.453021302409561 -76.53518492268161,3.452918394589316 -76.53526591925153,3.452882226204899 -76.53568890152287,3.4526923387176875 -76.53579689906832,3.4526109539349488 -76.53588689572126,3.4525657419874274 -76.5360488929694,3.4524210572662146 -76.53618389054022,3.4522944569801615 -76.53633688907469,3.452140727183841 -76.53640888811228,3.4520593411212124 -76.53654388573548,3.4519417841485085 -76.53668788194838,3.4518332712727764 -76.53680487793488,3.4517609304907118 -76.53691287453461,3.451688589849583 -76.53700287297018,3.4515981609695854 -76.53709287080139,3.451525817907107 -76.53720986820458,3.4514353903443364 -76.53737186299675,3.4513268788563143 -76.53751585754358,3.4512364525847685 -76.53770485035847,3.451127942364728 -76.53784884517059,3.451055602773078 -76.53795880471375,3.451002036002931 -76.53814583229105,3.4509109242614646 -76.53824482803356,3.450865712826789 -76.5384698161103,3.4507933770514243 -76.5385418124548,3.450775294383039 -76.53877721214978,3.450718874660044 -76.53903436909181,3.4506844144586144 -76.53934676715726,3.4506690951849968 -76.5396782145382,3.4506729166111523 -76.53991060800456,3.45068822592786 -76.54011062045161,3.450726505099665 -76.54028396440775,3.4507743562824675 -76.54044968941828,3.4508604908713094 -76.54056969851997,3.450942798341062 -76.5408406012484,3.4511709865259617 -76.54099861804998,3.451281852072866 -76.54107061034011,3.4513270727681884 -76.54116060105318,3.4513994240662074 -76.54121459462667,3.451444644237321 -76.54125059037123,3.4514898629899284 -76.54130458465785,3.4515260388863904 -76.5413855784576,3.4515441301694376 -76.54151156839677,3.451571266529292 -76.54145322152725,3.4520075251702136 -76.54119114698736,3.4521635922642395 -76.54115873478656,3.4521609061860907 -76.54111015243306,3.4521545452343636 -76.54105889818601,3.4521491022395177 -76.54101840179015,3.4521436599138866 -76.5409967464838,3.452138289527032 -76.54096257829264,3.452125570770999 -76.54093825178039,3.452111156171073 -76.54089149919128,3.4520713066840014 -76.54086358955135,3.4520342837466633 -76.54084741980392,3.452007153093978 -76.54083026638713,3.4519781848502884 -76.54081768208692,3.4519555758027907 -76.54079877025318,3.4519293631094086 -76.54077901521676,3.4519049166028104 -76.5407636889642,3.451889584808886 -76.54075019061705,3.4518805399230823 -76.54071777986351,3.451860614463042 -76.54069619558292,3.45185157065286 -76.54066652626838,3.451842525205187 -76.54064402772832,3.451837084289834 -76.54062153005137,3.4518298763004043 -76.5405855332426,3.4518189942767554 -76.54055505047408,3.4518141105993503 -76.54054053624148,3.4518117858565147 -76.54051445244815,3.451810865791873 -76.54047754068789,3.4518135488309083 -76.54045679987789,3.4518153850699598 -76.54040448941453,3.4518238236270213 -76.54036106596637,3.4518389296684657 -76.54032933276841,3.451857391456735 -76.54029759953461,3.451874175699731 -76.54026252666776,3.4518926384596926 -76.54023580424683,3.4519077441478156 -76.5401907099879,3.451941311341504 -76.54016732823435,3.451961451399743 -76.5401305853188,3.4519916624248674 -76.54011054316108,3.4520084464199274 -76.5401005226348,3.4520218733107493 -76.5400815558656,3.4520369281916143 -76.54006446934841,3.452065894441746 -76.54004731349758,3.452093023985556 -76.54002213911404,3.452159930030397 -76.54000863761239,3.452216874568328 -76.54000413586921,3.4522485255338067 -76.53999871999181,3.45229013959318 -76.53999246158867,3.452322709400496 -76.53999063170298,3.4523516057020514 -76.53999154462583,3.452370611219077 -76.5399942151454,3.452390534601566 -76.53998971362061,3.452432996005297 -76.53998162722338,3.452454756315866 -76.53997895460957,3.4524646480032284 -76.53997445427972,3.4524773648752585 -76.53996995411325,3.452498135768055 -76.53996545302944,3.4525180592975473 -76.5399555381023,3.4525469557645807 -76.53994203784272,3.452576840744674 -76.53992878691128,3.4526090082647616 -76.5399159493041,3.4526537080712605 -76.53991451865359,3.4526660875626987 -76.53991372684708,3.452672942449467 -76.53991384474088,3.4526730392110614 -76.53991229169758,3.452685359923121 -76.53991144711352,3.452707968352583 -76.5399141169327,3.452737783367672 -76.53991861542589,3.4527675983453485 -76.53992311460038,3.452786603788949 -76.53992579104708,3.4527881501496025 -76.53992426389262,3.4527901342950877 -76.53992699267408,3.4527985111081465 -76.53993041535095,3.452809019428097 -76.53994019633875,3.4528318211680933 -76.53994560895104,3.452850827497197 -76.53994919399148,3.452879794225727 -76.53994919257559,3.4528987292230617 -76.53994560520168,3.452932217780847 -76.53993751874343,3.4529512225775765 -76.539927604492,3.4529693086057547 -76.53992219066613,3.4529792699828414 -76.53990601846313,3.453008165672718 -76.53988443164255,3.453052463227454 -76.53986910280913,3.4530877887318323 -76.5398501878105,3.4531275645488373 -76.53984497564987,3.4531415294189465 -76.53984188542886,3.4531498077780247 -76.53984118708411,3.45315017223985 -76.5398340141676,3.453174546967038 -76.53982951254247,3.453212557225222 -76.53982501095258,3.453252333652497 -76.53982500890913,3.4532849042351157 -76.5398285937283,3.453302990891702 -76.53984300576104,3.453323763207126 -76.5398610046395,3.4533292042329187 -76.53987353636705,3.4533334028115994 -76.53988170426364,3.4533361382627703 -76.53988526084446,3.4533373301056502 -76.53990417319812,3.4533446087236874 -76.53992217123178,3.4533527347233233 -76.53992667037193,3.4533699025549405 -76.5399257548214,3.453398870279632 -76.53991499594342,3.4534377280292876 -76.53990058061558,3.453476656391749 -76.5398735792005,3.4535381210757254 -76.53985688916285,3.453682967179967 -76.53997535397076,3.4540604447459007 -76.539665616789,3.454208832766835 -76.53977864786515,3.454457668602377 -76.53976441742144,3.454606923292602 -76.53958752740662,3.4547134396130947 -76.5395478224611,3.4547333611339552 -76.53951861011136,3.454763341377339 -76.53951069323006,3.4548031242007045 -76.53953049004404,3.4548906463899187 -76.53954236805261,3.454966233305004 -76.53952653444603,3.455053755303744 -76.5394948644322,3.4551333221714216 -76.5394473585584,3.4552327793298896 -76.5394038122553,3.4553242809592972 -76.53935234756392,3.455379977351234 -76.53931671829635,3.4554396525068665 -76.53921918761375,3.455596377748727 -76.53918943732816,3.4556861093091706 -76.53915817612526,3.4557803996582037 -76.53913105315559,3.455936998704911 -76.53910619598433,3.456127362010795 -76.53909662494634,3.4562116246492347 -76.53908690184274,3.4562972338473497 -76.53908433100256,3.4563586880793338 -76.5390816729082,3.4564222286170647 -76.53907940271947,3.456533790315332 -76.53908039494335,3.4566053857058217 -76.5390814971135,3.456684880472646 -76.53900643125665,3.456688608710071 -76.53900641146676,3.4566890654003473 -76.53892043418348,3.4568054660220957 -76.53880788047002,3.457051264124528 -76.53875387854825,3.457145459036805 -76.53875029158654,3.4571563391771467 -76.53874487774102,3.45716714791003 -76.53874037738906,3.457180713042691 -76.53873496267965,3.4571934299253506 -76.53872954795132,3.457205158368282 -76.53872328999455,3.4572178047288333 -76.53871787609732,3.4572259284867566 -76.53871337565874,3.4572349719372393 -76.53870796176268,3.4572431671376807 -76.53870163354145,3.457252210623181 -76.53869263342538,3.457263019424544 -76.5386845476517,3.457273899650869 -76.53867554755267,3.4572856272578556 -76.53867013365466,3.4572937519198352 -76.53866296128695,3.4573027945169006 -76.53865754740615,3.457311837984595 -76.53865304693313,3.4573191152657783 -76.53864854651088,3.457329076617392 -76.53864313262979,3.457338119180664 -76.53863863220603,3.457348010898325 -76.53863413178351,3.4573579722498664 -76.53862696034967,3.457368852458208 -76.5386197880144,3.4573796612239374 -76.53861528757417,3.4573887046739324 -76.53861078805114,3.457398666025339 -76.53860713085666,3.4574077094591957 -76.53860178720495,3.4574185896324536 -76.53859813091024,3.4574276330662554 -76.53859278640908,3.4574411973099237 -76.53858828600164,3.457452006928779 -76.53858378647806,3.4574619682800463 -76.53857928605443,3.457471930535645 -76.53857387132258,3.457483658073298 -76.53856937091608,3.457494538230295 -76.53856487052545,3.4575062657504785 -76.53856037013605,3.4575180647132133 -76.53855587064514,3.4575297922333315 -76.53855137025553,3.457541591196019 -76.53854686986445,3.4575533187161067 -76.53854328289887,3.4575641988555907 -76.53853878339025,3.45757500847417 -76.53853428296561,3.4575849698252 -76.53852978250633,3.457593094468974 -76.53852612621029,3.4576021379024713 -76.53852078252201,3.457611181368007 -76.53851628207975,3.457620223913162 -76.53851086819577,3.457629267379972 -76.53850362566307,3.4576401475886844 -76.53849645337613,3.457653711866446 -76.53849012513291,3.457661836544694 -76.53848562467289,3.45766996118825 -76.53847845326818,3.4576826075644047 -76.53847212419362,3.457694405657003 -76.53846586623024,3.4577070520157527 -76.53846045232808,3.4577151766764818 -76.53845503844306,3.4577242201429597 -76.53844962367516,3.457734181510867 -76.53844336566097,3.4577441428946925 -76.53843795180867,3.4577549525300557 -76.53843162275032,3.4577676694281507 -76.53842600728018,3.4577768521660714 -76.53842445132697,3.457779396998097 -76.53841903659152,3.4577911254391434 -76.53841277859381,3.457802005628538 -76.538407364758,3.4578137331651604 -76.53840286434806,3.457824613321306 -76.53839295068111,3.4578300530917776 -76.53838486481348,3.457836340190891 -76.53837677898134,3.4578445354397336 -76.53836953637693,3.4578517413286045 -76.53836236488502,3.457859866021861 -76.5383578644401,3.4578689094705637 -76.5383515362114,3.4578779520493037 -76.53834612232443,3.457886995515137 -76.53834077863284,3.4578960380752823 -76.53833536382862,3.4579041627352893 -76.5383308642674,3.457912358820637 -76.53832544948007,3.4579214013820274 -76.53832003555843,3.4579286081404863 -76.53831462165377,3.457936732800354 -76.53830927796163,3.4579457753603147 -76.53830386319098,3.4579557367273552 -76.53830027708695,3.4579647801586098 -76.53829662080439,3.457974742396944 -76.5382921203911,3.457985551109963 -76.53828853430392,3.4579955133469458 -76.53828403387472,3.458005474696718 -76.53828044777032,3.4580145181278907 -76.5382777751249,3.4580244794433708 -76.5382945890563,3.458040564559569 -76.5383713510546,3.4581139997533374 -76.53836052241255,3.458133923392349 -76.53834885048923,3.4581520094355516 -76.53832002017631,3.4582143929105547 -76.53829843383058,3.458246044185175 -76.53827593394018,3.4582722540843487 -76.53823184979561,3.458297545580938 -76.53821045224542,3.4583190438653446 -76.5382516654934,3.458386575319116 -76.53824161563584,3.4586191418868104 -76.53813241847392,3.4587752350957395 -76.53803326249475,3.4587153743871073 -76.53790751776819,3.458659358490238 -76.53783162852353,3.4586255521685048 -76.53781113469476,3.4586578156476206 -76.53766285519247,3.458891252884095 -76.53761432865768,3.4589040564510647 -76.53760002591983,3.458907829600407 -76.53747112466897,3.458828016090682 -76.53746313604293,3.4588378165269615 -76.53744134708032,3.458864546386832 -76.53730224473075,3.4592830965370718 -76.53708356876015,3.460093651646795 -76.53710000030576,3.4602697509698452 -76.53716933771831,3.4604392359515566 -76.53725795902874,3.460548450186372 -76.53725760716567,3.4605493373465506 -76.53725437290514,3.4605574927089244 -76.53723454344856,3.4606053939469525 -76.53723278512953,3.460615355242884 -76.53723095661475,3.4606253174443866 -76.5372291982944,3.460635208202072 -76.53722645631896,3.460644251613947 -76.53722019822612,3.460651528014599 -76.5372093709207,3.4606479244251243 -76.53720037138835,3.4606434019976002 -76.53719228620056,3.460638880458229 -76.53718145892617,3.460637043037323 -76.53717154517508,3.4606397272819795 -76.53716437360535,3.4606451669911986 -76.53715628767507,3.460649687910696 -76.53714728833214,3.460656046457625 -76.53713920243239,3.460662333545866 -76.53713104635398,3.460669609979235 -76.53712120290855,3.460678653515342 -76.53711396028913,3.4606867772957073 -76.53710678876529,3.460694901979108 -76.53710046047547,3.4607021792845307 -76.53709420239599,3.460710303951841 -76.53708695980794,3.4607202653434572 -76.53707887398555,3.4607310741129202 -76.53707170246106,3.4607391987960505 -76.53699129552041,3.4608717930889705 -76.53679536782758,3.461157016924984 -76.53678636765443,3.4611678962458265 -76.53677919523986,3.461176939732426 -76.53677286694314,3.461184145593036 -76.53676653954626,3.461191351453588 -76.53675936713132,3.4612003949400343 -76.53675219558622,3.4612076713531996 -76.53674495297524,3.461216714840738 -76.53673778145986,3.461225757422665 -76.53672878131536,3.4612384038161585 -76.53672245219451,3.4612501313581414 -76.53671436638027,3.461261929468361 -76.53670895244312,3.4612700541186165 -76.53670445195101,3.4612781787532296 -76.53669995235877,3.4612863033878045 -76.53669277998911,3.461298102386559 -76.53668553745332,3.461311666650991 -76.53668019372698,3.461320710105599 -76.53667569323437,3.4613288347400673 -76.53667027931203,3.461337877291479 -76.53666303676013,3.4613505236543447 -76.53665677874899,3.4613631700003746 -76.53665044962766,3.461374968984423 -76.53664595004999,3.461384011520111 -76.53663969199313,3.4613939728914342 -76.53663519149987,3.4614020984300367 -76.536627948947,3.461414743888285 -76.53662169087431,3.4614237873581026 -76.53661536260569,3.461432829924734 -76.53660903433695,3.4614418733956573 -76.53660277714837,3.461449998059612 -76.5365964488497,3.461457274457248 -76.53658927643117,3.4614663179423677 -76.53658203473088,3.4614762087917557 -76.53657486232748,3.4614861701781456 -76.536568534058,3.461495212744455 -76.53656227601503,3.4615060929209664 -76.53655503344503,3.4615178204772548 -76.53654968973169,3.461527782736814 -76.5365451892524,3.461536825272015 -76.53654153292257,3.461545868697247 -76.53653618922431,3.4615567488581056 -76.53653253202395,3.4615675584521766 -76.53652718834083,3.4615793565143593 -76.5365217735914,3.461592921650909 -76.53651635881107,3.4616046491759924 -76.53651185924643,3.4616146105167247 -76.53650644442098,3.461623653971508 -76.53649835859972,3.4616353815415772 -76.53649294464446,3.461642658827406 -76.53648752980334,3.4616507834763617 -76.53648035829758,3.4616607448619927 -76.53647494348571,3.4616706356797344 -76.53646685764953,3.4616815149820455 -76.53646144370789,3.4616896396308316 -76.53645518564714,3.4616996019052233 -76.53644794306022,3.4617104811931747 -76.53644252914768,3.461720372010707 -76.53643718543204,3.461730334269597 -76.53642902852853,3.461742979741627 -76.53642368478324,3.4617511758315795 -76.53641826995617,3.461760218381503 -76.53641377034398,3.461767425113276 -76.53640835641667,3.4617764676631264 -76.53640118403854,3.4617881952170078 -76.53639576922632,3.4617981574768444 -76.53638944098356,3.461809036749 -76.53638318295056,3.4618207651917494 -76.53637868248356,3.4618307265318276 -76.53637326854034,3.4618388511800906 -76.5363678546427,3.4618497313411205 -76.53636335418946,3.461860540948599 -76.53635885370686,3.4618695834828643 -76.53635526758504,3.4618795457118625 -76.53634985287708,3.461895865455819 -76.53634626676912,3.4619066750479184 -76.53634535170359,3.4619175551335943 -76.53634535175046,3.4619203866106405 -76.53634535099778,3.461929283471459 -76.53634535026274,3.4619392456404725 -76.53634535045687,3.461950973978317 -76.53634626319803,3.46196277283914 -76.53634717682277,3.4619735823559994 -76.5363489337291,3.461986299104074 -76.5363516751455,3.4619971094946993 -76.53635343200631,3.4620070716343045 -76.5363570175435,3.462016114937608 -76.5363590848454,3.462023627224896 -76.53635975894603,3.4620260770607283 -76.53636334454309,3.462038724144266 -76.53636692919578,3.462048685348911 -76.53636967062778,3.4620604136408395 -76.53637142748889,3.4620703757803977 -76.53637234109998,3.462080337934069 -76.5363732547111,3.462090300087739 -76.53637416833628,3.462101109604542 -76.53637416760154,3.462111071773516 -76.53637416691132,3.4621237180127027 -76.53637416620704,3.462135516888749 -76.53637416554614,3.462149930201107 -76.53637416479616,3.462158973564366 -76.53637416407668,3.462169853634698 -76.53637500756703,3.462184337471141 -76.53637500689206,3.462197902516012 -76.5363750061714,3.4622087120481018 -76.53637416142129,3.4622267987887185 -76.53637416070178,3.4622376788590348 -76.53637324650576,3.4622467222375746 -76.53637141713874,3.46226028731305 -76.53636965880771,3.4622702495114197 -76.53636874465612,3.4622819769601536 -76.53636782963503,3.4622955420203043 -76.53635615492239,3.4623678891213836 -76.53635523988582,3.4623805353757975 -76.53635432568949,3.4623895787542924 -76.53635341060838,3.4623995400341654 -76.53635073884594,3.462410421053451 -76.53634891033259,3.462421230616058 -76.53634704039,3.4624301284123726 -76.53634623770047,3.4624339474380714 -76.53634532264851,3.462445675791094 -76.53634455243284,3.4624540725666937 -76.53634440846722,3.462455637070932 -76.5363434934152,3.4624673654239477 -76.53634221564248,3.4624765544066407 -76.53634173512796,3.462480011692419 -76.5363408209466,3.462489973876582 -76.5363381482838,3.4625008539914925 -76.53633765243718,3.4625023190246136 -76.53633449197757,3.4625116635845936 -76.5363309058379,3.4625207061033407 -76.53632823315972,3.4625306683168557 -76.53632373273322,3.462543314631065 -76.5363201466389,3.462555113566862 -76.53631648946266,3.4625677598669564 -76.53631290338217,3.4625804061658485 -76.53631023068846,3.4625894495736027 -76.53630748785831,3.4626020958584034 -76.53630664388754,3.462612975942701 -76.53630572885008,3.4626256221970046 -76.53630572886807,3.4626267119222645 -76.53630572899984,3.462634689977241 -76.53630572904494,3.4626374210729147 -76.53629851625506,3.4626548170065377 -76.53610655847808,3.4629902746987202 -76.53599732284684,3.4632128164742597 -76.53593096686272,3.463316071963353 -76.53590769194095,3.463342781010453 -76.5358564980017,3.463317658474508 -76.53585138281518,3.4633249628817118 -76.53581125775582,3.4633822631833895 -76.5357736366392,3.463457873540079 -76.5357145863204,3.463499986718507 -76.5355964724817,3.463604106654386 -76.53571078632426,3.463756932234893 -76.53560441905628,3.4638342257508414 -76.53532078580234,3.4640583717884232 -76.53524915413936,3.464100140582001 -76.53509773463203,3.4641884323743652 -76.53498158298007,3.46426289178056 -76.53493801778144,3.464290820158583 -76.5348388838926,3.464348932504972 -76.53483137292841,3.4643495285761996 -76.53482762690653,3.464380599819051 -76.53489187866779,3.464494352594042 -76.53491097159466,3.464528155489911 -76.53512102026906,3.46491901545619 -76.5346801946716,3.465236924391224 -76.53463280412196,3.4651693033544118 -76.53447524215746,3.4649444822668523 -76.53441025051909,3.4650069809989508 -76.53438651548265,3.4652709516799214 -76.53437104154214,3.4654430507163942 -76.53436734000891,3.465502429490024 -76.53436955924721,3.4655618714804572 -76.53437767315117,3.465620798817155 -76.53438437458298,3.4656486179112007 -76.5343916016178,3.4656786227782277 -76.53441119884764,3.465734756451324 -76.53441369718739,3.4657401272677113 -76.53443626864437,3.465788647289521 -76.53444681543989,3.465807783793984 -76.53447380208635,3.465858365636484 -76.53450585541086,3.4659058627122694 -76.5345426253259,3.465949780354088 -76.53454689295133,3.4659539203422165 -76.5344807397482,3.466347224393221 -76.53447696813315,3.4663525962062165 -76.53447374636931,3.4663566919926345 -76.53447075860785,3.4663618286666154 -76.53446722099532,3.4663682585495352 -76.53446503417888,3.4663726355692366 -76.53446259447229,3.466376741291783 -76.53446217510566,3.4663774557236033 -76.53445987668853,3.466381370629112 -76.53445501616287,3.466388804344718 -76.53445177641498,3.4663939410223485 -76.53444880664095,3.466398299966816 -76.53444634894285,3.4664029293002745 -76.53436912295068,3.466567432815324 -76.53435484926909,3.466597836808872 -76.5341023449893,3.4668767097322526 -76.53401443845371,3.4669900758688783 -76.53394556642542,3.467078894424222 -76.53382887102393,3.467365999316244 -76.53379401618633,3.467451753489512 -76.5337020133818,3.4675942230020644 -76.53363462551496,3.4676985762009034 -76.53354844842713,3.467802496476729 -76.53347784743859,3.46788763256347 -76.53334541138805,3.468089802349203 -76.53334374563507,3.468094188402474 -76.53333971392397,3.46809982156747 -76.53333621227799,3.468104949201314 -76.53333377346218,3.4681090639641767 -76.53333132565373,3.468113694198801 -76.5333270320597,3.4681195805814298 -76.53332300034853,3.4681252236940483 -76.53331893175658,3.4681321600079476 -76.5333143510915,3.4681390863810577 -76.53331085844125,3.46814395175718 -76.53330763667329,3.468148563915483 -76.53330362204692,3.4681531579977687 -76.53329960832734,3.468158266647335 -76.53329531562949,3.468163900719997 -76.53329156199624,3.468169019313713 -76.53328882617798,3.4681718047062193 -76.53328756626168,3.468173087976328 -76.53328275968708,3.468178441711642 -76.53327956490354,3.468182013882828 -76.53327662210677,3.4681855950939657 -76.53327367930984,3.4681891663573956 -76.53326780181214,3.46819605747865 -76.53326273515106,3.4682014112173647 -76.53325714562425,3.4682072704870412 -76.53325073715759,3.4682144057861177 -76.5332445815846,3.4682220737357823 -76.53323869509396,3.46822948937198 -76.5332341324164,3.4682356289719363 -76.53322956883548,3.4682415162620757 -76.53322551913787,3.4682481903178006 -76.53322252147126,3.468253851502811 -76.53322007366201,3.4682584898761615 -76.53321600506875,3.468265426189601 -76.53321357525141,3.4682695319086587 -76.53321113643466,3.4682736466711916 -76.53320869672129,3.4682780146478724 -76.5332038280837,3.468285981010946 -76.53320111838786,3.4682906022053697 -76.53319651973244,3.4682983072116165 -76.53319353105817,3.468303452020427 -76.53319108324855,3.468308082254672 -76.53318808558504,3.46831400569707 -76.5331853138235,3.4683209781664472 -76.53318311710753,3.4683261329123143 -76.53318012034036,3.4683317931928332 -76.53317712357665,3.4683377166351823 -76.53317355896675,3.4683454487575567 -76.53317159624889,3.4683513993161372 -76.53316966141217,3.4683560385868204 -76.53316743860783,3.4683619801055072 -76.53316599786255,3.4683679387961184 -76.53316454002163,3.4683741606487946 -76.53316335126668,3.4683803915412326 -76.53316190242526,3.4683866133937835 -76.53316098364576,3.4683920665534593 -76.53316066869668,3.4683946620026154 -76.5331577161408,3.4684089324675944 -76.53315731034137,3.4684149191787768 -76.53315579853415,3.4684234832629586 -76.53315484378054,3.468430754138903 -76.53315445686633,3.4684357008631808 -76.5331543030572,3.468441958871858 -76.5331538531841,3.46844976329942 -76.53315341140376,3.4684570522552307 -76.5331532854794,3.4684622702768824 -76.53315341964141,3.46846748829506 -76.53315350972629,3.4684742617721174 -76.53315331094022,3.4684820842830444 -76.53315341811741,3.468488342288229 -76.5331532382234,3.4684956402838965 -76.53315329143092,3.468503978263095 -76.53315309354828,3.468512063031509 -76.53315341486747,3.4685147868878974 -76.533153524674,3.4685157165440605 -76.53315809572219,3.4685299145615622 -76.5331597607182,3.468536209623703 -76.5331613978261,3.4685432905543836 -76.53316177588582,3.468549295341797 -76.53316161308067,3.4685558156080836 -76.53316173914315,3.4685610336263575 -76.53316213429153,3.4685662516410325 -76.53316277333073,3.468571740953312 -76.53316288050462,3.468577745744343 -76.53316297958925,3.4685845282646257 -76.53316311374785,3.4685894840252853 -76.53316373479831,3.4685957510669456 -76.53316436484495,3.468601764894344 -76.53316548897976,3.468608836788504 -76.53316665898798,3.4686140819228966 -76.53317825556637,3.4686657835733707 -76.53317877305462,3.4686669384037883 -76.53319275243776,3.4686981423375434 -76.53320159751786,3.468723916705327 -76.53320313571905,3.468737581204849 -76.53320274795053,3.4687459553633655 -76.53320134324026,3.46875471840009 -76.53319941747434,3.4687647746445793 -76.53318825430789,3.468821367249903 -76.53318605848739,3.4688262687815765 -76.53318356480301,3.4688327257755147 -76.53318108101462,3.4688389196074745 -76.53317995521789,3.4688422837532467 -76.53317718345812,3.468849509436666 -76.5331749417641,3.4688562377280667 -76.53317350191462,3.468861935065453 -76.53317148522956,3.4688702278554744 -76.53316981137833,3.4688748761659833 -76.53316814562328,3.4688792703579048 -76.53316761017,3.4688806928859233 -76.5331662017929,3.468884434143656 -76.53316450995297,3.4688898692268957 -76.53316307819948,3.4688953043066526 -76.53316137736346,3.4689010016475064 -76.53315994560994,3.468906436727259 -76.53315879373513,3.468911365374991 -76.53315789384372,3.468916031761852 -76.53315675998566,3.468922297922591 -76.53315639013196,3.4689243426317 -76.53315549834012,3.46892900901845 -76.53315377951522,3.4689354840886653 -76.53315289761599,3.468939634099305 -76.53315087193454,3.46894818914689 -76.5331497380483,3.4689523310218657 -76.53314857627042,3.4689569974122136 -76.53314717240153,3.468961392504929 -76.53314574964402,3.4689665743703957 -76.53314406679642,3.4689714849384696 -76.53314307329165,3.4689747812572085 -76.53314266293097,3.468976142288678 -76.53314150115304,3.468980808679014 -76.53313894540563,3.4689898701619186 -76.53313778363444,3.46899505111955 -76.53313663175597,3.4689997175097464 -76.53313772890272,3.469007567133377 -76.53313889891118,3.469012804128732 -76.53313873610581,3.4690193243949516 -76.53313708024628,3.469023447285812 -76.53313695431831,3.4690284030499012 -76.53313655751457,3.4690341275033783 -76.53313643158647,3.469039074224104 -76.53313597182053,3.4690474122100547 -76.5331355210437,3.469054963423384 -76.53313537712681,3.469060687873484 -76.53313498122311,3.469066421370307 -76.53313480042881,3.469073710322532 -76.5331346376234,3.4690802305887423 -76.53313446672513,3.469087258187671 -76.53313405192921,3.4690935071563787 -76.53313389901636,3.4690995029074543 -76.53313220627936,3.469105199343789 -76.53313102741585,3.469110905720963 -76.53312903771118,3.4691178872229966 -76.5331285346669,3.4691201326965 -76.53312729190448,3.469125673580995 -76.53312664310329,3.4691306112653195 -76.53312541027344,3.469138659873972 -76.53312419452894,3.469145668495759 -76.53312323168173,3.4691534638866686 -76.53312278990083,3.469160752842358 -76.53312261809914,3.4691675263228112 -76.5331219612087,3.4691732507797335 -76.53312158329346,3.4691781884604387 -76.53312116849395,3.4691841751716312 -76.53312130355584,3.4691893931897213 -76.53312113175426,3.4691961757135323 -76.53312102381821,3.469200597919002 -76.53312089699365,3.4692058159405805 -76.53312078006154,3.469210500403668 -76.53312061905395,3.469216870550024 -76.53312056328626,3.4692191006438415 -76.53312035641046,3.4692277008838817 -76.5331199596031,3.4692331630798305 -76.53311957269183,3.4692383720615108 -76.53311917588445,3.469243834257457 -76.53311877098437,3.4692498209685083 -76.53311810419773,3.469255798639686 -76.53311922023686,3.4692631327914087 -76.53311987636849,3.4692680975884103 -76.53312050641532,3.469274111415751 -76.53312098703806,3.469277715189107 -76.53312137855657,3.4692806497548614 -76.53312226059387,3.4692869258363395 -76.5331229176256,3.469291899676686 -76.53312383474392,3.469296873513564 -76.53312449177567,3.4693018473539095 -76.53312540889056,3.469306559837624 -76.53312605692625,3.469311795935584 -76.53312583557894,3.469314920420107 -76.53312567001835,3.469317258131393 -76.5331244902546,3.4693229645085473 -76.53312433277195,3.469323663562529 -76.53312332038335,3.4693281454662337 -76.53312268957775,3.4693328299361594 -76.53312151970651,3.46933801179818 -76.53312035883481,3.4693431936600776 -76.53311919705978,3.4693481223078506 -76.5331180271885,3.4693533041698643 -76.53311712640013,3.469358241857518 -76.53311621751894,3.4693636950169116 -76.53311582970754,3.4693688949552257 -76.53311570377944,3.469373850719275 -76.53311557785466,3.469379059697461 -76.53311543303778,3.4693847931908937 -76.53311528912084,3.469390526684313 -76.53311517129218,3.4693954734048913 -76.53311477538465,3.469400935600806 -76.53311438757336,3.469406144582477 -76.53311344271116,3.4694128999864686 -76.53311249694899,3.4694196553904697 -76.53310945444709,3.4694379591956426 -76.53310918449522,3.4694405546441263 -76.53310471099968,3.469453766151202 -76.53309286608183,3.4694744575210072 -76.5330770532312,3.4694923889092943 -76.53304440054377,3.4695177993809034 -76.53301564556608,3.4695441050926976 -76.53300609632059,3.469556638414211 -76.53300581734213,3.4695571900629747 -76.5330032795387,3.469562254379187 -76.53300096582976,3.4695677799038926 -76.53299842803227,3.469573304527215 -76.5329961152172,3.469578368840437 -76.53299402649368,3.4695836682781067 -76.5329909316675,3.469592468414456 -76.53299078588041,3.4695928835066936 -76.53298893203568,3.4695974866023813 -76.53298568780443,3.469605317292282 -76.53298408053801,3.469609233089199 -76.53298083991241,3.4696175168514674 -76.53297828414877,3.4696255835640106 -76.53297573648469,3.469633650276439 -76.53297341380892,3.469641707942534 -76.53297177599211,3.4696493134315047 -76.5329706241022,3.469653228318062 -76.53296968731333,3.4696580665290386 -76.53296875142746,3.4696631398674134 -76.53296781464162,3.469668213205799 -76.53296665377022,3.4696735126311804 -76.53296571699332,3.4696792732650708 -76.53296478111035,3.4696845726874863 -76.53296361124231,3.469690098197031 -76.53296267446242,3.4696956327468667 -76.53296173857943,3.469700932169279 -76.53296159370174,3.469702074347798 -76.53296103578755,3.4697064667160333 -76.53295986591947,3.469711992225569 -76.53295870414199,3.469716830439491 -76.53295754326456,3.46972167769676 -76.53295722200369,3.469723417643823 -76.53295660737845,3.469726741991755 -76.53295544560095,3.4697315802056714 -76.53295427572984,3.4697368787268132 -76.53295333894384,3.4697419520651764 -76.53295217807522,3.469747477574582 -76.53295078322158,3.4697532382144716 -76.53294938746198,3.469758537642913 -76.53294822748431,3.469763376761129 -76.53294728080478,3.469768910406736 -76.53294589493862,3.4697737486235822 -76.53294450006999,3.469778360756496 -76.5329426453367,3.469783886275004 -76.53294079150044,3.4697891857094487 -76.53293893676113,3.4697942491121547 -76.5329366239572,3.4698002358481257 -76.53293408526186,3.4698059965030086 -76.53293153845478,3.4698108256917126 -76.5329291896351,3.4698154649672106 -76.53292554400171,3.4698216497702723 -76.53292253821564,3.469826298097736 -76.53291953153523,3.4698313805065735 -76.53291718271825,3.469836236822725 -76.53291440102912,3.4698415362692803 -76.53291226819812,3.469846166498541 -76.53290587782479,3.4698616117400927 -76.53290419407936,3.469866902128868 -76.53290250223421,3.469872183474383 -76.53290125136948,3.469877690898167 -76.53289963962278,3.469883171196589 -76.53289756079978,3.4698886424577613 -76.5328961740479,3.469894610190436 -76.53289503118368,3.469900587867614 -76.53289365342827,3.4699063213770938 -76.53289298753995,3.4699123171347477 -76.53289183477925,3.469918529939459 -76.53289117788728,3.4699242815262212 -76.53289075408671,3.469930286324065 -76.53289056517416,3.469936291118835 -76.53289036636843,3.469942784255276 -76.53289018645239,3.4699485539225163 -76.532889978647,3.469955038015711 -76.5328901947137,3.469961033761816 -76.53289017589238,3.4699670295109946 -76.5328901489745,3.469973260387687 -76.53289013015011,3.469979021009454 -76.53289011222873,3.469985016758618 -76.53289009341043,3.4699912476352015 -76.53288984150389,3.469997469471472 -76.53288982268255,3.470003465220647 -76.53288957077308,3.470009460972869 -76.5328895528517,3.470015456722029 -76.53288930004226,3.470021452474262 -76.53288858915904,3.470027674316535 -76.53288788638137,3.470034357370155 -76.53288717549827,3.470040588255787 -76.53288646372106,3.470047271309523 -76.53288552694929,3.470053493154746 -76.53288458208084,3.470059941084119 -76.53288364530917,3.4700661719727 -76.53288293442883,3.4700726198990086 -76.5328822226457,3.4700788507846445 -76.5328815207589,3.4700848374993787 -76.53288057588748,3.4700910593446963 -76.53287987310081,3.470097055102802 -76.53287962118235,3.4701023635595085 -76.53287960236084,3.4701083502653067 -76.53287958443939,3.470114346014454 -76.53287956561799,3.470120341763613 -76.53287953870003,3.4701265726402855 -76.53287929489895,3.4701332556878843 -76.53287914285887,3.470137287220587 -76.53287904299839,3.470139947778951 -76.53287879019776,3.4701466308266666 -76.5328785284066,3.470154010213361 -76.53287805152328,3.4701611544754587 -76.53287779873469,3.4701687689894407 -76.5328773128488,3.4701756781242445 -76.5328768350626,3.4701825963023034 -76.53287657417135,3.4701899756889807 -76.53287586239992,3.4701971199541415 -76.53287492563989,3.470204264222243 -76.53287421476851,3.470211417530751 -76.53287326901182,3.4702187878830104 -76.53287232416714,3.4702270897015266 -76.53287137841639,3.4702349212652357 -76.53287066664792,3.4702423006577954 -76.53287052266798,3.470243286386116 -76.532869487812,3.470250367351954 -76.5328690100257,3.470257285529997 -76.53286829914815,3.470263968583679 -76.53286758736466,3.470270189521581 -76.5328671104604,3.47027572406525 -76.53286663266213,3.4702817198203837 -76.53286638074648,3.470287254361112 -76.53286591193876,3.470292553777266 -76.53286543503154,3.4702978622368854 -76.53286541710696,3.4703036228586015 -76.53286470531746,3.4703093834893806 -76.53286422841622,3.470315153160451 -76.53286420959166,3.470320913782176 -76.53286419166722,3.470326683447252 -76.53286439782838,3.470332217981992 -76.53286437989489,3.470337291308206 -76.53286436107037,3.4703430528342656 -76.53286434313385,3.4703478910330716 -76.53286455918564,3.470352738272182 -76.53286477434635,3.470358272806802 -76.53286475640692,3.470362884921561 -76.53286473757056,3.4703677321637385 -76.5328649356828,3.470377182474243 -76.53286515083755,3.4703822557974076 -76.53286536688631,3.470386867909108 -76.53286557393857,3.4703917151483332 -76.53286556410164,3.470396553347027 -76.53286577115682,3.4704016266702955 -76.5328666613283,3.470410624803663 -76.53286732649617,3.4704184653896575 -76.53286775855793,3.4704249223443373 -76.53286843358659,3.470429769577444 -76.53286864874734,3.470435304112054 -76.53286862183226,3.47044176107273 -76.53286860302272,3.4704486792447495 -76.53286513826585,3.4704539696566603 -76.53283614649905,3.470475016650784 -76.53280694414353,3.470496216479562 -76.53272573279278,3.470539902395225 -76.53272252808641,3.470542432769229 -76.53271121745556,3.470542432915183 -76.53269502626043,3.4705338193217807 -76.53269187277873,3.4705306505684246 -76.53268550101781,3.4705242479503102 -76.53266549936635,3.4705118063503853 -76.53265205931433,3.4705016770534427 -76.53264645074309,3.470497450258111 -76.53261978128008,3.4704811797833366 -76.53259216063856,3.4704706518546913 -76.53258073027831,3.470467780733232 -76.53256739652616,3.4704658673279094 -76.53254615396759,3.4704635497847787 -76.5325417828997,3.4704644858283276 -76.53253286435614,3.470465036682444 -76.5325271946428,3.4704651091013754 -76.53252066097313,3.4704651905746022 -76.53251347033678,3.470465289238507 -76.53250562272798,3.4704649447859586 -76.53249821609425,3.470464384191412 -76.53249035947775,3.4704633886168 -76.53248261085696,3.470462483474375 -76.53247465524356,3.470461335068071 -76.53246780657494,3.470460230960183 -76.53246052592236,3.470458666550585 -76.53245458619993,3.4704569203524303 -76.53244618148587,3.4704538999756607 -76.53244292362795,3.470452126613506 -76.53243900879833,3.4704499652994034 -76.53243487797712,3.470447605034046 -76.53242683232884,3.470443281504141 -76.53241968754806,3.4704399889060724 -76.53241135391512,3.4704357205441645 -76.53240718709596,3.4704333684181643 -76.53239907845708,3.4704295250913244 -76.53239382359297,3.4704271820222967 -76.53238944079031,3.4704252739279946 -76.53238352805955,3.4704229399105326 -76.53237762433928,3.4704214840033507 -76.53237216159935,3.4704202351835898 -76.53236560990922,3.470418571287136 -76.53235883323583,3.4704173405704846 -76.53235185857795,3.4704165538853284 -76.53234487492054,3.4704157662958965 -76.53233767527952,3.470415422738178 -76.53233244654142,3.4704152681620415 -76.5323261288558,3.4704149155498523 -76.53232045914004,3.4704147700225176 -76.53231130660048,3.4704146616163807 -76.53230520490932,3.4704147421783884 -76.53229954419581,3.4704148145958347 -76.53229040066392,3.470415365450459 -76.5322854059303,3.4704165321063094 -76.532278251322,3.4704190272588527 -76.53227282461815,3.47042084504206 -76.53226718192793,3.4704228880076307 -76.5322602424087,3.4704253840616994 -76.53225548167917,3.470427852054251 -76.53224963200213,3.470430122010667 -76.53224507825401,3.4704319298351853 -76.53223533090089,3.4704364335502147 -76.53222883326983,3.470439796856975 -76.53222277661382,3.4704429440218836 -76.53221758391133,3.470445855144319 -76.5322126062952,3.470448541084358 -76.5322059016826,3.470452573602295 -76.53220115896795,3.470456353786148 -76.53219664034728,3.4704605680485763 -76.53219189764062,3.470465007493459 -76.53218695695197,3.4704701080105096 -76.5321839412392,3.4704729928801417 -76.53218116042792,3.470476971089309 -76.53217536480642,3.4704840521130804 -76.53216044196135,3.4705007092650657 -76.53214663600347,3.4705209747044345 -76.5321438723044,3.470526048064393 -76.53214218944801,3.470530886283649 -76.53213986673448,3.4705366008125242 -76.53213775190518,3.470541882161809 -76.53213431325909,3.4705485290749856 -76.53213148664508,3.4705603487835797 -76.5321310007341,3.4705656572429233 -76.53213051393152,3.470571652997774 -76.53213025302327,3.470578119004662 -76.5321295142615,3.4705864298632245 -76.53212879438469,3.470593583171244 -76.53212852359101,3.470601206728559 -76.53212779382876,3.470609517587005 -76.53212729895183,3.4706175933151577 -76.53212701916695,3.4706259041680756 -76.53212605542201,3.4706346762408407 -76.53212556055352,3.4706434483078463 -76.53212482179167,3.4706517591663935 -76.53212409204055,3.470660992447729 -76.53212335418148,3.470669538433667 -76.53212216543928,3.470677613265988 -76.53212097670269,3.4706861502140938 -76.53211955487775,3.4706946871650564 -76.5321181321501,3.4707029980319817 -76.53211670942517,3.4707115349829474 -76.53211506261145,3.470720071936658 -76.53211363988362,3.470728373760211 -76.53211175819006,3.4707376070556495 -76.53210987738785,3.470746134968856 -76.53210872913367,3.4707534049414543 -76.5321084546685,3.4707551421746135 -76.53210725693488,3.470763905206842 -76.53210652717792,3.4707726772766936 -76.53210602330402,3.470780988132325 -76.53210552752698,3.4707890729038113 -76.53210479775879,3.470796922550759 -76.53210430287596,3.4708045361630835 -76.53210311412786,3.4708121506882463 -76.53210123331151,3.4708195300944795 -76.53209866763498,3.4708273707205453 -76.53209540899294,3.470835202311728 -76.53209100831641,3.4708437302557322 -76.53208612976916,3.470852709469313 -76.53208102623864,3.470862150801404 -76.53207522975107,3.4708722875764546 -76.5320696681544,3.4708826513369773 -76.5320636376866,3.4708934763146395 -76.53205737323582,3.4709047525588668 -76.53205019084754,3.470917422396292 -76.5320436924138,3.4709291688980883 -76.53203720297103,3.4709402199652115 -76.53203002057097,3.4709519574318803 -76.53202376511908,3.470963243623462 -76.53201795964456,3.470974528905191 -76.53201284713268,3.4709855889987495 -76.53200750963187,3.4709966481906753 -76.53200217302535,3.471007247075448 -76.53199729448751,3.471017149615774 -76.5319921909636,3.4710272863818727 -76.53198731242286,3.4710369628381 -76.53198197490475,3.4710466302565055 -76.53197779922326,3.471055844588375 -76.53197384763065,3.471065068865207 -76.53197035501232,3.4710740580090564 -76.53196662840273,3.4710828120283206 -76.53196382963868,3.4710908778365113 -76.53196149794864,3.4710987184593325 -76.53195939214464,3.4711063329953697 -76.5319568264523,3.471113016070712 -76.53195472873666,3.4711196991403845 -76.53195462074729,3.4711201368403977 -76.53195308189869,3.47112639124796 -76.5319516771375,3.471132150982014 -76.53195003928518,3.4711376855391767 -76.53194840143283,3.4711432200963377 -76.53194676268886,3.4711494509923555 -76.53194466585927,3.471154985555055 -76.53194234314078,3.4711605110771186 -76.53193932835944,3.47116627173494 -76.53193607868421,3.471171570279806 -76.53193214595096,3.471177547989371 -76.53192728536384,3.4711835347534765 -76.5319231186421,3.4711895115614895 -76.53191895102317,3.4711957244012344 -76.531913866347,3.4712017111679723 -76.53190901476457,3.471208149195621 -76.53190300313965,3.4712145881415504 -76.53189699961413,3.4712210171396474 -76.53189122197743,3.471227456082684 -76.53188521844088,3.4712329726055104 -76.53188082671335,3.4712375657817014 -76.53187620998875,3.4712414725694223 -76.53187090839796,3.471245369417646 -76.53186851003979,3.471247296586817 -76.5318660576848,3.471249267164765 -76.53186144995135,3.4712524776134566 -76.5318572913066,3.4712566095752937 -76.53185381753343,3.471261212688043 -76.53185011877966,3.471266512142325 -76.53184664411464,3.4712718025505445 -76.5318436293214,3.471276639880823 -76.53183992967013,3.4712821563757554 -76.53183599693048,3.4712876819168237 -76.53183344021446,3.4712925201459206 -76.53183157736954,3.471297819578152 -76.53183016450787,3.471303588355464 -76.53182991168607,3.4713091319391904 -76.5318296597532,3.4713137440566535 -76.53182917294566,3.47131951372722 -76.53182868702716,3.4713243609748834 -76.53182843509437,3.4713289821357067 -76.53182793032329,3.4713377542025565 -76.53182698452751,3.4713426014557194 -76.53182581463726,3.4713469784567557 -76.53182418577245,3.471351590590681 -76.53182185405055,3.471356890028494 -76.5318186142762,3.471362415561197 -76.5318163419337,3.4713662273652948 -76.53181490563324,3.471368636534003 -76.53181097289843,3.4713746142430404 -76.53180703027506,3.4713815234184304 -76.53180377251512,3.4713882065015857 -76.53180098183205,3.4713948886748183 -76.53179727409425,3.471401571763321 -76.53179357444232,3.4714070973014186 -76.53178917373312,3.471413310143346 -76.53178500610143,3.471418599655251 -76.53178108235223,3.4714234288571237 -76.531776465629,3.471427561728384 -76.53177207298921,3.471431232481176 -76.53176723127156,3.4714349041436274 -76.53176147159367,3.4714381046578295 -76.53175571101036,3.471440844864898 -76.53174903336685,3.471443122967048 -76.5317419057401,3.471444940767385 -76.5317361460458,3.4714467576470995 -76.5317287844277,3.471448331279349 -76.53172624565852,3.471448798851248 -76.53172142280701,3.471449686966526 -76.53171941501222,3.471450206983612 -76.53171705803572,3.4714508174384457 -76.53170992050383,3.4714521640795164 -76.5317025588884,3.4714539728389626 -76.53169565625842,3.4714564770274356 -76.53168805167121,3.4714596784673355 -76.53167952824259,3.471464018477252 -76.53167192367407,3.4714688287310556 -76.53166408511977,3.471473875019296 -76.53165692962628,3.4714784591836425 -76.53164817313039,3.4714846449461305 -76.5316394067376,3.471491064931719 -76.53162925532098,3.471498172228989 -76.53162048893876,3.4715055236806487 -76.53161218152569,3.4715121796923296 -76.53160341603235,3.471518599677571 -76.53159626055431,3.471524568380121 -76.53158818801592,3.471530065934212 -76.53158104692656,3.4715351366306666 -76.53158011458018,3.4715357986156476 -76.53157872596111,3.471536879313609 -76.53157273501027,3.471541541236597 -76.53157197005271,3.47154195181416 -76.53156421248309,3.471546116372858 -76.53155729097968,3.4715509275220877 -76.53155060436202,3.471555511680148 -76.53154276490368,3.4715603219356446 -76.53153585329696,3.4715649070005603 -76.53152962565649,3.471569491153121 -76.53152408108515,3.4715743203727896 -76.53151992333216,3.4715779920260013 -76.53151484763494,3.47158258520842 -76.53150907807704,3.471587631471295 -76.5315033094138,3.4715922246617077 -76.53149730586728,3.4715972709272287 -76.5314913122176,3.4716020902042195 -76.53148530956572,3.4716066843015727 -76.53148276181685,3.471608928893478 -76.53147931502127,3.4716119656942763 -76.53147285339973,3.471617246188017 -76.53146569791473,3.4716227437304257 -76.53145947027895,3.4716277990416597 -76.53145254877967,3.471633070497221 -76.5314456281857,3.47163881311186 -76.5314394005443,3.4716433972638208 -76.53143408995263,3.471647530141407 -76.53142648538139,3.4716523403932196 -76.53141932988801,3.4716571515441275 -76.53141357022079,3.4716615096064802 -76.53140756756548,3.4716658685759327 -76.53140203197933,3.471669540244487 -76.53139649729823,3.4716736631767424 -76.5313921235444,3.4716764124089856 -76.53138774079099,3.4716791607369757 -76.53138335713761,3.471681909969292 -76.53137505959462,3.4716862590172077 -76.53136929991656,3.4716896955607406 -76.5313646921741,3.4716924447955417 -76.53135893158283,3.4716947228843993 -76.53135248793558,3.471697924308271 -76.53134534232528,3.4717013509198384 -76.53134026572405,3.471705718921616 -76.53133634194782,3.4717084672441128 -76.53133150022185,3.47171167769287 -76.53132827840336,3.4717137396161575 -76.53130816455426,3.471728217363506 -76.5313218431303,3.4717412278916338 -76.53150677346407,3.4719154397906724 -76.53133532859594,3.4721054364636426 -76.53117068140735,3.472329261530602 -76.5310958271563,3.4725389218547824 -76.53137749030424,3.4730247623999593 -76.53216753559391,3.473170484045064 -76.53211919715254,3.4739154188602517 -76.53230453118589,3.474085455267887 -76.53225821311395,3.4746759710440758 -76.53224842749083,3.474718812279754 -76.53220125482633,3.4747570997419803 -76.53209602167395,3.474824559989296 -76.53197083033847,3.474910251882761 -76.5318074591337,3.4749968838218597 -76.5317585503412,3.4750287622526104 -76.5317023050693,3.4750597572313513 -76.53167026590634,3.4750834611636043 -76.5316342525624,3.475110575392956 -76.53158391379309,3.4751484739967933 -76.53153373252336,3.4751873040622563 -76.53152268297352,3.4752001457635884 -76.53148865320767,3.475233931251564 -76.53141796041787,3.4753041157854705 -76.53137753462255,3.4753368875824115 -76.53134669075364,3.4753751748136046 -76.53130959779502,3.475433822337897 -76.53126444025564,3.4754889240506617 -76.53123541059303,3.475518095549705 -76.53119025264635,3.4755375429042745 -76.53113328792755,3.475538839459835 -76.53105218326064,3.475509754206269 -76.5309424377081,3.4755096894072808 -76.53088755296882,3.4755268072848673 -76.53078429910757,3.475636917661706 -76.5307772426504,3.475648597238927 -76.5306858006852,3.475669737083628 -76.53064757859592,3.475678573762156 -76.5305876981543,3.475694605568144 -76.53057948424626,3.4756968050010246 -76.53057039827975,3.475699237761823 -76.5305621843716,3.475701437194552 -76.5305058848564,3.475716511265337 -76.53048950653711,3.4757208956596966 -76.53046673684585,3.47573884606672 -76.53045801548849,3.47575338697844 -76.53033608837984,3.4760473345580887 -76.53032098466414,3.4760776833294367 -76.53030226471762,3.4760894480315616 -76.53025141618816,3.4761001341919386 -76.53023333604648,3.4761054771956 -76.53021805400648,3.4761232376088875 -76.53019547986884,3.476168498052451 -76.53017276170422,3.4762106756152216 -76.53014448185635,3.4762600237148487 -76.5301246976356,3.4763099595456786 -76.5301041934447,3.4763599053310483 -76.530085102182,3.476409127632757 -76.53006882869266,3.476458303784409 -76.53005247324857,3.4765018106537253 -76.53004889600057,3.476511263714782 -76.53003817055574,3.4765396111414266 -76.53002659467789,3.47657099081534 -76.5300137139344,3.47661018487019 -76.53000088722278,3.4766529320607074 -76.52999083235296,3.476692098052394 -76.52996688946106,3.4767484727939855 -76.52994836596032,3.4767877473901403 -76.52993193034555,3.4768248696452613 -76.52991784364872,3.476864198456697 -76.52989738284379,3.4769355670536264 -76.5298865720645,3.4769813356090853 -76.52986688598045,3.4770383614275575 -76.52986591044986,3.4770411160448575 -76.52985452715943,3.477073268017441 -76.52983914548322,3.477119893927982 -76.52983620089819,3.477128820658288 -76.52982779950683,3.477194819186777 -76.52980303029041,3.4772370229857636 -76.52977042236145,3.4772741616746172 -76.52974511313865,3.4773137709371613 -76.52971952404943,3.477355830048098 -76.52969245991369,3.4773970752701855 -76.52968150754003,3.4774131409065205 -76.52966185806285,3.4774419640956786 -76.52963315599638,3.4774836072397126 -76.52961525264165,3.477533444467886 -76.52960940873572,3.4775799273972656 -76.52959840809532,3.4776311481927222 -76.52956567412957,3.4776661083298848 -76.52953492917669,3.4777116844477978 -76.52951433491064,3.477759740157498 -76.52949928437808,3.4778048295917716 -76.52947746616293,3.477853155708694 -76.52945834785497,3.4779040781483057 -76.5294433072069,3.4779480823782096 -76.5294285078271,3.478000641624545 -76.52941967605744,3.47804942973307 -76.52941140312763,3.4780944024424385 -76.52940094242885,3.4781435884738907 -76.52938505411124,3.4781984628298406 -76.52936931065287,3.4782498012301906 -76.52936156872053,3.478297360335035 -76.52934892925138,3.4783511584998994 -76.52933799756545,3.478367805619829 -76.52932131610176,3.478393208574749 -76.52930152279168,3.478442909258942 -76.52928321441846,3.4784927374402725 -76.52926953179868,3.4785370219984584 -76.52926150099982,3.478587710107561 -76.52926373882492,3.4786442763057317 -76.52927492223998,3.4786968009432058 -76.52927811311149,3.4787517393275156 -76.52927725501931,3.47880313365641 -76.52927220310238,3.4788546437791417 -76.5292700037258,3.4788690281683965 -76.52926430730422,3.478906290482871 -76.52925329763781,3.47895832517544 -76.5292414959445,3.4790039662194405 -76.52923036925704,3.479053424459385 -76.52922834996635,3.4790781463119225 -76.52922569537284,3.4791106508861227 -76.52922484626471,3.4791606787627716 -76.52922396931476,3.4792169646448947 -76.5292219052403,3.479265229077388 -76.52922146112643,3.4793164868471242 -76.52922126005595,3.4793735956686085 -76.52922320077474,3.4794172307679507 -76.52922852624941,3.479460231896483 -76.52923621861345,3.4795016603627644 -76.52924561099293,3.4795413615314432 -76.52925665118717,3.4795790098419914 -76.52926908721186,3.4796151840717395 -76.52927785949335,3.479652081804098 -76.52926183614598,3.479706621553219 -76.52924468124397,3.4797285229214663 -76.52922647191063,3.4797861826493413 -76.52921833225489,3.4798425047711095 -76.5292127329662,3.479873694467324 -76.52920730377045,3.479904903152976 -76.52919756224328,3.4799684771596127 -76.5291944502941,3.479982225808535 -76.52918445569897,3.480026381914535 -76.52917347295005,3.4800713446971647 -76.52915698962728,3.48011695955623 -76.52915693743067,3.4801171033461324 -76.52913973681682,3.4801606915944316 -76.52912942006087,3.480208240771314 -76.52915263837023,3.4802238240772656 -76.52919131133683,3.4801928257976176 -76.52922904022263,3.4801600550265075 -76.52928132896936,3.4801543789298495 -76.52932390389678,3.4801910158982006 -76.52933666381078,3.4802154789723048 -76.52933449992766,3.48027278676496 -76.52931269971629,3.480328628812022 -76.52924713098977,3.4804214929713693 -76.52923845723099,3.480431887489499 -76.5292366510033,3.480431913731926 -76.52905856730582,3.480364689734499 -76.52876993308291,3.4803117162980395 -76.52839381484708,3.480216232479338 -76.5269517790072,3.4797718246447285 -76.52574589618928,3.479413263744261 -76.52551547263815,3.4793002971395595 -76.5255268201147,3.479270243280466 -76.52557182659584,3.4791436387105334 -76.52574285032348,3.478682437257647 -76.5257878567978,3.478564876036281 -76.52617491083949,3.47750682504224 -76.52626492260457,3.4772626591895297 -76.52665197726947,3.4761865212498533 -76.52665199611276,3.4758971327972015 -76.52661601494816,3.475634872849382 -76.52649905466967,3.475101304443112 -76.52640786265148,3.474651508128055 -76.52634672530837,3.4742812913856063 -76.52630113119373,3.4740613019548015 -76.52627413905356,3.4739618224319835 -76.52624053675933,3.473716901280983 -76.52614499781853,3.4736611395822337 -76.5256313055593,3.4734898431382657 -76.52527413325298,3.4733355146058202 -76.52507411714699,3.473213486275373 -76.52490212295277,3.473068422522908 -76.52476985018038,3.4729161003598406 -76.52456731262626,3.472599000292665 -76.52448709642782,3.4722938785144573 -76.52440262911041,3.4718209218991856 -76.52413165503378,3.471809667597359 -76.5239906059111,3.471330024491064 -76.52392355662718,3.4711034369714686 -76.52385103648326,3.470857976873131 -76.52375633852446,3.470533230975994 -76.52369676710448,3.4703156704949034 -76.52360070390483,3.4699542537495875 -76.52350815699415,3.4696239099730164 -76.52345489176543,3.469439936499776 -76.52343873292818,3.469384120013461 -76.52337305993834,3.4691562672745206 -76.52329380204651,3.4688797052113878 -76.52315662362369,3.468416600439599</coordinates>
                        </LinearRing>
                    </outerBoundaryIs>
                </Polygon>
            </Placemark>
            <Placemark id="nur_upu_unidades_planificacion_urbana.5">
                <ExtendedData>
                    <SchemaData schemaUrl="#nur_upu_unidades_planificacion_urbana_1">
                        <SimpleData name="upu">8</SimpleData>
                        <SimpleData name="nombre_upu">CERROS</SimpleData>
                        <SimpleData name="area_ha">760.626314325</SimpleData>
                        <SimpleData name="estado">Adoptada</SimpleData>
                        <SimpleData name="url1">http://idesc.cali.gov.co/download/upu/acuerdo_0433_2017_upu_8.pdf</SimpleData>
                    </SchemaData>
                </ExtendedData>
                <Polygon>
                    <outerBoundaryIs>
                        <LinearRing>
                            <tessellate>1</tessellate>
                            <coordinates>-76.55333790065714,3.4200213398062767 -76.55343957765267,3.4200503510626876 -76.55375221343587,3.419786830921764 -76.55408502080778,3.4195334439721745 -76.55425646430515,3.4193408738465667 -76.55433712701152,3.4187631759896195 -76.55440770509516,3.418205748287174 -76.55517419273842,3.4183172066155736 -76.55520444155424,3.4181246405151278 -76.55526494988331,3.4180131534608087 -76.55537588438287,3.417901664568213 -76.55552715686429,3.417709094043405 -76.55579945371859,3.417536788853738 -76.5561927728061,3.4173036696554333 -76.55637430409801,3.4172023129202027 -76.55603137866532,3.41652328071411 -76.55589018428107,3.4165131510329005 -76.55561787927202,3.416452350712513 -76.55530523251217,3.416391551779976 -76.55476061907953,3.4161686016712185 -76.55474207084767,3.416159549015562 -76.5547509838056,3.416117540431479 -76.55476555171249,3.4160488781186125 -76.55482028009338,3.4157909348098365 -76.5549115458365,3.415443856914602 -76.55498012121684,3.4152440294156667 -76.5551751621909,3.4146065289410172 -76.55533807887517,3.4140370429732196 -76.5554367466284,3.4137084937130084 -76.55546886977324,3.413616269148187 -76.55559507425149,3.413134395741748 -76.55565244805996,3.412705550646809 -76.55564557783819,3.4123228146247255 -76.55564197222856,3.412256347785979 -76.55564198232885,3.411988911780898 -76.55564198408786,3.4119381495283907 -76.55564198561815,3.4118810795242625 -76.55564198557704,3.4118799454854862 -76.55564198779742,3.411817086819202 -76.55565099095554,3.4117085660320394 -76.55565099642304,3.4115367419736935 -76.55565100662675,3.41124735318019 -76.55565101438303,3.4110393547294233 -76.55565103471073,3.410433447019576 -76.5556510386315,3.4103430123979583 -76.55565104932742,3.410017450110126 -76.55565107276684,3.409348238783954 -76.55566008031349,3.4091131098797063 -76.55566908891676,3.4088327650185652 -76.55568710064314,3.4084438993612394 -76.5557231193257,3.407783732779801 -76.55572743202879,3.407695672784855 -76.5557501348551,3.4072320860820824 -76.55575013705536,3.4071687815715377 -76.55575013925568,3.407105477965246 -76.55576814929643,3.4067708725274892 -76.55577715402697,3.4066080914938768 -76.55578615818361,3.40645435473646 -76.55579516811814,3.406137835464899 -76.55582189459426,3.4055831601323114 -76.5558502611593,3.405586363156699 -76.5558362011219,3.405385825077061 -76.55584899077996,3.405173545903269 -76.55585165134715,3.4051620833305924 -76.55661679102921,3.4054529666270583 -76.55649847740092,3.4063476111032838 -76.55649890666068,3.4063478841970545 -76.55651544333972,3.4063538124125365 -76.55651701639198,3.406354806220222 -76.5565177776968,3.406354648837016 -76.55655488879543,3.4063641818732275 -76.55658315371733,3.406392127546269 -76.5566092047444,3.4064158762724994 -76.55663013141795,3.406430068154717 -76.55665113008556,3.406444309772307 -76.5566799616838,3.4064652187730564 -76.55670694022278,3.4064813628898336 -76.55673544855361,3.4064967102270636 -76.55677964203721,3.4065117965223983 -76.55680232765866,3.4065166166876457 -76.55683058473427,3.4065269639509426 -76.55685174909217,3.406544001768517 -76.55687468777491,3.406553887115302 -76.55690743989643,3.4065661179406344 -76.55690859537724,3.4065665492657247 -76.55694574244545,3.406575069427589 -76.55698292568887,3.4065883464004636 -76.55701212739413,3.4065916841046344 -76.55701464475747,3.40660120487135 -76.55702071196919,3.4066044539244946 -76.55703376964085,3.4066097899222356 -76.55704409965443,3.4066130641346293 -76.5570526668055,3.4066171613608334 -76.55706289874159,3.4066207240603292 -76.55707284269752,3.406623916896746 -76.55709157861797,3.4066269475220112 -76.55710521116578,3.4066281145022628 -76.55711757659884,3.406627608506726 -76.55713004910504,3.406626722685313 -76.55714495134991,3.406626451720417 -76.55715569613965,3.406627718287143 -76.55717369326807,3.40663130872372 -76.55718555395528,3.406633316804057 -76.55719799061406,3.4066363558066937 -76.55720851950723,3.4066396842699462 -76.55722181922981,3.406644432436665 -76.5572328701346,3.4066496780746225 -76.55724318314368,3.406655393996019 -76.55724923056229,3.406658735290856 -76.55725424210326,3.4066594639950254 -76.55726403310447,3.40666335317496 -76.55727616386584,3.4066681375591195 -76.55728789778402,3.4066731923551443 -76.55729607798399,3.406677343854198 -76.55731356319967,3.4066842541296842 -76.55732546799669,3.4066866329848513 -76.5573356278238,3.406687057634009 -76.55734579661456,3.4066865517197114 -76.55735057681649,3.406685534157062 -76.55735854840043,3.40669387726661 -76.55736802364964,3.4067006693800708 -76.55737608693809,3.4067067742513215 -76.55738394323981,3.4067125888381975 -76.55739255451621,3.4067174276161634 -76.55740262452753,3.4067224110319954 -76.55741162276671,3.4067274568881536 -76.55742540041919,3.40673440347745 -76.55743357162713,3.4067387078086506 -76.55744310979867,3.406743627940885 -76.55745348574615,3.4067478607445203 -76.55746387065099,3.4067509992996605 -76.55747425553834,3.406753676642705 -76.55748416256057,3.406755801453983 -76.55749313457775,3.4067575473838527 -76.55751226647192,3.4067610030241053 -76.55752143645738,3.406762521957442 -76.55753218124563,3.4067636980862055 -76.55754531078573,3.4067656789830547 -76.55755624457954,3.4067675785740374 -76.55756522558659,3.406769080331834 -76.55757907420697,3.406772743267716 -76.55758861323974,3.406776623410652 -76.55760522554228,3.406783035424644 -76.55761575356719,3.40678711448331 -76.55762490565691,3.406791293072107 -76.55763619951394,3.4067959327900397 -76.5576493012981,3.4068015762522657 -76.55765986623395,3.4068060432696843 -76.55767097023116,3.406811144206524 -76.55768382094891,3.406816887155078 -76.55769707659242,3.4068219247047553 -76.55770760458314,3.406825090381813 -76.55771872738427,3.4068277315201327 -76.5577312090367,3.4068306348634745 -76.55774218784924,3.406833131313144 -76.55774906490582,3.4068347045933773 -76.55775198780033,3.4068356458951277 -76.55776198571999,3.4068379434284024 -76.55777480845781,3.406841497880745 -76.55778592228747,3.4068448444016584 -76.55780020381548,3.4068499723438164 -76.55781130777775,3.40685413276831 -76.55782163869844,3.4068574603281196 -76.55783059185782,3.4068602064525066 -76.55783941992658,3.4068628151224125 -76.55784854587088,3.4068656914644753 -76.5578581469851,3.4068692270498104 -76.55786749703014,3.406872799722636 -76.55787646012779,3.406876562321235 -76.55788659310623,3.406880777042844 -76.5578974541032,3.406885082169737 -76.55790762310059,3.4068898928479445 -76.55792842907492,3.4069003941059157 -76.55794196913185,3.4069065783406844 -76.55795550828904,3.406912762575294 -76.55796658699053,3.406915236410051 -76.55798012600467,3.4069177092443916 -76.55799858933935,3.4069226561530197 -76.55802813132817,3.4069288397620263 -76.55804782496321,3.4069374980215748 -76.55806998146733,3.4069424447845127 -76.55808105922164,3.4069436814846696 -76.5580995225573,3.4069486283913424 -76.55811552378063,3.4069535753940317 -76.55813768023751,3.4069572859264317 -76.55816106694688,3.4069634697723754 -76.55812537679786,3.407094588309451 -76.55809666007885,3.4071831683585985 -76.55808134376703,3.407227149589121 -76.558070405055,3.4072843249280544 -76.55806821897869,3.4073480970645478 -76.55806603477501,3.4074602476238836 -76.55805947510879,3.407567999657866 -76.5580529168393,3.4077351259502495 -76.5580376063023,3.407928641143364 -76.558022295809,3.408100165568059 -76.5580091733833,3.4082826857423862 -76.55798510933361,3.4084476133673567 -76.55793697929225,3.4087510809595845 -76.55789978759137,3.4089643884185947 -76.55788461341696,3.408984761917259 -76.5578856064343,3.4089959476251273 -76.557887243055,3.409011728245124 -76.55788864645854,3.4090237739616613 -76.5578897986751,3.409032817288552 -76.55789174126474,3.4090486973737057 -76.55789372067454,3.4090626150457486 -76.55789534910164,3.409075936773251 -76.55789653736166,3.409086209997275 -76.55789767967987,3.4090952623678987 -76.5578992720885,3.409107995373288 -76.55790074751232,3.4091207736000846 -76.55790131401551,3.4091329097828806 -76.55790101662492,3.4091452359101226 -76.55789905449052,3.409159262256075 -76.55789682231338,3.4091713804611015 -76.55789508510183,3.409184077422638 -76.55789416670834,3.409194486379244 -76.55789515625408,3.40920898286557 -76.55789900745258,3.409222963768266 -76.55790567532965,3.409236963552317 -76.55791210017263,3.4092493536256208 -76.55791871391807,3.4092597713321484 -76.55792379781526,3.4092695840966782 -76.55792882766531,3.4092780123230777 -76.55793587423304,3.4092876893604664 -76.55794309984233,3.4092963797589673 -76.55794908358087,3.4093047365054234 -76.55795437533037,3.4093139153213157 -76.55795961225054,3.4093247590240408 -76.55796272546456,3.4093369222375105 -76.55796401193182,3.4093502340304367 -76.55796883488003,3.4093605713204354 -76.55797336156299,3.409365752995777 -76.55798102798235,3.4093708088456918 -76.55798995518674,3.409376614341835 -76.55799671357401,3.4093807387597876 -76.55799978234795,3.409383959888947 -76.55800582900261,3.4093903071953813 -76.55801136286745,3.409400571206075 -76.55801485554339,3.40940509275547 -76.55801587697786,3.409406414856503 -76.55802217027423,3.4094145617841543 -76.55802959379689,3.4094215529246936 -76.55803855690024,3.4094248353182754 -76.55804915771301,3.4094254417140633 -76.5580575358896,3.4094288878153653 -76.55806001010566,3.409439179075535 -76.55805558226331,3.409453431602433 -76.55805195523094,3.4094651420062214 -76.55804741027039,3.4094760032732894 -76.55804224446605,3.409489071147287 -76.55803816742004,3.4094991094491958 -76.55803624137592,3.4095155404264195 -76.55803483700093,3.409524963674562 -76.55803420743753,3.409534386892415 -76.55803399044537,3.4095546169232436 -76.55803515976208,3.409563661153506 -76.55803825493614,3.409574693945902 -76.55804203482575,3.409582977526543 -76.55805012430507,3.4095907735009217 -76.55806264144323,3.4096027925565866 -76.55806602706164,3.4096080701358202 -76.55807049712195,3.4096150378787673 -76.55807591401893,3.4096257359754323 -76.55808090415745,3.409631087647468 -76.55810775097228,3.4096356073778553 -76.55811006822324,3.4096359970564136 -76.55811360207463,3.4096348167580004 -76.55812132297942,3.409629273773073 -76.55812747891162,3.4096224186561903 -76.55813359873873,3.4096127519564465 -76.55814007763423,3.4096033285092857 -76.55814922127252,3.4095976859912773 -76.55815667184847,3.409606068904611 -76.55816100068262,3.4096145071048913 -76.55816342087762,3.4096240568103844 -76.55816324046361,3.4096360392848375 -76.55816268466936,3.409644853880938 -76.55816242116214,3.4096490436853375 -76.55816130417405,3.4096666692603956 -76.55815986400228,3.409681192971664 -76.55815998957621,3.409693763253256 -76.55816204097115,3.409707373447043 -76.55816229257326,3.4097210379716465 -76.55816186922696,3.409734051399965 -76.55816444242733,3.4097441798752084 -76.55817153393107,3.4097521929285737 -76.55817839950373,3.409758740964553 -76.55818169259989,3.4097682906357116 -76.55817918154035,3.4097825611745987 -76.55817657156476,3.409798703695273 -76.55817867691994,3.409811436679829 -76.55818365285043,3.4098216464510562 -76.55819167119915,3.4098283662657414 -76.55820562870267,3.4098307269420562 -76.55821653485117,3.4098381701128484 -76.55822263569819,3.4098495102611164 -76.55822693700806,3.4098674801757376 -76.55823216501767,3.4098804391217383 -76.55824064157774,3.409891336955645 -76.55825065698203,3.4099027230710344 -76.55826063642832,3.409915076828483 -76.55826587328087,3.4099240114735965 -76.55827344998876,3.4099360578507745 -76.55828055877113,3.409948645944254 -76.55829018805304,3.409958304790436 -76.55830318191838,3.4099645179794984 -76.55831240594587,3.4099664628454938 -76.5583207662857,3.409973897071939 -76.55832400542226,3.409984269691477 -76.55832872037142,3.409994135824049 -76.55833516331674,3.410008931430317 -76.55834179498386,3.4100171434546347 -76.55835604953967,3.410021629309313 -76.55836902619062,3.410024831055427 -76.55837767353479,3.4100306275154546 -76.55838533198543,3.4100388304555813 -76.55838911991178,3.410045395793818 -76.55839241377947,3.41005158223427 -76.5583973806947,3.410061285575849 -76.55840123169042,3.410069804279785 -76.55840546079077,3.410082094959027 -76.5584082598326,3.4100912919573245 -76.55840923189612,3.410095738544705 -76.55841085110204,3.4101031477150334 -76.55841471122436,3.4101149229366174 -76.55841988516511,3.4101258652117785 -76.55842484299893,3.4101334442655897 -76.55842988272457,3.410141049541916 -76.55843672135575,3.4101488998224996 -76.55844476594856,3.4101592632083033 -76.55845091257231,3.4101674662076182 -76.55845623945994,3.4101774770092557 -76.5584618452927,3.410186891841651 -76.55846764924827,3.4102000135441397 -76.55847320126377,3.4102139319775784 -76.55847720551867,3.410229477374731 -76.55847766722017,3.4102308519489295 -76.55848129963171,3.4102416586341238 -76.55848267589566,3.4102498256484375 -76.55848410704452,3.4102577656719526 -76.55848430446304,3.4102664653874797 -76.55848412746072,3.410273550876015 -76.55848403401889,3.4102773174439203 -76.55848496940406,3.4102873012889914 -76.55848935225397,3.410296145532844 -76.55849900750414,3.410302376937991 -76.55850931144974,3.4103052622699237 -76.55851844552015,3.410307948693902 -76.55852820040316,3.410307649876289 -76.55853445460586,3.410305389690009 -76.5585373801053,3.4103036288296833 -76.55854132066571,3.4103012565972177 -76.55854817797321,3.410303409552211 -76.5585525329688,3.410313320914698 -76.558555268421,3.410330187598331 -76.55855633878566,3.410340017700647 -76.558557445399,3.4103562866819797 -76.55855856073163,3.410365429486277 -76.55856073801009,3.410376254315553 -76.55856443699359,3.410386501213054 -76.55856610099113,3.410388689642958 -76.55857291357178,3.4103976513538785 -76.5585764314334,3.410401721635831 -76.55858475586867,3.4104113344094387 -76.55859328652899,3.410424719165002 -76.55859877530382,3.4104322520755717 -76.55860471415721,3.4104430776597727 -76.55860915100246,3.4104519128575146 -76.55861631295818,3.410466310524784 -76.55862397978082,3.4104813140778267 -76.55863031473226,3.410495756090342 -76.5586466378081,3.4105369769373075 -76.55866512007132,3.41058657999903 -76.55866682030926,3.4105949631366923 -76.5586687464915,3.4106051196704925 -76.5586710765636,3.4106110972463166 -76.55867493731151,3.4106157725157855 -76.55868237052475,3.4106171205868234 -76.55869025354785,3.410614931777367 -76.5587021957325,3.4106056446641295 -76.55871208533944,3.41059865464878 -76.55872779808864,3.410589141300841 -76.55873176662126,3.4105886627484483 -76.55873500631004,3.410590055298606 -76.55873510891625,3.4105905065587505 -76.55873601437163,3.4105945045971646 -76.55873550970809,3.4105990534330624 -76.55873354769471,3.4106159103554265 -76.55873295343434,3.4106304249901265 -76.55873158517974,3.4106428687236074 -76.55872892093592,3.410651876027584 -76.5587272258605,3.4106603226039316 -76.55872639181872,3.4106644816836296 -76.55872740827083,3.4106763203205865 -76.55873112446194,3.4106892702803577 -76.55873426455155,3.410697995199964 -76.55873479554981,3.4106994710570167 -76.55873753097245,3.4107154786196703 -76.55874301981807,3.41074754619577 -76.55874916410704,3.410787645163771 -76.55874992021803,3.4107926189878714 -76.55875345630317,3.4108023495145017 -76.55875623733748,3.4108111666907055 -76.55875788435618,3.4108163466681534 -76.55875932347246,3.4108208710094656 -76.55876250857847,3.4108301222513635 -76.55876265167821,3.410830524675683 -76.5587657206722,3.41083913836452 -76.55877071550252,3.410849104864909 -76.55877705024506,3.4108581389402572 -76.5587848607739,3.4108659710926514 -76.55878941457063,3.4108738205573026 -76.558790331977,3.4108841932675933 -76.55878953070426,3.4108977854866245 -76.55878883731684,3.410908782253785 -76.55878999765906,3.410918223487133 -76.55879310190488,3.4109307674236176 -76.55879859992898,3.4109445221719943 -76.55880208204165,3.410954769077057 -76.55880731991917,3.41096659759767 -76.55881345679597,3.4109784360300743 -76.55881866672259,3.4109888899592984 -76.55882467759848,3.4110003395316872 -76.55883112941697,3.411011589227919 -76.55883838219235,3.4110240244780856 -76.55884625591409,3.411036865750753 -76.55885312166328,3.4110475285154913 -76.55886095034542,3.411059231229385 -76.55886556710797,3.411066357221409 -76.55886873404458,3.411071231471924 -76.55887445150046,3.411081313697963 -76.55887508777334,3.411082436859234 -76.55888045061414,3.4110911273245774 -76.55888797346964,3.411106320791765 -76.55889627023832,3.4111215142279265 -76.55890667179173,3.4111347180381113 -76.55891360141965,3.4111449910305214 -76.55891867636346,3.4111554458688826 -76.5589222124642,3.411165492912776 -76.55892672967919,3.411181201067764 -76.55892936584974,3.411190453235322 -76.5589339999055,3.411202471690126 -76.5589412979451,3.41122162616244 -76.55894733591519,3.4112354532351796 -76.55895565965886,3.4112500407638113 -76.55896349732421,3.4112612732211223 -76.5589717129024,3.411271374337478 -76.55897727369133,3.4112792698819585 -76.55898117959812,3.4112879694484595 -76.55898479665967,3.4112972297155393 -76.55898808080217,3.411307585148208 -76.55899307485224,3.4113204446217673 -76.55899903171463,3.411331297332603 -76.5590046294395,3.411340186741922 -76.5590098933192,3.411349511150756 -76.55902208600203,3.4113709262687464 -76.55902720591293,3.4113806205571344 -76.55903505351392,3.411392729316077 -76.55904143328917,3.4114025601086997 -76.55904764216321,3.4114143894931703 -76.55905175411209,3.411422184713952 -76.55905298648581,3.41143253932444 -76.55905566854271,3.4114415292319733 -76.55906267821148,3.4114504457143067 -76.55907205468954,3.4114612349836286 -76.55908425760981,3.411468479137726 -76.55909628857138,3.4114737608870387 -76.5591116860719,3.4114794494524565 -76.55912005529194,3.4114834200599673 -76.55913248216878,3.411487679891946 -76.55914647575459,3.4114915507957115 -76.55916241318108,3.411496886647088 -76.55917508302706,3.411501046991638 -76.5591848380399,3.4115037062539106 -76.55919873262714,3.411507323946506 -76.55921200624287,3.4115099107196363 -76.55922313802861,3.411510743165009 -76.55923480975746,3.411511666022169 -76.55925058416815,3.4115136287012136 -76.55926053712115,3.41151533840075 -76.55927248788576,3.4115179342698396 -76.55927964038172,3.4115203702650194 -76.55928287286353,3.4115214707126578 -76.55929335679699,3.4115241751612158 -76.55930696340812,3.411527566779595 -76.5593168525243,3.4115306691602774 -76.559329091299,3.411534314048057 -76.55933806338614,3.4115366197446275 -76.55935342481878,3.4115404553208424 -76.55936567163695,3.4115427066243362 -76.55938162700434,3.4115465693061555 -76.55939118402331,3.4115488035358936 -76.5594019649157,3.4115512990693486 -76.55941294377764,3.4115535875014547 -76.55942757624487,3.41155623752008 -76.55943758230428,3.411558236603489 -76.55944452139863,3.411557531843301 -76.55944775202364,3.4115572061508295 -76.55945647195266,3.4115548644681066 -76.55946372490014,3.4115488955487177 -76.5594663801441,3.411539978676993 -76.55946637467243,3.4115381808550387 -76.55946633546255,3.411525391721207 -76.55947173539995,3.4115165027724648 -76.55948003226608,3.4115114291042983 -76.55949304543041,3.4115045384311813 -76.55950428495305,3.4114991309428406 -76.55951370759014,3.411493994829367 -76.55952388516894,3.4114870319241377 -76.5595343875274,3.411477989030235 -76.55954530369458,3.4114653549967127 -76.55955176554795,3.411457361298054 -76.55955882943366,3.411449366670512 -76.55956583104981,3.4114369959581685 -76.55957036704659,3.411427210845961 -76.55957497490289,3.4114141438914243 -76.55957652324922,3.4114047206356717 -76.55957744162681,3.4113943207214854 -76.5595780808552,3.411379444349955 -76.5595770642271,3.4113635190147953 -76.55957728981517,3.4113564109159005 -76.55957795617833,3.4113449529375433 -76.55957941447119,3.411333956138863 -76.55958206872464,3.411322832684281 -76.55958444500297,3.4113140333873915 -76.55958669528118,3.4113048814041536 -76.55958964745464,3.4112950873129693 -76.55959048875565,3.41129249635287 -76.55959281470538,3.4112853302908355 -76.55959400955409,3.411279948531996 -76.55959562277961,3.411272678500218 -76.55959840402863,3.4112642861384925 -76.55960096922088,3.4112538861571653 -76.55960181680977,3.4112510139479566 -76.55960392138564,3.411243884068395 -76.5596064227032,3.4112339362582103 -76.55961095924788,3.4112154613704204 -76.55961296644892,3.4112037320362347 -76.5596276815746,3.4111363501822423 -76.55963123668371,3.4111266645867797 -76.55963232979063,3.41111997425622 -76.55963252412084,3.4111187877579985 -76.55963561935273,3.411108387754946 -76.55964669013558,3.4110694745816326 -76.55966569688371,3.4110246105461215 -76.55966982791043,3.4110145098362628 -76.55967323913613,3.41100732926032 -76.55967824216886,3.41099733613095 -76.55968627860706,3.410983563652891 -76.55969414492174,3.4109687412463146 -76.55969832904816,3.4109587942714694 -76.55970238804137,3.410947679802494 -76.55970902968643,3.410935154462095 -76.55971360171495,3.4109263469361033 -76.55972072926397,3.410912808718194 -76.55972885564864,3.4108979962484054 -76.55973425548865,3.4108868455510013 -76.55974036627222,3.410876283547965 -76.55974506610457,3.410867939941538 -76.55975104006907,3.4108565323888196 -76.55975670985255,3.4108447495485987 -76.55976367538238,3.4108303160432367 -76.55976634850028,3.410818451935194 -76.55976865257027,3.410804380355326 -76.559770272717,3.410790299760059 -76.5597719379579,3.410778669916542 -76.55977292835664,3.4107690567724136 -76.55977302100283,3.4107679869378074 -76.55977573019278,3.4107357987557605 -76.55977667749049,3.4107285097597893 -76.55977718577465,3.410724599385271 -76.55977794219346,3.410714832513391 -76.55977867153359,3.4107030489708325 -76.55978196595007,3.4106780891314106 -76.55978511533303,3.4106716410788285 -76.55978795445746,3.4106702862656153 -76.55979013756868,3.4106692452842275 -76.55979554525773,3.4106741737001873 -76.55980283466478,3.4106798535432175 -76.55981075304476,3.410684149724634 -76.55981866322887,3.4106860575519766 -76.55985872709677,3.410695716943509 -76.55989219380153,3.4107051595632134 -76.55989625238996,3.4107063079047877 -76.55990685322504,3.4107070951472664 -76.55991779576007,3.4107014525386603 -76.55992724527344,3.4106935943653096 -76.55993474186184,3.410682163236133 -76.55994033079692,3.4106739615731447 -76.55994581080407,3.410664773282801 -76.55994874516503,3.4106596727008403 -76.55995142667186,3.4106549980720473 -76.55995795145341,3.410645628871267 -76.55996700497346,3.41063685733331 -76.55997208017725,3.4106313858850315 -76.55997587758134,3.410627289081703 -76.55998642484641,3.4106164103766345 -76.55999553236903,3.4106078649204674 -76.55999931181366,3.410604717671765 -76.56003171785336,3.4105777969345845 -76.56005481018197,3.4105566987025497 -76.56006691426195,3.4105456390650217 -76.5600747708272,3.4105347062096625 -76.56008251053842,3.4105270289727017 -76.56009117625473,3.4105195949641733 -76.5601017866432,3.4105119718688797 -76.56011245913004,3.4105044844214767 -76.56012053183997,3.4104977106032552 -76.56012846054949,3.410490530743542 -76.56013736919809,3.410482129988183 -76.56014534288855,3.410474614617401 -76.56015197484332,3.4104674076809367 -76.5601583826989,3.410459602986846 -76.56016434960395,3.4104517901718987 -76.56017604854881,3.410436371644801 -76.56018055760228,3.4104281600773345 -76.56018770318909,3.4104158427103024 -76.56019541574415,3.410404322040777 -76.56019782379083,3.41040235229494 -76.56020432443694,3.4103970336194576 -76.56021291906548,3.410389753350084 -76.56021996491671,3.410381189890339 -76.56022669668113,3.4103720829369286 -76.56023533611074,3.4103600829300467 -76.56024095203908,3.410351898446591 -76.56024681990098,3.410342792433139 -76.56025263276588,3.410331171460384 -76.5602575827108,3.4103215590560865 -76.56026179476147,3.4103124883802662 -76.56026669070226,3.410302630902795 -76.56027394363987,3.4102967714020784 -76.56028146680242,3.410297141868565 -76.560287946201,3.410300380031279 -76.5602944706888,3.4103059152083777 -76.5603005893438,3.41031196497008 -76.56030642991703,3.4103176900862446 -76.56030765652558,3.4103188475869004 -76.56031634627783,3.4103270495642324 -76.56032339270423,3.4103325214158784 -76.56033219300303,3.4103372878117417 -76.56034570960439,3.4103405166386573 -76.56035508658667,3.4103416014539403 -76.5603663353153,3.4103416742381576 -76.56037819591283,3.4103402457971996 -76.56039130735857,3.4103385731330933 -76.56040125110435,3.410335471747827 -76.56041089882082,3.410333274711889 -76.56042089656147,3.410330200454289 -76.56042976940824,3.4103266098668787 -76.56043885904957,3.410321057763147 -76.56044774983158,3.410315948792795 -76.56045556164061,3.410310956526761 -76.5604666752902,3.4103087503858767 -76.56047939998284,3.410312015417364 -76.56048839825789,3.410316736586686 -76.56049808138977,3.4103222897175405 -76.56050688170122,3.4103273445953324 -76.56051912964985,3.410335493066615 -76.56052802897909,3.410341245184002 -76.56053803614758,3.4103485617583194 -76.56054755378709,3.410356251844183 -76.56054983330498,3.410358093883797 -76.56055079622276,3.410358744062012 -76.56055858055818,3.4103639997445487 -76.5605660220818,3.410370447357653 -76.56057304162063,3.410378523699469 -76.56057880045354,3.410387838131386 -76.56058327249887,3.41039876324141 -76.56058547326433,3.410411207732619 -76.56058877007013,3.410422791249109 -76.56059883041544,3.4104320792754628 -76.5606127249575,3.4104348559142332 -76.56062694332518,3.4104343045786685 -76.56064210656048,3.410433139158475 -76.56065306818364,3.410432270536379 -76.56066666559389,3.4104310509210687 -76.5606811178679,3.41042888081147 -76.56069225852087,3.4104268103174036 -76.56070456894231,3.4104223514198844 -76.56071404552523,3.410416464692622 -76.56072375509576,3.4104085079278392 -76.56073156677344,3.4104003685664055 -76.5607416731138,3.4103903661742505 -76.56075182449132,3.4103813865853825 -76.56075950931563,3.4103740349066713 -76.5607669250853,3.410367044069696 -76.56077613119173,3.4103706348061733 -76.56078356373067,3.410377390796906 -76.56079469584013,3.410386298050291 -76.56080236234229,3.4103928008166573 -76.56081252221773,3.410393425286987 -76.56082067508571,3.4103884067779004 -76.56082854086239,3.410382817644084 -76.5608379894935,3.410375637714701 -76.56084860882262,3.41036679375572 -76.56085593461118,3.410360029006125 -76.5608634484573,3.410352758724118 -76.56087003629686,3.410345216275523 -76.56088955401879,3.4103196127663535 -76.5608936149512,3.410312235917606 -76.56090103054684,3.410301104119944 -76.56090795030451,3.4102901161326957 -76.56091618482131,3.410279327948548 -76.5609240413766,3.4102684393988256 -76.56093462445774,3.410253599685323 -76.56094154517197,3.4102439871945496 -76.56094833094397,3.410235395706018 -76.56095208153543,3.410231005895602 -76.56095553067573,3.410226967885013 -76.56096787686134,3.410217047690767 -76.56097177510009,3.410214195247152 -76.56097284144657,3.4102134156635975 -76.56097515771307,3.4102117208381775 -76.56098690105581,3.4102039349047075 -76.56099539679751,3.410199278114532 -76.56100340568715,3.4101944486164317 -76.56101205438675,3.4101892040005275 -76.56102029725652,3.4101845381774325 -76.56102080658799,3.410184281324191 -76.56103399431355,3.410177629367927 -76.56104261520787,3.4101745813877855 -76.56105202801005,3.410171480018225 -76.561060648913,3.4101686409397964 -76.56107511099322,3.410164372761771 -76.56108686352776,3.4101612260761187 -76.56109607835364,3.4101581608879834 -76.56110044101379,3.410157092681343 -76.56112456695597,3.410149462672741 -76.56112773724495,3.410148240779126 -76.56113857274491,3.4101441807511628 -76.56114840848292,3.410140708584538 -76.561150638399,3.410139974168373 -76.56122298717884,3.410111220416338 -76.56122256702079,3.410113464094553 -76.56123258625709,3.410108081959291 -76.56123936226884,3.410102873594292 -76.56124982859035,3.4100935946512347 -76.56125691947565,3.4100862339504046 -76.56126647679588,3.4100744780663903 -76.5612744502212,3.4100609488444658 -76.56128024605009,3.4100511374448756 -76.56128770660904,3.410039407875492 -76.56129612994997,3.4100251018086833 -76.5613026185417,3.4100115364761328 -76.56130842327914,3.409999590840388 -76.56131151947964,3.4099913341108667 -76.5613142647984,3.4099849403307183 -76.56131681127438,3.4099793695057956 -76.56131917856489,3.4099712855356277 -76.56132127502836,3.4099642044868346 -76.56132399323772,3.409955142913305 -76.56132852907619,3.409942183569477 -76.56133272301321,3.4099306440494472 -76.56133688091886,3.4099182644017456 -76.56134220859184,3.409903523480037 -76.56134428605972,3.40989412913764 -76.56134523257174,3.4098898497741135 -76.5613472037864,3.409878907211077 -76.56134821218109,3.409869637712676 -76.5613487565894,3.4098689323065576 -76.56134987699205,3.4098696475895482 -76.56135847042101,3.409876927137688 -76.56135883309737,3.409877344926002 -76.56136551696123,3.4098850396460816 -76.56137316562646,3.4098953677547335 -76.56137841149993,3.4099041486448205 -76.56138776120693,3.4099200473975757 -76.5613928001561,3.4099300581948717 -76.56139783908252,3.409939527294205 -76.56140557792713,3.409954330963139 -76.56141008593059,3.4099641889499828 -76.56141246210507,3.409974724376158 -76.56141241663273,3.409984735390001 -76.56141169622072,3.4099943575676446 -76.5614127576516,3.410005055830522 -76.56141403501825,3.4100148135735884 -76.56141411365016,3.410022889300702 -76.56141418776389,3.4100305219028186 -76.56141557347631,3.4100487623234232 -76.56141811985815,3.4100622920025034 -76.56142199802879,3.4100744009111907 -76.56142944878926,3.4100864020514297 -76.5614365665747,3.410098094826847 -76.56144159651835,3.410107916617759 -76.56144561857994,3.4101178189376355 -76.56144993133061,3.410128242143269 -76.56145128761514,3.4101315203074565 -76.56145645267212,3.410144379760887 -76.56146061960955,3.4101540921637135 -76.56146156911777,3.4101568367863417 -76.56146673786273,3.4101717816409356 -76.56147001303216,3.4101822175514607 -76.56147327113918,3.4101934954005535 -76.56147560142588,3.410204166479032 -76.56147866074463,3.4102175505377237 -76.56147935318165,3.410227380652587 -76.56147951466211,3.4102368128817857 -76.56147706660556,3.410250197175564 -76.56147409636708,3.410257878741788 -76.56147133390493,3.410263192744573 -76.56147171278089,3.4102636403752737 -76.56147475368805,3.4102672349855 -76.56147877550754,3.410271385721166 -76.56148774769107,3.410276134012284 -76.56149186033305,3.4102786931106985 -76.56150634875904,3.4102803130639914 -76.5615194152452,3.4102795447235166 -76.56153591017537,3.410274824283127 -76.56154948999118,3.4102619649331127 -76.5615643565975,3.4102476133716264 -76.56158194166626,3.4102302231208763 -76.56159023919162,3.410219995617333 -76.56159211062203,3.410211567115337 -76.56159341611246,3.4102053994803447 -76.56159460452837,3.4101971609183743 -76.56159670984322,3.4101866343442526 -76.56160242522053,3.410168376437578 -76.5616138360297,3.4101496118581704 -76.56162760552974,3.410132239856729 -76.56163199690879,3.410129354833187 -76.56163762111333,3.4101256558533937 -76.56165465667043,3.4101160257416283 -76.5616684879591,3.4101127071356974 -76.56168082632179,3.4101094971140675 -76.56168850237066,3.410107624806924 -76.56169643023142,3.410102000394229 -76.5617101990739,3.4100903799756805 -76.56173932114967,3.4100594250743512 -76.5617601816377,3.41003728781412 -76.56176804646803,3.4100308033789504 -76.5617783058045,3.410021462039816 -76.56179496316591,3.410006305537733 -76.56179775550778,3.410005348628948 -76.56180859710364,3.409996620405006 -76.56182434585044,3.4099881026802676 -76.56184421531219,3.4099815462850134 -76.5618634017467,3.409974882302664 -76.56187767398748,3.4099716812385648 -76.56190726325578,3.4099654147152343 -76.56193117331233,3.4099601522503065 -76.56193960527436,3.4099582988996215 -76.56195368047493,3.409955984093272 -76.56196992338425,3.4099502869722746 -76.56198317871944,3.4099466066518693 -76.56200123140162,3.409942755204187 -76.56201230900126,3.409939471981515 -76.56202213582792,3.4099381702154283 -76.56203130575214,3.409937402036557 -76.56203952183985,3.409937918057571 -76.5620484668702,3.4099390300051238 -76.562058995717,3.4099400613980264 -76.5620689757519,3.4099440228668207 -76.56207726384505,3.409944855402382 -76.56208610986621,3.4099454880552003 -76.56209447883147,3.409943553315547 -76.56210328870735,3.40994070517623 -76.56211853361737,3.409934736794843 -76.56217202350162,3.4099130520878425 -76.56221331191843,3.4098971005010688 -76.56224695946376,3.4098848751137267 -76.56226521827747,3.4098823521233474 -76.56228652772722,3.409879441039221 -76.56229586948585,3.409877623819299 -76.56230600221659,3.4098749284535077 -76.56231594593758,3.4098715105304906 -76.56232738422531,3.409864312413134 -76.5623389116246,3.4098576207205387 -76.56235084480335,3.409849210769607 -76.56236234603848,3.409840972661414 -76.56237232551854,3.4098320834967386 -76.56238632825553,3.409818916641897 -76.56239711848141,3.4098086067279905 -76.56241129219981,3.409795476038809 -76.56242691544509,3.4097775441603937 -76.56243718379682,3.409768789728661 -76.56244661408716,3.4097749035398786 -76.56245806103934,3.4097808183087 -76.56246204768394,3.409783097063974 -76.56246768923498,3.4097852590874025 -76.56247358376764,3.40978997042605 -76.5624793335465,3.409797676031161 -76.56248193448685,3.409803138113569 -76.56248178996911,3.4098115846284953 -76.56247962158687,3.4098201487957467 -76.56247730832109,3.409828712969325 -76.56247572399815,3.4098378739735185 -76.56247541837949,3.4098458773702984 -76.56247610171184,3.409853039690325 -76.56247912556425,3.409857579330391 -76.56248357926974,3.4098601745831316 -76.56248821375405,3.4098604465859124 -76.56249402797702,3.4098600936401233 -76.56250120912134,3.40985920797994 -76.5625095691201,3.4098580600103547 -76.56251911691656,3.409855364667915 -76.56252671190941,3.409852073452717 -76.56253334484815,3.4098473163491314 -76.56253817704638,3.409841511197645 -76.56254372997813,3.4098337607854496 -76.562550272712,3.4098240488226783 -76.56255588771961,3.4098159095427363 -76.56256362729813,3.40980576344563 -76.56256849630695,3.4097980040198848 -76.56257365242578,3.409791230308982 -76.562578521409,3.409782883968403 -76.56258542328212,3.409775034019757 -76.56259120115335,3.409766497728476 -76.56259560218916,3.4097581414606175 -76.56259940840131,3.4097499841729872 -76.56260358441159,3.409740453181053 -76.56260791339568,3.4097307223238893 -76.56261273723646,3.4097189928599847 -76.56261802905763,3.4097080420097763 -76.56262293404454,3.409699893717215 -76.5626272441029,3.409689529824814 -76.56262944048254,3.4096833169324836 -76.56263144769387,3.409672736100208 -76.56263203305393,3.4096618478557055 -76.56263352723612,3.4096492512785135 -76.56263424672132,3.409639294495343 -76.56263474228574,3.409632873680104 -76.56263491295263,3.409625657062464 -76.56263481459304,3.409619426184082 -76.56263386120241,3.4096102372565307 -76.56263261953151,3.409593841679182 -76.56263154912878,3.4095840658419716 -76.56263092786052,3.4095762614399545 -76.5626284897499,3.4095696146691643 -76.56261551427508,3.4095315055681548 -76.56260579609531,3.4095064278218983 -76.56259463802277,3.409480020763096 -76.56258743913799,3.409466039122559 -76.56258648502202,3.4094608573127134 -76.56258882723881,3.409455889686266 -76.5625897252535,3.4094539842085974 -76.56259488161737,3.4094528996823374 -76.56259992113593,3.4094550698704498 -76.56260831648116,3.4094597729596243 -76.56261815255641,3.4094643493783257 -76.56264591445806,3.409466022992404 -76.56265529138348,3.4094659420947373 -76.56266563125904,3.4094672438861378 -76.5626751702942,3.409470111120149 -76.56267966910346,3.4094752394182897 -76.56268558182558,3.4094843729633615 -76.56269127768715,3.409493842026992 -76.56269657830856,3.409499050775816 -76.56270404680495,3.4095047758058086 -76.5627120111074,3.4095096407893486 -76.56271960637055,3.4095126347155618 -76.56272489768172,3.409510690158074 -76.56272950492684,3.409505436661149 -76.56273283521689,3.409500164229295 -76.56273833316119,3.4094903428863916 -76.5627431121817,3.409482683845124 -76.56274622554949,3.409476335261603 -76.56275138238323,3.4094653835122406 -76.56275580122039,3.4094525788085845 -76.56276016608011,3.409440153024533 -76.56276719539926,3.4094246071601235 -76.56277386401638,3.4094126614775924 -76.56278061359959,3.409400154198101 -76.56278927078907,3.4093836234387207 -76.56279557946333,3.4093720566891403 -76.56280178905173,3.4093582661789177 -76.56280966338758,3.4093430548816883 -76.5628174116974,3.409326922070427 -76.56282633073276,3.4093098667836355 -76.56283527582728,3.4092919514710127 -76.56284540949632,3.4092697052354377 -76.56285606499495,3.4092449358761785 -76.56287095878176,3.4092149935214695 -76.56288420682652,3.409188948932142 -76.56289398940504,3.409163762711563 -76.56290522068265,3.409135502585038 -76.56291251889918,3.409116132265974 -76.56291888216727,3.409097782984761 -76.56292573060655,3.409082337508552 -76.56293328987228,3.4090647930344273 -76.56293942829213,3.4090493385461214 -76.5629461596408,3.4090315318507165 -76.56295045243998,3.4090176319994243 -76.56295143039401,3.4090122918455004 -76.56295326034679,3.4090023033611123 -76.56295388160852,3.408989353226092 -76.56295576274354,3.408976810891405 -76.56296109946811,3.4089639509815863 -76.56297317731695,3.408951046461071 -76.56298455176479,3.4089454128419727 -76.56299532363677,3.4089478821100037 -76.56300272982088,3.4089486595121405 -76.5630109547858,3.40894658007701 -76.56302121415109,3.4089384324496503 -76.56303059068102,3.4089294519667974 -76.56304122791609,3.4089193328675664 -76.5630530528479,3.408905415499684 -76.56306044145866,3.4088953688911654 -76.56306809994771,3.4088832594776557 -76.56307595644883,3.4088719467763076 -76.56308292206872,3.4088610130316543 -76.56308941981968,3.408851843669423 -76.56309882416866,3.408841126857398 -76.56310812862695,3.4088303657371957 -76.56311231289256,3.4088245931676844 -76.56311703796327,3.4088180763047027 -76.56312535338468,3.408806174859116 -76.56313452369096,3.408793894458248 -76.56314479267368,3.4087794074259254 -76.56315287409306,3.4087668639111337 -76.56315941591183,3.4087571067273412 -76.5631659136526,3.408747737506086 -76.56317238440552,3.4087385771878616 -76.56318427209874,3.4087194960506024 -76.56318570362829,3.4087148205640503 -76.56318727822148,3.4087096929025757 -76.56318948358476,3.4087032629676006 -76.5631915440412,3.40869629948016 -76.56319464918029,3.4086871293636904 -76.56319789833861,3.408678774048553 -76.56320082258048,3.408669196988399 -76.56320383761427,3.4086574042982454 -76.56320756422832,3.4086402126838102 -76.56321091184526,3.4086198287761635 -76.5632138644259,3.4085998617854854 -76.56321617790073,3.4085758244018196 -76.56321837378219,3.4085584429446083 -76.56322056971497,3.408542228082277 -76.5632307310754,3.408515695283285 -76.56324291565602,3.4084949230216255 -76.56324506640817,3.4084949229259 -76.56324746974461,3.4084884206349915 -76.56325482213306,3.4084733540511807 -76.56325909716753,3.4084648992130595 -76.56326365023476,3.4084556476415298 -76.56326511155068,3.40845302590313 -76.56326863616555,3.408446703525325 -76.56327444985168,3.40843437805571 -76.56327998448522,3.408420134499444 -76.56328254962902,3.4084096983347343 -76.56328535769252,3.4083980783818957 -76.5632865280075,3.4083878774069634 -76.56328785157778,3.4083838648041622 -76.56328993905795,3.408377540681627 -76.5632936371864,3.408367457157881 -76.56329691331294,3.4083584950309627 -76.56330005078594,3.4083479584592724 -76.5633002253399,3.408347371536697 -76.56330371739395,3.408337334143287 -76.56331026827549,3.408329122470181 -76.5633182419862,3.4083230277868144 -76.5633253868924,3.408316932236001 -76.56333534930545,3.408309300090695 -76.56334549996322,3.408305439022713 -76.56335674950994,3.40830420048326 -76.56336747616263,3.408301732068521 -76.56337575490308,3.408294858736798 -76.56338317949933,3.408284757863933 -76.56338929024429,3.4082745928417464 -76.56339435709211,3.408264030862144 -76.56339888408212,3.408255276676548 -76.56340337411991,3.408245247377229 -76.56340744199758,3.4082327592040946 -76.56341106891927,3.408220116408996 -76.5634148939464,3.408210376527211 -76.56341624097031,3.4082076544122635 -76.5634199518098,3.4082001572916414 -76.56342508163841,3.4081893420946594 -76.56342956358979,3.4081796112268257 -76.56343246986562,3.4081708390267615 -76.5634338922297,3.4081624467146177 -76.56343454073728,3.408155275292189 -76.56343554831734,3.408148420371703 -76.56343515295598,3.408141484123589 -76.56343721388349,3.408124899392827 -76.56343857310704,3.4081131700794796 -76.56344138099207,3.408097579181813 -76.56344512551689,3.408078560804528 -76.56344685283736,3.408067726768462 -76.56344793317788,3.4080579146622787 -76.5634488514935,3.4080471168358644 -76.56345013875797,3.408036129082152 -76.56345206500096,3.4080263259815027 -76.56345450415849,3.4080159350387755 -76.56345678125427,3.408003727289988 -76.56345804065427,3.4079934720505802 -76.5634585539317,3.4079807570475373 -76.5634566554959,3.4079682130720728 -76.56345392032009,3.4079593506904873 -76.56344566852007,3.4079445470605965 -76.56343942371043,3.4079347705510354 -76.56343117215218,3.407925419169578 -76.56342149868995,3.4079145123917143 -76.56341027645138,3.407902340515287 -76.563401404006,3.407893902541804 -76.56339287355995,3.407886341759985 -76.56338348719126,3.4078760227880367 -76.56337706248793,3.407868155341767 -76.56337693649486,3.407867981714661 -76.56337115071283,3.40786000662371 -76.56336423987942,3.407847915944619 -76.56336172866571,3.4078364933743055 -76.56336087414167,3.4078246556393164 -76.56336136052091,3.407814147220081 -76.56336243178478,3.4078025626135506 -76.5633656268903,3.4077929683582817 -76.56337195367051,3.4077842321791754 -76.56338085326384,3.4077757590472832 -76.56338718903235,3.407766787740019 -76.56339061813593,3.4077577713456475 -76.56339311124846,3.4077465040979225 -76.56339671100775,3.4077301535217144 -76.56339923105821,3.407717555992836 -76.56340099524633,3.407706088919129 -76.56340388443182,3.407697515674014 -76.56340797025238,3.40768383377494 -76.56341064254013,3.407674745067322 -76.56341354955335,3.4076623283885357 -76.56341600669874,3.407651720404117 -76.5634195796325,3.4076392584787008 -76.56342240577933,3.4076296542919993 -76.56342654573955,3.407619282264347 -76.56343001080165,3.4076094429214137 -76.56343312401496,3.407599838721849 -76.56343692197541,3.4075885795547 -76.56344122398372,3.407579726806133 -76.56344497702702,3.407570224768021 -76.56344605678052,3.4075674909085736 -76.56344837899626,3.407558130915344 -76.56345088929451,3.407548870390784 -76.56345402136843,3.4075384351044677 -76.56345886310694,3.407524915047698 -76.56346246312467,3.407514442662601 -76.56346652207132,3.407503572348623 -76.56347151685505,3.4074914820419586 -76.56347593576646,3.407480765449148 -76.56347922989072,3.4074719027977816 -76.56348308096325,3.4074610786142223 -76.56348646505768,3.4074517818769747 -76.56349119887962,3.407439880588342 -76.56349470899171,3.4074313163585104 -76.56349850702259,3.4074216768589145 -76.5635035377752,3.4074089978269835 -76.56350834355187,3.407396273588239 -76.56351286060521,3.4073867787503356 -76.56351824242809,3.4073766137598636 -76.56352186950325,3.4073675340525167 -76.56352732326263,3.4073561310212206 -76.56353360496558,3.407345631385612 -76.56354122742525,3.407333170182626 -76.56354732012984,3.4073222183868226 -76.56355208015657,3.40731277779807 -76.56355920773235,3.4073016450883826 -76.56356437364246,3.4072928999166403 -76.56356992645725,3.4072830252104302 -76.56357248260898,3.4072728784330657 -76.56357326508856,3.4072632110339045 -76.56357255563152,3.407255560373465 -76.5635732476509,3.4072555603424384 -76.56363907621731,3.4072024140164268 -76.56365428487403,3.4072120725584374 -76.56366683775308,3.40721751700844 -76.56368131744615,3.4072260722914494 -76.56369086466859,3.4072313540955377 -76.56370046680485,3.4072370880656324 -76.56371383869741,3.4072449651450962 -76.5637214340859,3.407251106156955 -76.56372820969096,3.407257716556617 -76.56373396029218,3.4072638033911518 -76.56374083498137,3.40727255706529 -76.56374507376576,3.4072787977051147 -76.56374965367894,3.4072865747983663 -76.56375404470779,3.407296450866605 -76.56375864273639,3.407306859580078 -76.5637651396387,3.4073193934002903 -76.56377212313932,3.4073264297330534 -76.56377976341992,3.4073302465959516 -76.56378779869239,3.4073326698574555 -76.56379533092796,3.407335193522986 -76.56380643569632,3.4073365685192454 -76.56381738741186,3.407336360932282 -76.56382867210074,3.4073364246313176 -76.56384030772367,3.407335926721024 -76.5638515924279,3.407336334067902 -76.56386536077542,3.4073352310595135 -76.56388160388009,3.40733514170111 -76.56389819866695,3.4073310994689074 -76.56391118402578,3.407328214951069 -76.5639206957664,3.4073248241612637 -76.56393139619968,3.40731989594449 -76.56394020602994,3.4073166851493166 -76.56394626220235,3.407313954681623 -76.5639645209758,3.407311721047302 -76.56398117818665,3.4073150862363537 -76.56401114429325,3.4073261557748347 -76.56405192773254,3.407350401918459 -76.56409185546208,3.4073766204584346 -76.56413023520469,3.4073990761201913 -76.56413859631587,3.4074031714833004 -76.56417896380844,3.4074229429801535 -76.56419149965375,3.4074296896694434 -76.5642201248998,3.4074402618768542 -76.56424952420163,3.407454053488342 -76.56427481981915,3.407464246024138 -76.56429687672409,3.407474664791207 -76.56434307702978,3.407487471714844 -76.56435565680795,3.4074905920080507 -76.56436566104041,3.4074927104131647 -76.56437316893924,3.4074942998949687 -76.56438190713305,3.407498939649654 -76.56439103219519,3.407501662191866 -76.56440007537061,3.4075044661280742 -76.56441028930867,3.4075072419762296 -76.5644204582279,3.407509485171763 -76.5644350094513,3.4075076134328235 -76.56444286621742,3.407502748644025 -76.56445492441705,3.4074939588397806 -76.5644644548969,3.40748707730242 -76.56447210372863,3.4074809274598388 -76.56448009533925,3.407472987918323 -76.56448277770093,3.4074679958545526 -76.56448183233893,3.407457586977467 -76.5644851896528,3.4074532731356335 -76.56449170467799,3.4074484897982162 -76.56449609602684,3.4074453967641167 -76.56450628339464,3.4074377465096983 -76.56451747858058,3.4074286763996975 -76.56452743105604,3.407420600213029 -76.56453855411243,3.4074085005767025 -76.56454682468369,3.407400434414647 -76.56455410539216,3.407392855735629 -76.5645608543327,3.4073868244017764 -76.56457090660744,3.4073768047895903 -76.5645786552541,3.4073690723516075 -76.5645865650867,3.407363646870185 -76.56459728340958,3.407356403542148 -76.5646057780764,3.4073488338503863 -76.56461547038397,3.407338633386836 -76.56477424462977,3.4074248383494674 -76.5650390064177,3.407346344117158 -76.56505043728448,3.407394198394757 -76.56508639935946,3.4075412808289522 -76.56509846739573,3.4075508309730593 -76.56511075944341,3.407559015557554 -76.56512723603035,3.4075677515931275 -76.5651438754005,3.4075743542895816 -76.56515680712253,3.407579238013254 -76.56516479752347,3.407584220539275 -76.56517343681782,3.4075906960956344 -76.56518104035263,3.407597605781908 -76.56519079557424,3.4076053111846787 -76.5651943944324,3.407609136363245 -76.56520181893289,3.4076170136983963 -76.56521181631173,3.4076265630330598 -76.56522145388188,3.407639350815585 -76.56522652877698,3.407647689471857 -76.56523089364457,3.4076558102159176 -76.56523590563303,3.4076660109051877 -76.5652367066151,3.407667638674694 -76.565238961208,3.407675328148191 -76.56529331507778,3.407796165853356 -76.56540999280581,3.4080091137077604 -76.56557158574407,3.4082123423372934 -76.56557448243868,3.4082108220106724 -76.56557894221442,3.408208479568248 -76.56558894968882,3.408202691340997 -76.56559972112859,3.408195909211291 -76.56560983659155,3.4081901490132025 -76.56562023919233,3.408185917131221 -76.56563141572963,3.4081822459017634 -76.56564232234562,3.4081795965857893 -76.56565520965195,3.408177363171632 -76.56566806011978,3.408176359657495 -76.56567842691297,3.4081761783024525 -76.5656922132882,3.408175510253029 -76.56570334495966,3.408174614435413 -76.56571381973701,3.4081743616322755 -76.56571606950013,3.4081748589117615 -76.5657263014228,3.4081771201770636 -76.5657392331448,3.4081817687650315 -76.56574804248942,3.4081874032744977 -76.56575630306976,3.4081967275051124 -76.56576656158694,3.4082096418597723 -76.56577280735489,3.4082201318757237 -76.56577710842782,3.40823019694488 -76.5657813556545,3.4082434190573685 -76.56578525195302,3.4082573094914963 -76.56578539487681,3.408273162514107 -76.56578481950747,3.408285244484881 -76.56578289329613,3.4082952284572796 -76.56577977030106,3.4083068855097345 -76.56577762811499,3.4083168785356737 -76.56577715081099,3.408328463116407 -76.56577839225918,3.4083389895416962 -76.56578162259102,3.4083519394966255 -76.56578353068286,3.4083586224578033 -76.56578602290156,3.4083673229674947 -76.56579008103459,3.40837805725746 -76.56579363530822,3.4083905550285083 -76.56579683851942,3.408400847137919 -76.56579932249477,3.4084064539107475 -76.56580100547805,3.408410252047162 -76.56580828527495,3.4084217376891797 -76.56581417009255,3.408430220093469 -76.56581778721322,3.408439588855092 -76.56582118028983,3.408449600610944 -76.5658239066913,3.4084627766737454 -76.56582549013162,3.408473963248873 -76.56582467083162,3.408484779159197 -76.56581935200971,3.408494727118267 -76.56581252124104,3.408502087840224 -76.56580014804487,3.4085101722932807 -76.56579086951754,3.408516665871279 -76.56578854786363,3.4085183471434326 -76.56578439228335,3.408521362399282 -76.56578065604045,3.408524071969402 -76.56577345622472,3.408529524557216 -76.56576707628668,3.4085365244270953 -76.56576116349386,3.40854564856275 -76.56575958878885,3.408548081303754 -76.56575218229504,3.408559928468743 -76.56574412720867,3.408576766700655 -76.56574324542122,3.4085791451487584 -76.56573961839297,3.40858887598677 -76.56573898813726,3.4086011297840813 -76.56574354200357,3.4086095037310162 -76.56574951689923,3.408619868056908 -76.56575147828111,3.408630747139708 -76.56575164030508,3.4086316605125364 -76.56574996630935,3.4086469077148047 -76.56574819320892,3.408659667994732 -76.56574548417227,3.408671487808177 -76.56574210011023,3.408681100166577 -76.56573805996416,3.40868943834491 -76.56573346110889,3.4087004895608204 -76.56572889014713,3.408711472950112 -76.56572874527998,3.4087118202223783 -76.56572328261498,3.408724824847041 -76.5657175904631,3.4087375482336446 -76.5657157611639,3.4087416314017527 -76.56571505661853,3.4087432095031525 -76.56570921603036,3.408756937615201 -76.56570524517679,3.408765298398555 -76.56570335737916,3.408769273048942 -76.56569491608752,3.408782955162138 -76.56568572790216,3.4087970804355803 -76.56568054402327,3.408806205440754 -76.56566808029989,3.4088221757158097 -76.56566096159672,3.408830306041091 -76.56565107139801,3.4088424327622495 -76.56564083916636,3.408853013082961 -76.56562755629591,3.4088638286745896 -76.56561466131005,3.4088752772837725 -76.56560109044474,3.40888550506946 -76.56559173097304,3.4088931010362593 -76.56558398316781,3.4088996578439805 -76.56557457876366,3.4089086012749883 -76.56556432857245,3.408920040715968 -76.56554992106508,3.4089359296903843 -76.56554162355252,3.408945289064197 -76.56552758488866,3.408958736310835 -76.56552078107661,3.408965347334005 -76.56551411314841,3.4089719484030474 -76.56550685941428,3.4089791291795772 -76.56549247873959,3.4089915183673427 -76.56547978082908,3.4090029940956033 -76.56546656998887,3.409014723062104 -76.5654566886087,3.40902305156508 -76.56544374772355,3.4090344911307606 -76.56543266140636,3.409043362292147 -76.56542178117579,3.409052459528035 -76.56541541830636,3.4090589529660105 -76.56540589780654,3.409067769793614 -76.56539950794416,3.4090743536664556 -76.5653951436975,3.4090798151622135 -76.56539100360007,3.4090868963151966 -76.56538784896011,3.409095500325748 -76.56538649675059,3.409102745937719 -76.56538694778759,3.4091068217638902 -76.56541758861034,3.409150748504937 -76.56541803971042,3.40915618264539 -76.56541578578339,3.409162975226696 -76.56541218111104,3.4091697678711825 -76.56540542158888,3.4091806365104667 -76.56539400715168,3.4091969458592906 -76.56522628628201,3.4093946300179843 -76.56510626665519,3.4096999967745143 -76.56522493288192,3.4097662402745437 -76.56537260593072,3.409821883573545 -76.56547407271722,3.409874532042441 -76.56551266479265,3.4103195780175435 -76.56555696355103,3.4105794263413935 -76.56564270082798,3.4108193112812693 -76.56565626316556,3.41085725753024 -76.56589642647789,3.4115532438823766 -76.56614884600687,3.412290192426053 -76.56566313021622,3.4124194234746965 -76.56482026424777,3.412519957242572 -76.56446787866517,3.412539115562117 -76.56411749328778,3.412592536278617 -76.56409098875265,3.412597481494088 -76.56400786490823,3.412615922891657 -76.56395916639785,3.4126267274052795 -76.56386376197126,3.412653218850729 -76.5637542034867,3.4126904010932706 -76.56375218684092,3.4126910857673485 -76.56368061587612,3.4127291651988196 -76.56367841658181,3.4127305525508493 -76.56365379870284,3.4127460802214045 -76.5636120670003,3.4127724019232977 -76.56356095431043,3.4128094214474487 -76.56358361404152,3.412855310108629 -76.56381830335678,3.4133338077743445 -76.56381744485812,3.413354076718923 -76.56375797075181,3.4134220945913643 -76.56386496362286,3.4136042187139832 -76.56391043974723,3.4136761530490056 -76.56392636012724,3.4137013363054622 -76.56403740952564,3.41387699330923 -76.56417422053433,3.414034708888207 -76.56425658001231,3.4141452937927883 -76.56429997046541,3.4142425541608143 -76.56431109999636,3.414331989868968 -76.56430887878876,3.414425899037793 -76.56428716636276,3.414514434622128 -76.56420097905777,3.414651732285223 -76.5640902874931,3.4148112370500607 -76.56400185920698,3.414964769454719 -76.56410087172023,3.4150016582880007 -76.56404723072012,3.4151100934449388 -76.56425482164964,3.415161720728605 -76.56446152888648,3.415213127349215 -76.56457079647502,3.4152443744086045 -76.56466772984461,3.4152720942053336 -76.5647281572932,3.415289374202731 -76.56479484580066,3.4152964792115803 -76.56486352130372,3.415303795738649 -76.56507495481574,3.4153144996084484 -76.56510758536095,3.4153161512182417 -76.56539967095607,3.4153291166230684 -76.5654454643957,3.415331149234765 -76.56560597093076,3.415367654299089 -76.56564707048526,3.415389086958632 -76.56576800055784,3.4154521497140635 -76.56581545043174,3.415486362156218 -76.56603668463559,3.4156458776132266 -76.56607066537315,3.4156735532304348 -76.56611700855431,3.4157112962412923 -76.56623153371534,3.415804569521879 -76.56639927553292,3.415934982263361 -76.5665125253361,3.4160230294070533 -76.56664829538204,3.416151769710455 -76.56665814976984,3.4161611137493604 -76.56674474463686,3.416290054455853 -76.56675279304689,3.416302039244747 -76.56677464156057,3.4163345708066255 -76.56683426208185,3.4164684296865575 -76.56685711039448,3.4165197289023133 -76.56696787332599,3.41676499056273 -76.56698440994893,3.4168021959901407 -76.56706222857403,3.4169772754559444 -76.56714427329368,3.4171174237909203 -76.56721401085325,3.4172184122171445 -76.56731245988358,3.4172823006219457 -76.56742363918659,3.4173134369272904 -76.56754626965183,3.417286411133367 -76.56765291781451,3.417241062436371 -76.56774725947318,3.4171895313832996 -76.56781904273952,3.417183344888189 -76.56790313300448,3.417193645649127 -76.56801388411836,3.41717302941907 -76.5680897667116,3.4171173772804164 -76.56823333017616,3.4170431720067573 -76.56832070423206,3.417163674157796 -76.5681108173423,3.417374749611779 -76.5679666836415,3.4174930006242388 -76.56779607286153,3.4175550872714107 -76.56768135128883,3.4175935227266425 -76.56753721793363,3.417720642506979 -76.5673724957809,3.4179068861071378 -76.56726954312386,3.4180014865890618 -76.5671430582112,3.418102000761173 -76.56712458596455,3.418160218348494 -76.56709669133839,3.4182481321046065 -76.56709450849955,3.4182550115015866 -76.56709284482727,3.4182602558321937 -76.56709208624764,3.4182610978067536 -76.56699304885048,3.418371013918212 -76.56681949855886,3.4185040475737623 -76.56678177894906,3.4185402337255826 -76.56669388199778,3.418624556533633 -76.56662536001544,3.4186902924686158 -76.56652421980657,3.418788980386312 -76.56637809314445,3.4188848263107268 -76.56624884414057,3.4189415796357885 -76.56615765711598,3.4190273115090553 -76.56614675432161,3.419056273417932 -76.56611647987552,3.419136689401677 -76.56612825396205,3.4193022313253603 -76.56617238696785,3.4194884638370633 -76.56620611376643,3.4195857996231283 -76.56621154274389,3.419601467000327 -76.56624296727483,3.4196921605403356 -76.56631066301603,3.4198875329542817 -76.56644599302697,3.420194962116174 -76.56650189087739,3.420348676802324 -76.56650778953045,3.420664980996078 -76.56659310684616,3.420886685017363 -76.56664879121523,3.420959423572046 -76.56670692095075,3.4210762402874058 -76.56672181557113,3.42113776341221 -76.56672181891226,3.42120760172918 -76.56667880108515,3.42127411687705 -76.5666126173117,3.421348946708465 -76.56659772920072,3.421423773160596 -76.56660104117879,3.4214869599203745 -76.56662374455415,3.421534865165721 -76.56667620029627,3.421593050380239 -76.56674864358867,3.421663266827164 -76.56677397808961,3.4216878219643503 -76.56688300617955,3.421812156667863 -76.5669461740489,3.421899104684443 -76.56698684410492,3.421965186217981 -76.56700501680075,3.4220199637290967 -76.56700761500554,3.422060831488187 -76.56699809817614,3.4220921337613674 -76.5669721416004,3.4221190896862543 -76.56694445477105,3.422133003348799 -76.5668994609144,3.422128658385506 -76.56680341708972,3.4221069254957164 -76.56670910260294,3.42207910542147 -76.56660267559697,3.422056503040894 -76.56653258942012,3.4220486811899278 -76.56646016865474,3.4220550231694333 -76.56642126048531,3.422061149207254 -76.56632204717987,3.4220959347599695 -76.56619629951315,3.422157385942038 -76.56605198312718,3.4222383463463824 -76.56598402991511,3.4222918808948304 -76.56591019899663,3.4223753574057447 -76.56586059531388,3.4224565140425702 -76.565819068087,3.4225712908244192 -76.56578676977844,3.4226744744735362 -76.56577062361384,3.422770701198067 -76.56576831966944,3.42284374007083 -76.56577870603391,3.422912141807789 -76.56578365572614,3.422973742284753 -76.56572734385531,3.423050215671452 -76.5657048767558,3.423051266668883 -76.56561604390305,3.42305011150446 -76.56550067672298,3.4230385233425777 -76.56540261401896,3.4230292530739215 -76.56531147299255,3.4230107084966694 -76.56525494493083,3.4230640407910484 -76.56519726101955,3.4230512905311614 -76.56511419514267,3.4230188332397957 -76.56501036338082,3.4229956508821098 -76.5649469118021,3.422999131912892 -76.56489845844541,3.423029276614721 -76.56485279104562,3.4230559168796733 -76.56485229975475,3.4230572209561734 -76.56474409801328,3.4231514660055704 -76.56438704696593,3.423545658467395 -76.56437424026274,3.4235835145947733 -76.56435957014237,3.423627935388474 -76.56435464647484,3.423681697534333 -76.56436501130169,3.4237534118734416 -76.56437883318647,3.4237965227842637 -76.5643842412886,3.4238083964785324 -76.56438491614782,3.4238265736177014 -76.56439672144836,3.4238721796860307 -76.56440630443265,3.4239081546690757 -76.56442120669261,3.4239419960770663 -76.56443618050527,3.4239661420864542 -76.56446090009385,3.4240043871628263 -76.56448334291552,3.4240427499070427 -76.56450455279399,3.4240796386384202 -76.56448881307676,3.4240735522716923 -76.56445459018731,3.4240497942046155 -76.56443114769466,3.4240340399261235 -76.56441688464454,3.424026027252904 -76.56438117619378,3.4240064020706362 -76.56435929062039,3.42399222126494 -76.56433827875007,3.423975598709249 -76.5643177244423,3.423967948057713 -76.56428915215572,3.4239652607734943 -76.56427460980345,3.4239697731758842 -76.56424233866588,3.4239821351286754 -76.5642375873829,3.423967692182675 -76.56421434317092,3.423958449114813 -76.56418668889405,3.4239579783150966 -76.56414978350544,3.4239568468667896 -76.56410981765788,3.4239587541283956 -76.56408696024755,3.4239658704929163 -76.56406172616211,3.423972751837617 -76.56403204685093,3.4239870308593003 -76.5640101247653,3.4240012190933693 -76.56397681831652,3.4240044924992663 -76.56392731385479,3.4240362333545176 -76.56390257434992,3.424054961484975 -76.56386904309537,3.4240821446586485 -76.56385033359992,3.4240943983668646 -76.56383663382547,3.4241048223742334 -76.56383515168017,3.4241049969784285 -76.56381264482134,3.4241230738828503 -76.56379497023767,3.424135680234462 -76.56378038230567,3.424147345935713 -76.56375783856062,3.424165694141571 -76.56373607853749,3.4241818176428658 -76.56371403010898,3.4242083690646243 -76.56370010701899,3.4242358968024895 -76.5636866351105,3.424270731561294 -76.56367951561995,3.424304381351742 -76.5636766888078,3.4243403379114734 -76.56367118044369,3.4243602697438043 -76.56366470727903,3.424357936847123 -76.56365295785083,3.4243537032725957 -76.56362308092781,3.424356488169589 -76.56359817093553,3.4243463227384283 -76.56357436858661,3.424332847383926 -76.56354456434089,3.4243106083709343 -76.56352295834269,3.4242896459116485 -76.56349078689883,3.4242778520937915 -76.56346815407841,3.4242765309709204 -76.56344646568313,3.424284615812409 -76.56341681294171,3.4243099449055867 -76.56336619200295,3.42434949925226 -76.56332219453627,3.4243717090236134 -76.5632719157128,3.4243944788585217 -76.56324345074499,3.424397200376904 -76.56320488049064,3.424395752448829 -76.56316059631865,3.4243856584098045 -76.56312343035931,3.4243736387182437 -76.56308771302153,3.4243562652866633 -76.56307172261769,3.424318083993652 -76.56306941955859,3.424293440917605 -76.56305734333185,3.424265749757209 -76.56302400194467,3.424252472863212 -76.5630001909711,3.4242472721766295 -76.56294912946717,3.424234646285798 -76.56291092906991,3.424232899898176 -76.56291058591613,3.424246835743991 -76.56291106292967,3.4242687025874363 -76.5628975816434,3.4242750868991276 -76.56287266267776,3.424285793543386 -76.56285559996813,3.424297260386223 -76.56283449697835,3.4243160425883246 -76.56281114361578,3.4243417973265426 -76.56279268492507,3.424368845953661 -76.56277653111005,3.42440056085654 -76.56276123147909,3.424436146283011 -76.56274935209954,3.4244646506006813 -76.56273971332567,3.424489211910614 -76.56272993037364,3.4245093871931873 -76.56271415440663,3.4245385789785265 -76.56269224993696,3.4245653474114204 -76.56267129912152,3.4245863814019075 -76.56265016827004,3.4246062044928625 -76.56262488065617,3.4246243990559164 -76.56259576780171,3.424649095064234 -76.56255938349992,3.4246700754716195 -76.56252923613981,3.424683186968666 -76.5625066838981,3.424693242376875 -76.56247428615936,3.424713282095536 -76.56247801192623,3.4247370479037764 -76.56247219743503,3.4247539863879046 -76.56245119294562,3.4247618984485695 -76.56242694966035,3.4247694850895867 -76.5624016790346,3.4247853374136406 -76.5623865336753,3.4248095553133737 -76.56237249422962,3.4248320006642357 -76.56235764607597,3.4248201626411614 -76.56233572452257,3.4248061174412676 -76.56230392195455,3.4247923711042074 -76.56227485510695,3.4247783614844973 -76.56226047425976,3.424772311195162 -76.56223902020123,3.4247684035884483 -76.56220387843665,3.4247841026010306 -76.56217944500834,3.424806529411475 -76.56216631459067,3.424831805294004 -76.56216095435707,3.424844302558302 -76.5621610124662,3.4248979306340934 -76.56215897717868,3.4249468734319612 -76.56215615890265,3.424994306021401 -76.56215722870273,3.425031492305095 -76.56215646268616,3.425089605022914 -76.56215269972805,3.425121416139073 -76.56211692754974,3.4251055483947646 -76.56197938240999,3.4250445333421866 -76.56132778631752,3.425030301814506 -76.56132719356397,3.425015841493817 -76.56132732140956,3.4249533879864096 -76.56132693558325,3.4249164096695957 -76.5613261714851,3.4248934024687294 -76.56131420359173,3.4248515674533135 -76.56129925742304,3.424819924441013 -76.56129609056924,3.424797090070956 -76.5612933190832,3.424781507561132 -76.56128170160726,3.424769235301575 -76.56125867276285,3.424766639932717 -76.56124180896661,3.424758228510327 -76.56124154860433,3.424730085558893 -76.56124632760516,3.424698605389698 -76.56125270073065,3.42465485420587 -76.56125177438713,3.4246256079918234 -76.56124723968631,3.424603161640307 -76.56124511671904,3.4245800287943 -76.56124469372054,3.424557754995822 -76.5612442355366,3.424533374093983 -76.56124385868894,3.4245171494026843 -76.5612431485459,3.4244718240701806 -76.56124284292717,3.424458819719338 -76.5612331966747,3.4244350170802282 -76.5612254940424,3.424428081144769 -76.56122456739789,3.424413005888978 -76.56123332435372,3.424389791188988 -76.56123093968907,3.424370827346862 -76.56122734093992,3.424349385673475 -76.56122307607322,3.4243235932638507 -76.56122448907972,3.424305723507494 -76.56124219993949,3.424298860644861 -76.56126117885016,3.4242938100188876 -76.5612486440844,3.4242320986065082 -76.56119326213343,3.4240914331764696 -76.56113172791032,3.423981684568252 -76.56109634686943,3.4239353125813934 -76.56105481282717,3.4239028522680623 -76.561007126358,3.423876576068992 -76.56094713529052,3.423868849241463 -76.56090378470381,3.423866672526791 -76.56089839251422,3.423868465150293 -76.5608647164765,3.423878475772941 -76.56083263396113,3.423883249312415 -76.56077379625627,3.423889337979599 -76.56073479580174,3.423886312806042 -76.56062404263956,3.4238801345089334 -76.56054405352752,3.4238450993303187 -76.5604456046878,3.42379151606274 -76.56036971537554,3.423729687005203 -76.56025507489437,3.4236646012275367 -76.56015846057873,3.4236225210185287 -76.56004360574248,3.4236184029031596 -76.55997797504966,3.423634894389182 -76.5599226002389,3.4236637513504187 -76.55985491956883,3.4237029146380547 -76.55978724065416,3.4237853603881114 -76.55970110351355,3.4238863557439245 -76.5596334252222,3.423962617627487 -76.55956164332686,3.4240388805782414 -76.55948165790028,3.4240945322120755 -76.55938936568448,3.4241378184374747 -76.55940987746436,3.4241852220375337 -76.55949397052312,3.4242738445293344 -76.55959857487234,3.424374832077116 -76.559604196846,3.424380481239595 -76.55965483240959,3.4244313616809605 -76.55967446387258,3.4244510880811294 -76.55970523131293,3.4245046751094748 -76.55972164042069,3.424552078870443 -76.55971959186724,3.4246097883070017 -76.5597138891997,3.424633683833825 -76.559711880714,3.424636551568396 -76.55968711118898,3.4246719166770028 -76.55967448526886,3.424690075374302 -76.5596614532879,3.4247254806963277 -76.55965132860017,3.424752999177344 -76.55965077869493,3.4247737266006824 -76.55965696048115,3.4248031634165796 -76.55965722940704,3.4248438947376556 -76.55965751597684,3.4248758901639347 -76.55965791122064,3.424902577128392 -76.55965933155774,3.4249537625362683 -76.55965897054664,3.424972334917058 -76.55965977147513,3.4249725094212606 -76.55965952666546,3.4249938626331122 -76.55965945582366,3.425000055534797 -76.55965897866535,3.4250171836943712 -76.55965776304562,3.4250433371659947 -76.55965611512335,3.4250609898888884 -76.5596481501995,3.425087993713576 -76.55961865716787,3.4251935382664223 -76.55937764291944,3.4251527272384967 -76.55895225435266,3.425146980202425 -76.55870860982517,3.42520027440471 -76.55869757633586,3.4252086300139437 -76.55867686903952,3.4252232159861036 -76.55866038215052,3.425233271966 -76.55864250036726,3.4252425593149445 -76.55862299059895,3.425250733489811 -76.55861706923824,3.425252253011882 -76.55859640647886,3.4252552725120773 -76.55857649163606,3.4252605709109236 -76.55855864571639,3.4252665212538576 -76.55853237689539,3.425279452507869 -76.55850222065713,3.425297547679203 -76.55843571516412,3.425338358521862 -76.55840279584582,3.4253705515070605 -76.55837993731697,3.4253969934143664 -76.5583586350446,3.425431331024614 -76.5583458555378,3.42545799047701 -76.55833851480934,3.425500204307917 -76.55833815056505,3.4255058202542337 -76.55833400140737,3.4255144297053812 -76.5583296820719,3.4255206336271993 -76.55832207722311,3.4255285278846053 -76.55831634497217,3.4255333753569848 -76.55829899344714,3.425571230679918 -76.55828120923601,3.425613507322523 -76.55827555688275,3.4256363963118073 -76.55825325620985,3.425683800722335 -76.55824061158751,3.4257080003716736 -76.55822465437072,3.425754808572996 -76.55821319738594,3.4257727320772986 -76.55817455453254,3.4258031446411445 -76.55814038299503,3.4258477361248914 -76.55812210502167,3.4258746670917843 -76.5580981397298,3.42590493438074 -76.5580646612941,3.425930932668776 -76.55802824971747,3.42597174501283 -76.55800214197804,3.4260084422185266 -76.55797954451407,3.426037877460915 -76.55797404811129,3.4260446764809185 -76.55794275424861,3.426083382420477 -76.55792437712829,3.4261065332594023 -76.55790578380176,3.4261470645563876 -76.55789306615083,3.426191368516444 -76.55788914968657,3.4262599264463027 -76.5578892746685,3.4262804187144207 -76.55788715905817,3.4263058397060195 -76.55787273329922,3.426325092697482 -76.55785396067886,3.4263370831294244 -76.55783443216296,3.4263498974414017 -76.55781365273702,3.4263619241244316 -76.55779179341388,3.42637392371905 -76.55775761334691,3.4264083513474692 -76.5577464172294,3.426447228320692 -76.55775312043751,3.426487517170263 -76.55777011839919,3.426521240132762 -76.55779852682178,3.42656687457451 -76.55781392425467,3.4265880273164835 -76.55782010616639,3.4265985716426552 -76.55782029439658,3.4266256746105075 -76.55781286917968,3.4266481024542057 -76.5578047785258,3.4266601657192646 -76.5577882012221,3.4266834250055944 -76.55777452161963,3.4267061958367 -76.55776881532323,3.4267308934984504 -76.55776476487323,3.4267790495932418 -76.55776749879098,3.426825152578745 -76.55776495064492,3.4268590381795216 -76.5577551229723,3.4268896585038195 -76.55774323379579,3.4269254245849754 -76.55774241423079,3.426955377157342 -76.557674064118,3.4270519729411597 -76.55755111987165,3.427196666184784 -76.55738899342175,3.4274848077390763 -76.55723934354937,3.427756189615235 -76.55721569262518,3.427796223707286 -76.55720365098914,3.427822973549071 -76.55715631812849,3.42789233076658 -76.55697724298344,3.428218342908299 -76.5570894621863,3.4284274493227724 -76.55682736070206,3.428656898622223 -76.55682489771547,3.428659054654878 -76.55682485722062,3.428659089925554 -76.55652761524054,3.428659059585871 -76.55622149739615,3.4286590276768716 -76.556217735754,3.4286591155382355 -76.55617561436078,3.4286600947007497 -76.55580158563555,3.4286687866157104 -76.55546711478458,3.428661216960319 -76.55521720390607,3.428613062906521 -76.55506773435181,3.428589363850956 -76.55507258966442,3.4287224377444017 -76.55507117357601,3.4288083045776796 -76.5550828292107,3.4288816829502853 -76.55510650804409,3.428964155802464 -76.55512346918822,3.4290264694209616 -76.55511656520011,3.429081173005743 -76.55509558675234,3.4291169656087708 -76.55503330084485,3.4291910023015753 -76.55499071519671,3.4292206805578256 -76.5549572464404,3.42924610990886 -76.55486208709159,3.4293089755990365 -76.55480533566728,3.4293838847628075 -76.55478229531583,3.4294399761772376 -76.55476848352279,3.429519218282481 -76.55478377373288,3.4296383885263992 -76.55480697577227,3.4297002868350317 -76.55488077835247,3.4298140325690594 -76.5548993514399,3.429856510408775 -76.55490789746429,3.4299439061144965 -76.55492502552731,3.42999303902021 -76.55494169455264,3.430014683720509 -76.55499063175108,3.430082934965609 -76.55503721303377,3.430152830377572 -76.55508138440256,3.430224288568383 -76.55512309545873,3.4302972245325423 -76.55516229490364,3.43037155416891 -76.55519893773786,3.430447188854422 -76.55523298166166,3.430524040870243 -76.55526438527514,3.430602019784478 -76.55529311347767,3.430681033356316 -76.55531913116859,3.430760989344926 -76.55534240864667,3.430841794604928 -76.55536291801037,3.430923353277844 -76.55535005471414,3.430976492577168 -76.5553353510679,3.4310291463145957 -76.55531882236768,3.431081252090247 -76.55530048930899,3.431132743886695 -76.55528037618707,3.431183560208051 -76.55525850549738,3.4312336377498127 -76.55523490513491,3.4312829159202844 -76.55522261857804,3.43130840871691 -76.55520604518472,3.4313442319083163 -76.5551931250797,3.4313695981204355 -76.55517925118423,3.4313983836643946 -76.55512046004986,3.4315122698339033 -76.55505857492396,3.431624488514693 -76.55499364529823,3.4317349565054074 -76.55494320993961,3.431825844173032 -76.55485045661011,3.4320119102858184 -76.55480821872732,3.4321069250439056 -76.55447887066907,3.432962597667444 -76.55424155657316,3.433579158471918 -76.55423449733377,3.4335971839616644 -76.55422688103565,3.4336149788651826 -76.55421871397765,3.43363252599984 -76.5542100051583,3.4336498072785693 -76.55420076177633,3.4336668064230396 -76.55419099373029,3.43368350625049 -76.55418071091873,3.433699891386829 -76.5541770407876,3.4345931736407267 -76.5541606704112,3.434595513737906 -76.55412628336043,3.4346161492023817 -76.55383742247271,3.43472527390263 -76.55380730906931,3.4347700378144492 -76.55381630798183,3.4347874740164945 -76.55382575308737,3.4348000539146226 -76.55383378363888,3.4348161417842715 -76.55384498705394,3.4348247787125934 -76.5538594939133,3.434828631583917 -76.55386601756544,3.434832240563514 -76.5538686185508,3.4348384080489605 -76.55386761917956,3.434851132101674 -76.55386777176767,3.434865601483948 -76.55387040789643,3.434873107386509 -76.55387903840882,3.434880894327938 -76.55388830694186,3.4348880029943976 -76.55389799029187,3.434893764184515 -76.55391289254892,3.4349071577936012 -76.5539102460569,3.4349122221720045 -76.55390436078693,3.4349183800069807 -76.55389231938413,3.434931087264115 -76.5538860732854,3.4349383927149186 -76.55387718171396,3.4349542180145787 -76.55387319446052,3.434962782222934 -76.55387225816082,3.434977730941753 -76.55387268067855,3.434990849235474 -76.55387268919488,3.435002880530942 -76.55387373331092,3.4350088672034986 -76.55388378432379,3.435028871684247 -76.5538911991998,3.4350411441782343 -76.55390103485422,3.435053136242966 -76.55390908864328,3.4350645034733605 -76.55391487455611,3.4350737103227473 -76.55392085942258,3.4350849600617734 -76.5539225327362,3.435095332745302 -76.55392229814308,3.4351035803044203 -76.55392164960975,3.435112506130589 -76.55392144294495,3.435121639938711 -76.55391966888166,3.435138388316964 -76.55391807565604,3.4351537982705214 -76.55391825588264,3.4351607797436805 -76.55391893924404,3.4351700310843682 -76.55392025250643,3.4351780172359 -76.55392287151473,3.435184853929682 -76.55392285353062,3.4351852663078555 -76.55392651282708,3.435191500676899 -76.55392766488526,3.435196077484639 -76.55394649185254,3.4352137367117397 -76.55396011775409,3.4352192834350173 -76.5539745345114,3.4352197902617982 -76.55399734749604,3.4352191853635476 -76.55402061045673,3.4352190235739193 -76.5540630603585,3.435210786285855 -76.55406357349683,3.435216040464117 -76.55404749049602,3.435253145061388 -76.5540468868842,3.4352599004779036 -76.55405119695557,3.4352698842035707 -76.55406193315505,3.4352738276380714 -76.55407261527418,3.435275329365221 -76.55408769798146,3.4352760441642687 -76.55410566042677,3.4352764613347864 -76.55411019616629,3.435280349822759 -76.5541099435454,3.43528771113253 -76.55410519152365,3.4353009779196753 -76.55409524628344,3.43532078233994 -76.55409017940525,3.435337386140578 -76.55409001683377,3.4353463933399837 -76.55409195196182,3.43535490308028 -76.55410092359605,3.4353639922524044 -76.55410788915457,3.4353687578613394 -76.55412124321178,3.4353722671212292 -76.55413851355989,3.4353709841624958 -76.5541679731113,3.4353630412374625 -76.55418341997157,3.435354707228962 -76.55419598353441,3.4353478347302624 -76.55421278491202,3.4353433857039284 -76.55422035325581,3.4353435129477172 -76.55425769072102,3.4353613207291205 -76.55427499623353,3.4353619721428954 -76.55429115880013,3.4353613222563437 -76.55430989503023,3.4353574881086733 -76.55432623836917,3.4353536576628967 -76.55437535603066,3.435352199936594 -76.55439467738167,3.435353264558433 -76.55440516968895,3.4353567594466936 -76.55442605693281,3.435358658714982 -76.55444898707503,3.4353627292225015 -76.5544681716251,3.4353634212609925 -76.5544835173044,3.4353696127074977 -76.55449560251168,3.4353741981680375 -76.55450323397227,3.4353777799735554 -76.55453015015519,3.435389989367303 -76.55455099989555,3.4354001506543534 -76.5545579986541,3.435402103771614 -76.55456232187264,3.435401981531685 -76.55457720731853,3.435397587731928 -76.55459104741772,3.4354034211131674 -76.55459253785564,3.4354081624972266 -76.55459279073736,3.4354082691999146 -76.55459589491646,3.4354181462544187 -76.5546010363272,3.4354226388152695 -76.55460625517422,3.435428344993185 -76.55461706351919,3.43543645741101 -76.55462885176794,3.435441440788618 -76.55463538354152,3.4354454766094595 -76.55465210467976,3.435462278586541 -76.55466515338182,3.4354831140366637 -76.55467738212212,3.4355001820492754 -76.5546899545174,3.4355139980545992 -76.55470098684779,3.435519388409922 -76.55471422484244,3.4355235487880287 -76.55473258333778,3.435526207783136 -76.55474853891836,3.435525377028884 -76.55478512077782,3.435526671628278 -76.55480062642458,3.435526599627832 -76.55482312434648,3.435523281710943 -76.55484259025035,3.435514862539421 -76.55485629599207,3.435513063319811 -76.55488395056042,3.4355124401389885 -76.55491771566106,3.435513626314487 -76.55493739772984,3.4355103718001434 -76.55496391820354,3.4355043497678515 -76.55497966743937,3.4354962020289226 -76.5549943636782,3.4354855854886397 -76.55501239798846,3.435482294858911 -76.55502098317857,3.4354805763082887 -76.55503553535041,3.4354677622344028 -76.55504123248443,3.4354602569376684 -76.55504753164149,3.435452072462215 -76.5550551276013,3.4354443319690313 -76.5550632090106,3.435447505897862 -76.55506874306204,3.4354595885398735 -76.55507574415724,3.435476446026426 -76.55509535225761,3.435493402532474 -76.5551241231014,3.43550316199384 -76.55513054500982,3.4355050518242494 -76.5551448656137,3.4355092664172173 -76.5551529110026,3.435511762998391 -76.55516105543563,3.435515724601353 -76.55516623824728,3.4355202551397452 -76.55516150486125,3.435525853156064 -76.5551451707523,3.4355360799893218 -76.55511468996322,3.435548758088609 -76.55508315622798,3.435560405281289 -76.55506198950133,3.435569601344614 -76.55504640232752,3.4355798833136393 -76.55502665792237,3.43560151395427 -76.55501592976371,3.4356212460652995 -76.55500670459388,3.435644325071921 -76.55499409643531,3.435662311880923 -76.55497395579611,3.435676526973851 -76.55494461751289,3.4356783620293614 -76.55492926484524,3.4356782893327797 -76.55490821590662,3.4356847542916125 -76.55488619367594,3.4357030751392377 -76.55486725533956,3.435717564200565 -76.55486439726604,3.4357197509897546 -76.55483934222107,3.435735937711028 -76.55480427092868,3.43577409926967 -76.55478111574389,3.4357938670943655 -76.55475064349415,3.4358192782424752 -76.5547300223799,3.4358360282032976 -76.55473008358014,3.4358361846513477 -76.5547287201986,3.4358361883176594 -76.5547109463757,3.4358512271707746 -76.55468721509028,3.4358668621951542 -76.55467889911696,3.4358726412049156 -76.55465946932259,3.435884477860205 -76.55462997835953,3.435895166367831 -76.55460623854778,3.43589881892924 -76.55457833211412,3.435902950937498 -76.55455725590618,3.4359019460684426 -76.55454085032046,3.4359017106226473 -76.5545260195985,3.4359014832593764 -76.55450341296175,3.4359100562737557 -76.55448886057393,3.4359171458882187 -76.55446570519403,3.435931668552424 -76.55444846177878,3.435956899256369 -76.55443739173053,3.435979371513263 -76.55442872529741,3.4359996823197467 -76.55442668149153,3.4360228605420953 -76.55442752626878,3.436041308980672 -76.55442308921387,3.43605438584727 -76.55440424503033,3.436059647948729 -76.55437331423612,3.4360718286552134 -76.55435646648932,3.4360887484891474 -76.55434557708996,3.4361046281240024 -76.55434147298733,3.4361172075932083 -76.55433557800988,3.4361289451885106 -76.55432630885912,3.4361303011182533 -76.55430947193327,3.4361222793448483 -76.5542881710461,3.436104354338228 -76.55428188948599,3.436101406423267 -76.55426429650392,3.4360898930318533 -76.55423745205967,3.4360708739730383 -76.55422085819282,3.4360650859010815 -76.55420336366817,3.4360639814204523 -76.55418092862179,3.436064324957166 -76.55415917708243,3.436077997487836 -76.55414425547302,3.436103725489479 -76.55413743319275,3.4361303204639495 -76.55413540660963,3.4361572616300764 -76.55413331779648,3.436180331332976 -76.55413286702692,3.436208700391104 -76.55413389275297,3.436229148311977 -76.55413888643747,3.436255346769846 -76.55414398796847,3.436277413309499 -76.5541512133183,3.436299533129986 -76.5541588165973,3.436320550550625 -76.55416332501538,3.4363407623165223 -76.55415280447316,3.436353639538289 -76.55412511365361,3.436347697214963 -76.55410662096189,3.4363423523330634 -76.55409000813148,3.4363348089420387 -76.55407835477287,3.436327248193591 -76.55405802590971,3.436312425926854 -76.55403938909306,3.436303110106272 -76.55400956550788,3.436298551489758 -76.55398977612528,3.4362959549303826 -76.55397063466332,3.436292680999653 -76.55395459803879,3.4362924355831512 -76.55392626844002,3.4362911777405207 -76.55390179943501,3.436287812657239 -76.55387643077125,3.436292044033103 -76.55385278931148,3.4363035823883723 -76.55383366556507,3.436318114843861 -76.55382227211335,3.436331552781304 -76.5538067745507,3.4363575701855242 -76.55379762132667,3.436380304625624 -76.55378669465728,3.4364117759244084 -76.55377635433543,3.4364316436584224 -76.55377038726311,3.436440713459494 -76.55375748200211,3.4364559691656873 -76.55374574580848,3.436473206232623 -76.55373559382285,3.4365004262169525 -76.5537300588671,3.436513972469339 -76.55371684702092,3.4365376303779023 -76.55369467383593,3.436511747225609 -76.55368509982344,3.436493289142738 -76.55367407616053,3.436478439413646 -76.55365324326704,3.4364613915832076 -76.5536247341423,3.4364474458940206 -76.55360183102115,3.436444713784321 -76.553579953979,3.436446846969891 -76.55355255144839,3.4364500203338166 -76.55353061133506,3.4364499288521615 -76.55349968022642,3.4364536358955116 -76.55346994703552,3.4364608788529085 -76.55344367692581,3.436473375885895 -76.55341539214218,3.4364932786009756 -76.55340247786042,3.4365080911777257 -76.5533789886665,3.436525192091051 -76.5533615302303,3.4365269905145808 -76.5533372411445,3.436521834823964 -76.55331135103786,3.4365149519047504 -76.55328785376247,3.436506215012271 -76.55327171882303,3.4364995135279712 -76.5532403203267,3.436493660835719 -76.55320648333793,3.436496554066351 -76.55317909881072,3.436499953503098 -76.5531486176676,3.436503876656097 -76.55312299699366,3.4365074388114096 -76.55309558482459,3.4365184075448942 -76.55307195234893,3.436529945880539 -76.55304769899433,3.436543500907648 -76.55303488352463,3.4365531949303487 -76.55301100833165,3.436572529559473 -76.55299105581429,3.436589312920436 -76.55294731882024,3.4366203123596923 -76.55292154372374,3.436634798902211 -76.55289527450194,3.4366472959200887 -76.55287073306954,3.436657966118422 -76.55284297065887,3.4366640414906677 -76.5528120485473,3.436667974595601 -76.5527647307583,3.436672340527717 -76.55272758983025,3.4366926956906 -76.55268795572319,3.4367282528362004 -76.55266260473643,3.436750308655595 -76.55264361521485,3.4367697335442995 -76.55261527511608,3.4368047847816374 -76.55259741982132,3.436833985510918 -76.55258987722404,3.436850660829347 -76.55258613324231,3.436868575865434 -76.55257674599734,3.4368910932609364 -76.55257067106838,3.436904613299055 -76.55256285871616,3.4369279807179014 -76.55255853888751,3.436949033821575 -76.55255298539859,3.4369741203083906 -76.55254591918488,3.437000589576847 -76.55253916029162,3.437013458515323 -76.55252572420522,3.437033416773551 -76.55250404415949,3.4370604824906024 -76.55248873521482,3.437076922941454 -76.55246961081349,3.4370999190567852 -76.55245338445714,3.437131751348404 -76.55244792079404,3.4371519363266456 -76.55244819950626,3.4371710901685004 -76.5524518160525,3.437190813630544 -76.55245959091245,3.437203565421526 -76.5524654676531,3.4372108541781503 -76.55247234240089,3.4372179086780448 -76.55247553728577,3.4372226472951115 -76.55247368276189,3.4372292037983714 -76.55246551161913,3.4372340241871036 -76.55245748436548,3.437235877442249 -76.55244574853536,3.437237947862477 -76.5524432098759,3.437238670512605 -76.55243701036329,3.437240434176969 -76.55242784025626,3.4372437714866853 -76.55240665544062,3.4372521355020513 -76.5523745728952,3.437270799372167 -76.55235638419289,3.4372873122641323 -76.55234362306261,3.43730791257623 -76.55232955493372,3.437346364538127 -76.55232547783397,3.437360056331839 -76.55232168940312,3.4373675081927155 -76.5523146962228,3.43737126051918 -76.55228963333478,3.437370581294513 -76.55226533550616,3.4373736731276874 -76.55223332415049,3.4373954488132377 -76.55221100455192,3.4374318925163516 -76.55220011479065,3.4374656418197174 -76.55218399623944,3.4374922922538103 -76.55215742028673,3.4375101429348023 -76.55213201430554,3.4375301820710042 -76.55211765060997,3.43755706757324 -76.55210571671226,3.4375841067318893 -76.55209316977246,3.4376326600805482 -76.55209158611032,3.43763885483938 -76.55208596954748,3.437662015088202 -76.55207292059423,3.4376601697695346 -76.55206517289798,3.437652437043225 -76.55205055911817,3.4376274317134765 -76.55203939068176,3.4376157019320486 -76.55201944833291,3.4376144175295558 -76.55201440055869,3.4376112787438817 -76.55201128735958,3.4376001826356597 -76.55201153008333,3.4375923782019924 -76.55200823737098,3.4375681954434376 -76.55198522672094,3.4375527673158253 -76.55196253053793,3.437549356907558 -76.55191873135537,3.437552284786403 -76.55188057414446,3.437565984031772 -76.55187170101242,3.4375694841069713 -76.55184531390455,3.437583310474786 -76.5518418679882,3.4375799636380475 -76.5518405359137,3.4375742030571352 -76.55184200416618,3.437533598291331 -76.55183972049679,3.4374886709195085 -76.55180754915433,3.437461683857162 -76.55178318859694,3.4374453957447297 -76.55175859404616,3.437428673557721 -76.55172918588231,3.4374143028032518 -76.55168583703268,3.4374007536419513 -76.55165267448642,3.4373893492323275 -76.55162601034024,3.4373795715110025 -76.55159835635843,3.437372254521385 -76.55158755759943,3.437354348102793 -76.55158637085391,3.437334335170361 -76.5515849765938,3.437297845230021 -76.55157781437009,3.4372782114095446 -76.55154042334073,3.4372466847378926 -76.55150768421095,3.43724910671315 -76.5514839983518,3.437252859576577 -76.55145379566792,3.437269660421061 -76.55144841432397,3.4372757919986894 -76.5514370842995,3.4372760898933765 -76.55142147254163,3.437223538490007 -76.5514190437424,3.4371984423209745 -76.55140432151036,3.4371863509124876 -76.55137160913712,3.437181203583968 -76.55132079940252,3.437178976943039 -76.55126047686603,3.4371856944965216 -76.55117408330013,3.437212694445031 -76.55112265231298,3.4372291875833234 -76.55107071701394,3.4372345664369144 -76.55105404001624,3.4372748714500556 -76.55102727609416,3.437268449708548 -76.5509592148691,3.437267570158195 -76.55091232771824,3.43728818691528 -76.55085023323107,3.437295165852669 -76.55079062231898,3.4372953992595754 -76.55076199571947,3.4372941494714273 -76.55069972012281,3.4372940112748647 -76.55067185921101,3.4372880688565606 -76.55066393094204,3.4372898316597946 -76.55065510146738,3.4373081085840993 -76.55061838468214,3.437310856215854 -76.55056900530876,3.4373210641193346 -76.55051311864574,3.4373619563697306 -76.55045856234092,3.437411720118124 -76.55040544776983,3.4374634787849137 -76.55040194627367,3.43746689095719 -76.55037349795667,3.437497926876557 -76.5503511244897,3.4375408284066977 -76.55034969248274,3.437562469228917 -76.55035445283103,3.4375835039515414 -76.55036649326168,3.437594881034309 -76.55037033545767,3.4376084821379065 -76.55036294008178,3.4376148054919415 -76.5503472332662,3.437629345005254 -76.55032661563696,3.4376461464181345 -76.5503061316165,3.437676530963676 -76.55030019952834,3.437712324795926 -76.55029743626481,3.4377253111573935 -76.55027955422618,3.4377364703270072 -76.55025493935347,3.4377895267216285 -76.55025075338557,3.4378340744782436 -76.55026503263039,3.4378972247683888 -76.55026956771498,3.4379091256976677 -76.55026602093966,3.437932548128984 -76.55025545410767,3.437964055549623 -76.55024331251091,3.4379988900740033 -76.55022938836936,3.4380695002135626 -76.55022957481827,3.438133075077471 -76.55022655861006,3.4381731192004388 -76.55021844819156,3.4382216009436397 -76.55021155281933,3.438274919945807 -76.55021158654519,3.4383179392412115 -76.55021080206056,3.438355152720538 -76.55019922774612,3.438400885387894 -76.5501790125586,3.4384531639132705 -76.55016682621505,3.4384963725955298 -76.55015140807008,3.4385632116958584 -76.55014521329939,3.4386316611325123 -76.55014944043957,3.4386963671951696 -76.55014413763801,3.438740309079726 -76.55014274182497,3.4387685425144454 -76.55014999378787,3.4388097348246816 -76.55013209168706,3.438871464499373 -76.55012856343798,3.438883022031922 -76.55012024783528,3.4389025821886325 -76.55011343404227,3.438916798573127 -76.55010562248123,3.4389390988541733 -76.55010339794427,3.438970850184175 -76.55008475111211,3.4389874715673705 -76.55007416675022,3.4390055125084937 -76.55007505671243,3.4390327149281896 -76.55008410062918,3.439051281583695 -76.5500933239015,3.4390786293426814 -76.55010960076689,3.4391345720080557 -76.55011116560807,3.43915963112873 -76.55010525146069,3.439194068453219 -76.5500970157983,3.4392380013848878 -76.55011097146313,3.4392843129365733 -76.55011946433171,3.4393516776156576 -76.55013428474365,3.4393952670865895 -76.55014811540833,3.4394151539238913 -76.55015850909903,3.4394298590188908 -76.55016366455878,3.4394521516616074 -76.55018561123352,3.439516803814998 -76.55018607672591,3.439582594293144 -76.55018730687621,3.4396393504240583 -76.5501938384203,3.439693909755854 -76.55020968483053,3.4397399047287576 -76.55022085159368,3.4397556407426157 -76.55026510009775,3.439786706942349 -76.55031123883742,3.4398012870234402 -76.55037006686429,3.439797644320581 -76.55039751523118,3.43978910923412 -76.55041207653392,3.439776439924535 -76.55042600859434,3.4397575397548947 -76.5504313552278,3.4397342619611506 -76.55045253245086,3.4396820647917377 -76.55045354162388,3.4396357256449672 -76.55045568677114,3.4395691121387033 -76.55045695587152,3.439546820199955 -76.55046470598013,3.439516362801528 -76.55046883715346,3.43950403656276 -76.55047302227288,3.439490127733106 -76.55047969114389,3.439474863224581 -76.55048497471377,3.439449469284603 -76.55048966436628,3.4394251524282584 -76.55050404675764,3.4393894225378006 -76.55051823097726,3.439347696901232 -76.55054393670831,3.4392698155209396 -76.55055656401417,3.4392268148181286 -76.55056301794964,3.4391875492204598 -76.5505682035255,3.439136616815339 -76.55057580939162,3.439098236526757 -76.55058212734131,3.439084690268187 -76.55058911075604,3.439084590570564 -76.55059410566001,3.4390948284082445 -76.55059844211243,3.4391144433336738 -76.55060636040594,3.4391385083866273 -76.55062163102833,3.4391606831433563 -76.55065176877882,3.439194507094282 -76.55068339975635,3.4392362701685197 -76.55070127993272,3.4392510482715632 -76.55070712969292,3.439258906771707 -76.55070222435916,3.43926394408253 -76.55067420031786,3.4392807638242022 -76.55066438122877,3.439309276966105 -76.55065214944865,3.4393380795720176 -76.55064929568931,3.4393637085635564 -76.5506573757917,3.439410698545337 -76.5506831566176,3.4394606008345616 -76.55071620894215,3.4395136508882547 -76.55073870611658,3.4395403570445593 -76.55075730592574,3.4395737545111174 -76.55079008872029,3.4396121904901427 -76.55081556537537,3.4396332806190872 -76.55082836116775,3.43965394520871 -76.55084617761288,3.4397021023769883 -76.5508725986974,3.4397359797946043 -76.55090530093865,3.4397595484773325 -76.55093611317406,3.439777948030983 -76.55094422998569,3.439790026091919 -76.55094227517154,3.4398413291729963 -76.55094384857493,3.4398518565057175 -76.55094384588931,3.4398523032481108 -76.55094391788398,3.4398523231412153 -76.5509444345508,3.4398557804037355 -76.55094676477458,3.4398657651102567 -76.55094972584261,3.4398756313284937 -76.55116609734596,3.4398932887926037 -76.55116778576279,3.4398981848168715 -76.5511691627559,3.4399015308181404 -76.55117044076731,3.4399051942447607 -76.55117253688822,3.4399112713195557 -76.55117385992965,3.439915991914268 -76.55117506598106,3.439920721556113 -76.5511764871179,3.4399255506680593 -76.55117770216857,3.43993028030961 -76.55117880022891,3.4399350099549295 -76.55117991539795,3.439940056117523 -76.55118093247889,3.4399452207513765 -76.55118214663977,3.4399502669107775 -76.5511835686697,3.4399548789818843 -76.55118499070309,3.439959599573385 -76.55118687984822,3.439965893695606 -76.5511880678842,3.439970089779384 -76.55118943503342,3.439975163063942 -76.5511921441242,3.4399850030637333 -76.55119346627632,3.439990049219633 -76.55119551835548,3.4399978264486895 -76.55119674152242,3.4400030806052033 -76.55119829857168,3.4400086422254126 -76.5512007907343,3.4400170343891863 -76.55120269879168,3.440023754453319 -76.55120447093341,3.4400296325844075 -76.5512062439716,3.4400354021950643 -76.55120789010671,3.4400407467715843 -76.55120982518909,3.440048316006941 -76.55121050834664,3.440051879071311 -76.55121126443977,3.4400567443781047 -76.55121193051954,3.4400609585654123 -76.55121227172317,3.4400650823295327 -76.55121251483143,3.4400690975764197 -76.55121273993454,3.4400729057307924 -76.55121277516713,3.4400771470685463 -76.55121282030902,3.440081704923807 -76.55121297344519,3.440086362252616 -76.55121308064095,3.4400896359478317 -76.55121336879635,3.440095242825767 -76.551213449976,3.4401010757945394 -76.55121335018563,3.4401042500193992 -76.5512131344036,3.440110517079342 -76.551213007707,3.440116558052248 -76.55121246794151,3.4401225086048126 -76.5512118192818,3.4401283596838574 -76.55121093752798,3.4401337947755617 -76.55121028886796,3.4401396368112382 -76.55120965012098,3.4401459129281853 -76.55120901948345,3.440152505562696 -76.55120879996505,3.4401544951104035 -76.55120829075393,3.4401590972960334 -76.55120788590624,3.4401628231760832 -76.55120738115204,3.4401660878476643 -76.55120394303242,3.440181669678998 -76.55120225076948,3.440197260497384 -76.55119691303865,3.4402170023385192 -76.55119666962527,3.4402316164265923 -76.55119499533032,3.4402462576908936 -76.55119457254696,3.440251955025401 -76.551193995962,3.4402603382447077 -76.55119327614035,3.4402640731782648 -76.55119299640221,3.440268423046555 -76.55119262758525,3.4402732069993056 -76.55119204187943,3.440277782961619 -76.55119156506787,3.440282458397453 -76.55119118724815,3.440287133830095 -76.55119113250507,3.4402919087293524 -76.55119107866166,3.4402966745852144 -76.5511910068064,3.4403010244467995 -76.55119071805889,3.440305057797549 -76.55119059224879,3.4403106827755434 -76.55119005158977,3.4403168413255307 -76.55118946689211,3.440324808550229 -76.55118947509969,3.4403281998123854 -76.55118904332856,3.4403342588818298 -76.55118894445158,3.440337858144866 -76.5511888716863,3.44034189148865 -76.55118879081823,3.440345816312298 -76.55118879092649,3.440349207574714 -76.55118890802484,3.440352589789994 -76.55118889822727,3.4403557730553005 -76.55118879934017,3.4403590558005104 -76.55118880845461,3.4403626641034304 -76.55118912272803,3.440368904016151 -76.55118912283628,3.4403722952785656 -76.55118940198228,3.4403775856389394 -76.55118977020365,3.4403823333944548 -76.55118994135185,3.4403874157608803 -76.55119109255261,3.4403935290394876 -76.55119267663407,3.4404001487326568 -76.55119353978426,3.4404039378753692 -76.55119396285728,3.440407311037413 -76.55119470099889,3.4404136413701236 -76.55119533915428,3.440417014525231 -76.55119588823054,3.4404208127214324 -76.55119645532558,3.4404252448570385 -76.55119740935798,3.4404287084356238 -76.55120095444119,3.4404372814326916 -76.5512048512125,3.4404401209240825 -76.55120964787172,3.440441758523031 -76.55121311257736,3.4404414328500725 -76.55122328168589,3.4404396157096424 -76.55125295267858,3.440424749265921 -76.55126949320348,3.4404210237688484 -76.55130298901312,3.4404102728360106 -76.55131830647785,3.4404046754008104 -76.55134038149843,3.4403993951686456 -76.55135957772218,3.4403962121859624 -76.55137878196035,3.440390389443971 -76.55139165159714,3.4403839239238065 -76.55140827288912,3.4403731988560877 -76.5514320772951,3.440359481104775 -76.55145574540667,3.4403611370802296 -76.55146409593898,3.4403647821896812 -76.55147561443356,3.440375318241207 -76.55148574712535,3.440388439836153 -76.55149253211589,3.4404023040003553 -76.55150126110239,3.440420979172133 -76.5515137244068,3.4404279882795077 -76.55153151682588,3.4404272922648453 -76.5515479042118,3.4404189094342263 -76.5515592260174,3.440413764293776 -76.55157147391796,3.4404108166610023 -76.55159084930865,3.4404101757581014 -76.5516056980719,3.4404095793152125 -76.5516192437023,3.440407757538542 -76.55191168075024,3.4399862167302127 -76.55206064542632,3.440067125516537 -76.55215324506457,3.440148037059124 -76.5522498748269,3.4403179541742257 -76.55250859138174,3.440951378154437 -76.55269000717509,3.440884710670913 -76.55295661883555,3.4407867348307715 -76.55298073022527,3.4407765991077746 -76.55302290288311,3.4407588699569405 -76.55308745400629,3.4407675168245793 -76.55312443998255,3.440870492368461 -76.55319948499924,3.44100671092212 -76.55324548103701,3.441108875865355 -76.55330116021561,3.4412086069025434 -76.55333747239413,3.4412913117549393 -76.55336894345507,3.4413618534455988 -76.55340767651634,3.4414202324609664 -76.55345851146963,3.4414688812980523 -76.55352871294579,3.4415199621257933 -76.55359891327811,3.44156374495189 -76.5536715343373,3.4416050950228585 -76.55375383853692,3.44164401298872 -76.55382888024475,3.441680498536314 -76.55387971520348,3.4417023889347202 -76.55395233552296,3.441721846803621 -76.55402737690478,3.4417486016736025 -76.55409999799622,3.441789951711333 -76.55414357187767,3.4418240056789835 -76.55421135162558,3.4418726538754827 -76.55428639388167,3.441923734474582 -76.55437354077301,3.44199184148598 -76.55444132105998,3.442055084753775 -76.55448489466795,3.442106166458866 -76.5545575168784,3.4421523817916055 -76.55464466239104,3.4422058936893993 -76.55471728345684,3.4422448119178672 -76.55479232559514,3.4422910271452563 -76.55487463094289,3.44235913428397 -76.55493030737146,3.442400485773331 -76.55498114326625,3.4424467018612313 -76.55500777147466,3.442478323736869 -76.55503924156068,3.4425172425277086 -76.55506102905926,3.44254886457752 -76.55507555440126,3.4425877848868924 -76.55509008000719,3.442634002287749 -76.55509734336829,3.4426850843788834 -76.55509492477522,3.442721572638598 -76.55509008464986,3.442762925412724 -76.55508766550678,3.442809143429473 -76.55507556438329,3.4428650924595905 -76.5550634626456,3.4429040128320625 -76.55504894018667,3.4429453659576432 -76.55503199683112,3.4429842874098635 -76.55501263266615,3.443023208045274 -76.55498768096153,3.443065444180725 -76.55501597614976,3.443105253858302 -76.55507339180986,3.4431860352532278 -76.55524697261112,3.4434302576740445 -76.55568078145637,3.4440406101073844 -76.5557967928801,3.4442038340300454 -76.55583546396346,3.4442582429052155 -76.55595729018954,3.4444296472190254 -76.55608376934065,3.4446075978340405 -76.55616605425233,3.444723369720086 -76.55625618878766,3.444850185060772 -76.5563533017745,3.4449868194149342 -76.55645419469676,3.445128770209817 -76.55653764157016,3.44524617615354 -76.55658968731657,3.445319401922597 -76.55667226214406,3.4454355816064828 -76.5567501859011,3.445545217681233 -76.55680657825239,3.445615940068362 -76.55685822251738,3.445685129783265 -76.55700573375093,3.445635830554583 -76.55710424776558,3.4453621537426087 -76.55726314164407,3.445369844417286 -76.55725535227037,3.4457804369976897 -76.557374649495,3.445794606945869 -76.55737479892616,3.445795714752264 -76.55738189064942,3.4458494438205505 -76.55739615961693,3.445957552171365 -76.55738756098606,3.446173776644363 -76.557367410472,3.4462168111820493 -76.55745966423103,3.446216023538145 -76.55753636718742,3.4462156452516672 -76.55758343007373,3.4462172721259403 -76.55778208482774,3.4462237267399853 -76.55804685421343,3.446236651038014 -76.55823788838542,3.446243942368876 -76.55840566019701,3.446250472233991 -76.55853331283319,3.446251327156334 -76.5585448335073,3.4462903940302803 -76.55856625583887,3.446390141483917 -76.55860360785964,3.446512315842184 -76.55860586682104,3.446742198078664 -76.55862944844962,3.4468279282281165 -76.55864025216646,3.44694187418717 -76.55864068518974,3.4470589531837423 -76.55856839234862,3.4471402713042254 -76.5584335794615,3.447223613110158 -76.55811076013875,3.4473149413209954 -76.55803829205423,3.447335149777154 -76.55780253101221,3.447374121497396 -76.55764194963562,3.4474183760687818 -76.55738712222698,3.4474715646005167 -76.55716539020078,3.4475347230007007 -76.55701315584359,3.4476078489894024 -76.55687416165529,3.447690945660542 -76.55686985379563,3.447694100151069 -76.55686985380548,3.447694359695631 -76.55665662914299,3.447863164949102 -76.55659230383462,3.447914032703978 -76.55638575676059,3.448111721244857 -76.55628025120316,3.4482064562777217 -76.55630635035288,3.448235337991501 -76.55640138007023,3.4483404987846 -76.55647016092826,3.4484319698130066 -76.55651833090236,3.4484591948443355 -76.55655144757363,3.448483396343763 -76.55658305932958,3.448501546984068 -76.55661918689746,3.4485181844966686 -76.5566583244156,3.448549947824541 -76.5567034841223,3.4485771738652393 -76.55675466484662,3.448616500599727 -76.55681939352401,3.4486649027337033 -76.55686003783104,3.4487042298653123 -76.55688562860112,3.4487344816516785 -76.5569172406589,3.448760195246163 -76.55697293692553,3.4487904458748804 -76.55704970735525,3.4488312845644744 -76.55706539255925,3.4488379199812367 -76.55709012836857,3.449008771692204 -76.5571066774037,3.4490596897166736 -76.55710666237579,3.4495145438067567 -76.55718720183972,3.450120774366027 -76.55720589968399,3.4501178725318713 -76.55723380651101,3.450113540585101 -76.55728323516163,3.450105868993623 -76.55730545984815,3.4501028774915063 -76.55745200094658,3.4500831554549527 -76.5576490121451,3.4500618605892575 -76.55781495309921,3.4500412759045433 -76.55795350020782,3.450025524141675 -76.55808849084056,3.450034571212124 -76.55818991149083,3.4500511952230757 -76.5582612312109,3.4500703507545274 -76.55839328027754,3.4501100829366016 -76.55868279925572,3.45019806054968 -76.55894901588829,3.4502768138825353 -76.55908106612523,3.450344219565471 -76.55918698886735,3.4504194316225605 -76.55923995123972,3.4504705199453736 -76.55929644415141,3.4505237369285835 -76.55934305090189,3.4505677291777155 -76.55956619944362,3.4508004654502304 -76.5596304600589,3.4508614874200143 -76.55968135312622,3.450902787265679 -76.55975544990395,3.4509381175287266 -76.55982112088013,3.4509586929830913 -76.55989733624024,3.450975141508237 -76.55996093663279,3.4509778455436946 -76.56009369067127,3.4509771310129023 -76.56035566682266,3.4509835064666334 -76.56058021838396,3.4509934311412285 -76.56063600373982,3.450996266590231 -76.56069108294389,3.451006199297535 -76.56073768867869,3.4510239367837547 -76.56077027417587,3.45103847170356 -76.56101379288414,3.4511566183045272 -76.56122923642035,3.451255526292138 -76.56128919082973,3.451270849503936 -76.56134144509531,3.4512793624865172 -76.56140217234424,3.451268716735591 -76.56144030408196,3.451260199859663 -76.56147137290638,3.4512467157677977 -76.56149961772992,3.451233232701318 -76.56152621796514,3.4512103183814737 -76.56153915994528,3.451189236837301 -76.56150667673526,3.451167950164672 -76.56152715332519,3.4511338892597823 -76.56150102522359,3.4511069257928337 -76.56146501051609,3.4510820915598632 -76.56144100062465,3.451049451480508 -76.56142263978525,3.4510203597726368 -76.56140498476043,3.450976365475354 -76.56139792307458,3.450957916414085 -76.56138223548292,3.450939011939 -76.56136261452247,3.4509259867236453 -76.5613463731355,3.4509203109038427 -76.56131035976216,3.4509054107994577 -76.56121361720328,3.4508550343782973 -76.56119243174696,3.4508323283058835 -76.5611705408323,3.4508117510709795 -76.56114299988035,3.450785497558349 -76.56111334108004,3.4507521478082075 -76.56109215619763,3.4507216364063766 -76.561072677157,3.450702037557846 -76.56105967259285,3.450690416487431 -76.56103919356336,3.450667000477187 -76.5610328374966,3.45064997119089 -76.56101447664726,3.4506201686662488 -76.56099540961952,3.4505967534990343 -76.56098411149706,3.450588948654111 -76.56093891714922,3.450556309465034 -76.5608901921476,3.450518702904437 -76.56085982706443,3.4504889017919056 -76.56083934798443,3.4504640668733897 -76.56081816272896,3.4504243303298785 -76.56081887569572,3.4504081200703314 -76.56081796180631,3.450397310576651 -76.56081170465502,3.4503783044052185 -76.56080720541983,3.4503674245256 -76.56080446376163,3.4503566142052002 -76.56079912094536,3.45033760889916 -76.56079096656737,3.450293310328751 -76.560784709456,3.4502752238671635 -76.56077746823429,3.4502670987123403 -76.5607612977767,3.45025713632488 -76.56074421380788,3.450245336364391 -76.56073247256884,3.450229086842158 -76.56072438769031,3.4502109995532875 -76.56072530320586,3.4501748260598686 -76.56072621848237,3.4501115224754386 -76.56072797694515,3.450089831893132 -76.56074239092956,3.4500617841938768 -76.56075230479439,3.450044615851796 -76.5607549771834,3.450034654473343 -76.56075680539453,3.4500237734206074 -76.56075947684789,3.450012964679002 -76.5607603915862,3.4500011657635943 -76.56076235868166,3.4499758732005765 -76.56076580651157,3.44995870422832 -76.56077030662973,3.4499478239665042 -76.56078647810969,3.4499180091186843 -76.56080966627937,3.449885753168699 -76.56082880438454,3.4498664348263794 -76.56083688999725,3.449859228730535 -76.5608548891777,3.449849267604524 -76.56087288847387,3.44984206199109 -76.56088280129343,3.4498429098368315 -76.56089180060754,3.4498420620906596 -76.560902628661,3.449842909897239 -76.56092421262717,3.449841144617814 -76.56094524185431,3.449830399301389 -76.56097913580534,3.449823302433097 -76.56100243869126,3.4498225915347804 -76.56102362262041,3.4498311058616755 -76.5610455144092,3.449851683100664 -76.56105751927271,3.4498665842423475 -76.56106740614011,3.4498921286091195 -76.56116178118208,3.4498863684690253 -76.56116536747761,3.449866444880864 -76.56116536705485,3.449856482711468 -76.5611608678961,3.449847439540586 -76.56114019809453,3.4498239828449626 -76.56113295687031,3.449815787154539 -76.56112578596094,3.4498104175121957 -76.56109970159375,3.449795014162793 -76.5610592051343,3.449766964284595 -76.56102862239878,3.449739833691387 -76.56101238163917,3.4497271863363452 -76.56098721250984,3.4497117838490357 -76.56096021452575,3.4496919293910557 -76.56094397369036,3.4496774453276395 -76.56093680262808,3.4496684022694857 -76.56093138917736,3.449660277037817 -76.56092421863377,3.4496421897114695 -76.5609251083846,3.4496354406112153 -76.56092330522075,3.44962134750997 -76.56092421913729,3.449611456744121 -76.56092689148458,3.4496005765593725 -76.56093497753517,3.44958248948741 -76.56095121938972,3.4495571972198955 -76.56095930499589,3.449549919680427 -76.56097013191942,3.44954539844127 -76.5610123872624,3.449540878573953 -76.56105197065993,3.4495354391088346 -76.5610879685287,3.4495255486517813 -76.56109970985983,3.4495227944453197 -76.56114287871267,3.4495201103359596 -76.5612283732539,3.4495165101251404 -76.56125087150359,3.4495137554551283 -76.56128145535945,3.4495037937806297 -76.56129861117546,3.4494911477078 -76.56130578252306,3.4494857078162124 -76.56132286728273,3.449473980551756 -76.56133095304189,3.4494703773278195 -76.56135795144156,3.4494577317347628 -76.5613687791837,3.449451372879533 -76.56138860615725,3.4494423304705006 -76.56140027713772,3.449435971578585 -76.56142818994749,3.4494251635556417 -76.56144794593976,3.449418805218788 -76.56146777314439,3.4494152023913762 -76.56148759944894,3.4494115995635894 -76.5615064422004,3.4494097629468197 -76.56151635580406,3.449407997253841 -76.56153709651743,3.449406161458774 -76.56154609578441,3.449404324362447 -76.5615667663451,3.4494034770094184 -76.56158659358529,3.4494007224470424 -76.56160543540005,3.4493980384651692 -76.56162617619181,3.4493980384709846 -76.56164684678866,3.449398039383726 -76.56166758750152,3.4493962026814713 -76.56168734376483,3.449396203632988 -76.56170599586491,3.4493975177284426 -76.56172066932037,3.449398041606352 -76.56173958218996,3.449394438812979 -76.56174942555552,3.4493916837766343 -76.56176925267928,3.449386244235771 -76.56180525049513,3.4493754349458445 -76.56180937226799,3.44937712135378 -76.56182179144295,3.4493789394335845 -76.56182833314513,3.4493807487258192 -76.5618327023445,3.449381147347888 -76.56184132839492,3.449385270746022 -76.56185266792096,3.4493934011402967 -76.56186271981568,3.4494055821131404 -76.56186839805443,3.449418361042858 -76.56187044933908,3.449426093029384 -76.56187242394012,3.449429441700874 -76.56189204623237,3.4494738609432574 -76.56191064758141,3.449508579413532 -76.56193153425018,3.449531368682655 -76.56195085563039,3.4495471503171804 -76.56197604383432,3.449566368173096 -76.56198447582219,3.4495779080408764 -76.56199002800261,3.449589067308874 -76.56199226865358,3.4496055451237706 -76.56199355472678,3.4496278640889533 -76.56199419412216,3.4496380649751566 -76.56199608349917,3.449647623727883 -76.5620024637796,3.449662464512901 -76.56201767174493,3.4496824777156885 -76.56202347581133,3.4496914032616237 -76.56205477442337,3.4497485586625407 -76.56207913412136,3.4497960461063686 -76.56208608122927,3.449807803078936 -76.562099436621,3.449816032858755 -76.56210649198962,3.449813238150099 -76.56211326830419,3.449808735162249 -76.56213035013884,3.449791923704492 -76.56213697517916,3.4497854664522434 -76.56216366649429,3.44976811377907 -76.56217456520275,3.4497588447571843 -76.56218745180814,3.4497482191433124 -76.56220483907882,3.449739691391835 -76.56221184947545,3.449737485407346 -76.56222782408071,3.4497343023454117 -76.56224426563861,3.44972851477396 -76.56225152792975,3.4497243101947506 -76.56227140800986,3.449715574335018 -76.56228127194105,3.4497097327922543 -76.56231123103389,3.449695110162539 -76.56232035637228,3.4496950925780494 -76.56232747427936,3.449702481596715 -76.56233544793848,3.449707898220007 -76.5623609436551,3.4497001758718824 -76.56237803333738,3.4496983411237454 -76.56239544704553,3.4496976358771043 -76.56241662255168,3.4496985410870398 -76.56245169244347,3.4497061106413067 -76.56246250974814,3.4497081186940837 -76.56247500095543,3.4497106692745105 -76.56248274960046,3.449715372385119 -76.56249882269171,3.4497211883653343 -76.56253636674231,3.4497341476516095 -76.56255509406319,3.4497472795943778 -76.56256190692703,3.4497554092762384 -76.56257140073795,3.4497644712099724 -76.5625793834174,3.449770322816567 -76.56259256750813,3.449771335992904 -76.56260369048654,3.449766398727311 -76.56261640706705,3.4497573104870067 -76.56262644186168,3.449748683577128 -76.56264192025874,3.4497377051509006 -76.56266423076467,3.4497222680426662 -76.56267716592359,3.4497108031959076 -76.56269904967559,3.4496911962109045 -76.56270528689922,3.4496860963808347 -76.5627127290271,3.449678535797912 -76.5627196680762,3.4496706324938353 -76.56272882083283,3.449659734833538 -76.56274339979815,3.4496398125591585 -76.56275033869362,3.449628436603269 -76.56275684574662,3.4496199265084604 -76.56276673655576,3.4496114533406956 -76.56277563664152,3.449605358621573 -76.56278365505887,3.4496053320385793 -76.56279306852748,3.4496087590538793 -76.56280593770249,3.4496112101361107 -76.562817897632,3.4496066074351623 -76.5628308304851,3.449604138924458 -76.5628425566695,3.449604926078287 -76.5628564059023,3.4496080282382766 -76.56289946751475,3.44962238175056 -76.5629285354355,3.4496433447766766 -76.56295629765513,3.4496666329090484 -76.56296677202644,3.449687622087046 -76.56297966802309,3.449706361167677 -76.56306699684181,3.449768098105508 -76.5631858871446,3.4497659594354766 -76.56338969861513,3.4497574160234286 -76.5635022202199,3.4497584780478747 -76.56360200425424,3.44978194104876 -76.56370603625453,3.4498512726890502 -76.56385688988095,3.449916001820419 -76.56397092806246,3.449940597264055 -76.56405038688632,3.44993970556213 -76.5642168667946,3.449920545871663 -76.56438545173687,3.449923066613798 -76.56463838967133,3.4499317202320396 -76.56484797046323,3.449977608240884 -76.56496166603803,3.450026708382081 -76.56507741330937,3.450072216389191 -76.56518519718588,3.4501010198566586 -76.56534480492758,3.450114662378381 -76.56554516103462,3.450094177808713 -76.56566061908157,3.450036160050095 -76.5657862627662,3.449944016660747 -76.56595265711815,3.449848458338394 -76.56611907404555,3.449774123854836 -76.5661495067612,3.449973890281453 -76.56621977886732,3.4503275402690563 -76.56633052173986,3.4509571320422534 -76.56645635542553,3.45144765603778 -76.5664937296452,3.4516695891988602 -76.56652681944284,3.4516701609425993 -76.56663501539356,3.4516549845398488 -76.5667398567026,3.451646551019556 -76.56682372989458,3.451646546926168 -76.56743097490019,3.45168697255076 -76.5675282671222,3.451670111807253 -76.56759871986796,3.451639766020643 -76.56766246178225,3.451609420562612 -76.56807510361826,3.4513059797640318 -76.56861055512043,3.4508804245627993 -76.56863644175525,3.4508621131531845 -76.56871926514229,3.4508003653882917 -76.5687592706309,3.4507774049691164 -76.56878689277929,3.4507678827111996 -76.56880497127439,3.4507616500095315 -76.56886353746906,3.450747309678078 -76.56891781514679,3.450744413937255 -76.56900471560175,3.450743638098464 -76.56906391476497,3.450753318701857 -76.56909576388516,3.450761090745037 -76.56912754221946,3.450774939930377 -76.56915939101165,3.4507939456363212 -76.56919032641333,3.450813798751125 -76.5692212612255,3.4508397290045165 -76.56924017326781,3.4508552726686217 -76.56926428845863,3.450882968535332 -76.56930380045604,3.4509244420762992 -76.5693235566201,3.4509572241527473 -76.56934078131256,3.450990925164732 -76.56936827026922,3.4510695612111193 -76.56938978303796,3.451136115632432 -76.5693966708373,3.4512181421916694 -76.56939667023892,3.4512769240472285 -76.56939238084354,3.4513063151961187 -76.56937775577501,3.4513552052713554 -76.5693304986262,3.4515906380797383 -76.56930371431692,3.451724076078369 -76.56926630729468,3.4518957580971437 -76.56925435351458,3.451968034167531 -76.56925540720707,3.4519830831725007 -76.56926257752892,3.4520287237487683 -76.56927558387446,3.4520730228940946 -76.56929407433664,3.452115343973643 -76.56931790758263,3.4521548378226514 -76.56934652202705,3.4521910125107476 -76.56937949556338,3.452223159059667 -76.56941633680081,3.4522507846310755 -76.56944558380341,3.452267318005041 -76.56945641126173,3.4522734651236084 -76.56949768053501,3.4522901642729167 -76.5695481433085,3.4522842310266495 -76.5696233299232,3.452275726373447 -76.5697024996841,3.4522677225098475 -76.56976722928377,3.452264221175829 -76.56986133704739,3.452255216326739 -76.56996683552282,3.452250265013295 -76.56996692011795,3.4522502849042787 -76.56996713340736,3.452250368092081 -76.5699673016983,3.4522504205348006 -76.56996749878734,3.45225047478469 -76.56996761938092,3.4522505136648545 -76.56997661875232,3.452250514099582 -76.57013860829903,3.4522324297597984 -76.57014288114911,3.452231439287921 -76.57025560141423,3.4522053025841557 -76.57039959177732,3.4521962616020687 -76.57055258150811,3.452187221027387 -76.5706965714393,3.452187224266608 -76.570966553829,3.4521600988385654 -76.57117354066894,3.4521510589051916 -76.57136252822254,3.452114888902252 -76.57157851386994,3.452078719216281 -76.57181249906915,3.452024463592104 -76.5719834887344,3.4519882926311034 -76.57207348283346,3.451979250708398 -76.57219047529455,3.4519249932092397 -76.5724244612382,3.4518526498066757 -76.572658446653,3.4517712629849138 -76.57288439623636,3.45166872683952 -76.57293742997899,3.451644660426524 -76.5729661904333,3.4516498216907685 -76.57296668810311,3.451649911192512 -76.5731151817947,3.4516765600814656 -76.57318941199448,3.4516898813529058 -76.5733783972691,3.451762232195214 -76.57360337995125,3.451897888132815 -76.57376536848923,3.451961192524924 -76.57399935131966,3.4520606735099144 -76.57411634216274,3.4521239794749037 -76.57421533428074,3.4521872846364667 -76.57438632149608,3.452268677846619 -76.57462030473044,3.452341028591003 -76.57483628848176,3.452431465222951 -76.57500727656212,3.4524947715962755 -76.57511526891783,3.452539990325803 -76.5752592582613,3.4525761654112546 -76.57548424302048,3.452630429736745 -76.57575422401123,3.45265756311131 -76.57606020266456,3.4527027846388023 -76.57632118536947,3.4527480051007085 -76.57651017283014,3.452711834071931 -76.57674415714791,3.4526756630495217 -76.57697814251443,3.452657579595867 -76.57720312706138,3.4526304514533837 -76.57741911348326,3.4525942813414128 -76.57750022388754,3.452563231513176 -76.57759891865962,3.4525254514540187 -76.57759946850874,3.4525252407105844 -76.57760810140991,3.4525219357463874 -76.5776890950481,3.4525852407197974 -76.5777135765967,3.452624603183707 -76.5777340917418,3.4526575885083357 -76.57780608513286,3.4527661099147346 -76.57792307544754,3.4529650658154103 -76.57795907207047,3.4530102831506535 -76.57806706288004,3.453191151951283 -76.5781750549601,3.4533177614782615 -76.57829204641895,3.453399152735586 -76.5784630337965,3.45344437175565 -76.57863402228865,3.4535076774656437 -76.57880501025193,3.453561939783752 -76.57905699288722,3.453634289215499 -76.57919423681692,3.4536593661012844 -76.57920425024055,3.4536709346519876 -76.57922176222424,3.4536869593059114 -76.57923947364789,3.4536973327511764 -76.57927660495923,3.4537096140449806 -76.57931459060934,3.4537267153953937 -76.57934867167673,3.4537478593688986 -76.57936829931595,3.453762201823569 -76.57939185965188,3.453790598319813 -76.57941547312367,3.453834227448404 -76.57943005247317,3.453854454730247 -76.5794524338018,3.4538813591437254 -76.57948252741946,3.4539052516375235 -76.57951051488669,3.4539243512805133 -76.57953892622395,3.453943415627129 -76.5795584455402,3.4539668737916753 -76.57956367383078,3.453975736863231 -76.57958611001436,3.4539872946874297 -76.57961018312542,3.4539978576393136 -76.57964055562319,3.4540199956985913 -76.57965770883027,3.4540406333845985 -76.57966931739605,3.4540593352331417 -76.57967900991852,3.4540913842967145 -76.57968053018327,3.4541102676424242 -76.57968024206602,3.4541226028038916 -76.57968478786361,3.454125947658889 -76.57966656194576,3.4541347081961553 -76.57963153288435,3.4541517779171635 -76.5795816425618,3.4541741823377556 -76.57956337533679,3.4541844314127426 -76.57934034944557,3.4543981426091084 -76.57937207214025,3.4544102334195346 -76.57938737162543,3.454418707001513 -76.57944003564843,3.45445587645868 -76.57950245565314,3.454488794925861 -76.57955031386702,3.454509079818087 -76.57959372660586,3.454532963338232 -76.57965421150264,3.454576408387202 -76.5796855742156,3.4546027886228714 -76.57972389376954,3.454648693037199 -76.57974472695271,3.454685653756188 -76.57975833328342,3.454731630252585 -76.57976857430451,3.4547705440950116 -76.57977686204323,3.4548463278389088 -76.57978552803576,3.4548685206066736 -76.57981572142286,3.454904287918659 -76.5798382551536,3.4549211442348193 -76.57989620261175,3.454955817367005 -76.57995440151238,3.454981727463819 -76.58002478587278,3.455012050855278 -76.58006107157551,3.4550142759536446 -76.58008978824604,3.4550078280402263 -76.58011774101708,3.454989343461768 -76.58013432700473,3.454976537924055 -76.5801532525694,3.454973906923122 -76.5801694421332,3.4549827421704205 -76.58018723449787,3.4550061289871037 -76.58019084210429,3.455045358855671 -76.58019104909107,3.455074207161188 -76.58018252370917,3.455098983791991 -76.58018038439036,3.455110805407052 -76.58018749366805,3.455121287117655 -76.58020588912748,3.455132374926213 -76.5802205395725,3.4551520170848167 -76.58024215601323,3.4551934542057547 -76.58025837229096,3.455226471394394 -76.58027610161292,3.455248999093948 -76.58029074261474,3.455275884983311 -76.58030376517075,3.455311488773649 -76.58031899184626,3.4553353541432923 -76.58033972590692,3.455355259077348 -76.58036455526329,3.4553698643431128 -76.58039518023078,3.4553844249292056 -76.58042781252196,3.4553919125754446 -76.58046054264912,3.455395286389916 -76.58050444265174,3.455395801793818 -76.58053414930866,3.455404393815986 -76.58055968033383,3.4554144050052176 -76.58057869630659,3.4554182481313003 -76.58059957510527,3.45542129622744 -76.58061922963498,3.455433080286513 -76.58062956972603,3.4554439054361583 -76.58064549822217,3.4554655008724025 -76.58065492722683,3.45548510356473 -76.58065492850179,3.4555053706385013 -76.58065322823029,3.455529455926896 -76.58068146844485,3.455530970704028 -76.58072355872855,3.455532349853529 -76.58074606634473,3.455534176989204 -76.58076139254463,3.4555376766986154 -76.5807778701574,3.4555473538536035 -76.58079542821007,3.4555651419289584 -76.58081731476166,3.4555938097944963 -76.58083155105871,3.455610359140419 -76.5808532490489,3.455631484854974 -76.58086681076325,3.4556396600921273 -76.5808894177988,3.4556481883476295 -76.58091192518708,3.455660605253663 -76.58092766495133,3.455671846049939 -76.58094357584008,3.4556852301112957 -76.5809625554008,3.4556966434283334 -76.58097845767219,3.455701825162294 -76.58099598787216,3.455706003883378 -76.5810257128834,3.4557199938700918 -76.58105039816029,3.455732880888244 -76.58107493950294,3.4557466451208434 -76.58110176736355,3.4557567647324676 -76.58112375238348,3.455762742794619 -76.58116306209205,3.4557677439679697 -76.58118798159686,3.455770240147107 -76.58119599110614,3.4557708826166 -76.58122091950656,3.4557859128909003 -76.58122889234362,3.4557901003594833 -76.58124005186153,3.4557799982108603 -76.58125391123119,3.45577038603898 -76.58127223382967,3.4557674647623235 -76.5812928338296,3.455759082054158 -76.58131478344441,3.455746059110988 -76.58134677690968,3.4557270325397647 -76.58137790570032,3.455710663866492 -76.58141331852677,3.4556993420156905 -76.58145624545118,3.4556958331426864 -76.58148847302832,3.4556929851221905 -76.58152043013756,3.455696629345966 -76.58154034578493,3.4556961686596663 -76.58154011186967,3.4556831552801275 -76.58153388136006,3.4556514541842756 -76.5815210963835,3.4555883622004777 -76.58150624793493,3.455540767050588 -76.58150531198676,3.4555264966892123 -76.58150524021283,3.4555017531572356 -76.5815144198228,3.455477019881235 -76.5815331207995,3.4554664216671496 -76.58155952466694,3.4554605978499997 -76.58158413850724,3.455454050678806 -76.58160220913845,3.455451491146507 -76.58164615328151,3.455452649477399 -76.58169608217413,3.455456130658623 -76.58172812862152,3.4554637005922073 -76.58174933169359,3.455471288408495 -76.58176661942261,3.4554694433491133 -76.5817758174722,3.4554517005865506 -76.58179287940473,3.455423161352108 -76.58181874517504,3.455376324117612 -76.58183426037618,3.4553519612060963 -76.5818530694765,3.455329470056393 -76.58187192321395,3.4553154082190254 -76.58189129014872,3.4553049627875705 -76.581909459686,3.4553011019035837 -76.58194390925773,3.455299158059691 -76.58197291430496,3.455298949988712 -76.58202174502256,3.455312669211682 -76.5820466376203,3.4553307199488104 -76.58207935045694,3.45535902625098 -76.5820836432179,3.455359767527317 -76.5820805509702,3.4553868742946987 -76.58207736731933,3.455406075362979 -76.58208373798031,3.455433809124124 -76.58211086574758,3.455475360692807 -76.58214743843925,3.4555735447811533 -76.5821626917689,3.4556331675622878 -76.58220118195896,3.4557129763208034 -76.58221648135742,3.455705461196248 -76.58222935914095,3.455699872464914 -76.58227199892647,3.455695522541222 -76.5822930038246,3.455700071789227 -76.58230737546653,3.455707758611206 -76.58232244005204,3.4557292003376223 -76.58234110472823,3.4557696428314233 -76.5823585728108,3.455801204823895 -76.58237531138643,3.4558380744113877 -76.58239582059048,3.4558869451944743 -76.58241340552328,3.4559023548337118 -76.5824175177205,3.455908061828995 -76.58243515652451,3.45592152714199 -76.58246030085239,3.455921418785225 -76.58247662648664,3.455918570867154 -76.5824950658878,3.4559127466407897 -76.58251490945446,3.4559109113479765 -76.58254037819303,3.4559174679237863 -76.58255825134677,3.455936531058616 -76.58261774504066,3.4560817047284114 -76.5827358165633,3.4562924804998123 -76.58274585932108,3.4563112004978236 -76.58275406706872,3.4563294404140006 -76.58276896102637,3.4563422999958413 -76.58278188406346,3.456354382882534 -76.58278750886123,3.4563707690796415 -76.58279075704203,3.4564029089650927 -76.58280466149395,3.456449944370752 -76.58282177750766,3.456478132299516 -76.58285575899066,3.456528929324149 -76.58287545873857,3.4565571270293423 -76.5828958428599,3.456577927221065 -76.5829111863403,3.4565976235504965 -76.58291595637199,3.4566166775940363 -76.58292188629753,3.4566475159625485 -76.58293049025225,3.456655447325575 -76.58295573292138,3.4566726117650317 -76.58297606286335,3.456676780316434 -76.5829911192358,3.4566822523636227 -76.58301500293173,3.456698440208368 -76.58303099547832,3.456707501502372 -76.5830701427043,3.4567317378313387 -76.58310542053108,3.4567612557363567 -76.58312307754305,3.456777524475977 -76.58313986951094,3.456804456297354 -76.58317353605143,3.456855379937571 -76.58319368569234,3.4568958675310077 -76.58321192735526,3.4569210529822842 -76.58323227557001,3.456943010718675 -76.58325630351557,3.456976688404119 -76.58327168939316,3.4570113976050156 -76.58329148213535,3.4570438266824297 -76.58332748827405,3.4570906987364993 -76.58334251761688,3.457122938218369 -76.58335490422753,3.457147501872246 -76.58338847102745,3.457214065095867 -76.58340368624947,3.4572400329947257 -76.58343677691593,3.4572781865354845 -76.58346547570723,3.457300216962323 -76.58347870793142,3.4573196638255688 -76.58348471623063,3.4573786595872233 -76.58348917995079,3.457392450412698 -76.5835077093242,3.457399613328302 -76.58363584163588,3.4575282827444163 -76.58367064457802,3.4575477824255882 -76.58367851845942,3.4575521625030556 -76.58368632305475,3.4575566845658185 -76.58369412674554,3.457561136090375 -76.58370193134095,3.45756565724867 -76.58370973503658,3.4575701793112934 -76.5837174694414,3.4575747719166805 -76.58372527314175,3.4575793636130374 -76.58373300754671,3.457583956218293 -76.58374067086102,3.4575886193664345 -76.5837484052708,3.45759328250976 -76.58375606858525,3.457597945657773 -76.5837638020999,3.4576026793392294 -76.58377146541916,3.4576074130253134 -76.58377905944764,3.4576122172541672 -76.58378672277172,3.4576170214783226 -76.5837943159004,3.45762182570711 -76.58380190903385,3.457626700474034 -76.58380950216741,3.457631576145231 -76.58381702510553,3.4576364509167252 -76.58382461824387,3.4576413962216606 -76.58383214118686,3.4576463424355657 -76.58383959393908,3.4576513582879724 -76.58384711688691,3.4576563750399534 -76.5838545696393,3.4576613908922367 -76.58386202239649,3.457666478186996 -76.58386947515369,3.4576715645773577 -76.58387692791104,3.457676651871993 -76.58388431047767,3.4576818097094715 -76.58389169214436,3.4576869666426124 -76.58389907471114,3.4576921244799705 -76.5839064572827,3.457697352855468 -76.58391376875889,3.4577025812356696 -76.58392108113979,3.457707880153951 -76.5839283935161,3.457713108533975 -76.5839357050019,3.4577184779904 -76.58394294718758,3.4577237769132116 -76.58395018847806,3.4577291463742257 -76.58395743066858,3.457734515835122 -76.58396460176841,3.4577399558389277 -76.58397184306384,3.457745395837968 -76.58397901506385,3.457750836745935 -76.58398611597315,3.457756347292479 -76.58399328707802,3.4577618578342584 -76.58400038798753,3.4577673692850266 -76.5840074898017,3.457772950369542 -76.58401459071608,3.4577785323583985 -76.584021621435,3.457784113447576 -76.58402865215874,3.4577897659792325 -76.5840356828825,3.4577954176064996 -76.58404271361108,3.457801140676246 -76.58404967413955,3.4578067923081184 -76.58405663467282,3.457812515382472 -76.58406359521086,3.457818308994971 -76.58407048555353,3.4578241026121317 -76.58407737589624,3.4578298962292395 -76.58408426533906,3.457835688942021 -76.58409115568665,3.457841553097222 -76.58409797583884,3.4578474172570894 -76.58410479599111,3.4578532814169054 -76.58411161524822,3.45785921611493 -76.58411843540534,3.4578651508128417 -76.58412518447189,3.4578711569580167 -76.5841319344384,3.4578771621987445 -76.58413861330956,3.457883167444204 -76.58414536327624,3.4578891726848306 -76.5841570345225,3.457901112750759 -76.58416336244478,3.457907542153173 -76.58416961927641,3.4579140420985235 -76.58417594719883,3.457920471500848 -76.58418220493056,3.4579269714460508 -76.58418846176244,3.45793347139127 -76.58419471949433,3.457939971336384 -76.58420090613087,3.4579464712862413 -76.58420716386765,3.4579530417694673 -76.58421335050912,3.4579596131617722 -76.58421953804586,3.4579661131114383 -76.58422572468744,3.4579726835993214 -76.58423191222906,3.457979254087101 -76.58423809887553,3.4579858951130964 -76.5842442162218,3.4579924656055185 -76.5842504028685,3.4579991075357643 -76.58425652021495,3.4580056780281025 -76.58426263666625,3.4580123190586565 -76.58426875311764,3.458018960089169 -76.58427487046905,3.4580256011195787 -76.58428091672988,3.4580323135972733 -76.58428696298601,3.4580389546323915 -76.5842930803424,3.4580456662008734 -76.58429912660348,3.458052378678444 -76.58430517286457,3.458059090251636 -76.58431114893033,3.458065802733858 -76.5843171951916,3.4580725143069686 -76.5843231721574,3.4580792258847124 -76.5843291482281,3.4580860089050103 -76.58433512429411,3.4580927204827345 -76.584341100365,3.4580995035029516 -76.5843470764359,3.4581062856187934 -76.58435298231144,3.4581130686436676 -76.58435895838723,3.4581199212976257 -76.58436486426294,3.4581267043224213 -76.58437077014344,3.4581335578853736 -76.58437660582847,3.458140410548691 -76.58438251170442,3.4581471935733674 -76.58438841758984,3.4581541167700647 -76.58439425327518,3.4581609703376 -76.58440008806066,3.4581678239051588 -76.58440592375081,3.458174747106479 -76.58441175943639,3.458181600673899 -76.58441752493127,3.4581885247842212 -76.58442336062168,3.458195447985426 -76.58442912521679,3.458202372095732 -76.5844348907119,3.4582092962059394 -76.58444065621184,3.4582162908543075 -76.58444642170714,3.4582232149644394 -76.5844521161117,3.458230208713202 -76.5844578816119,3.4582372033614566 -76.58446357601198,3.458244127476283 -76.58446927132154,3.4582511926674058 -76.58447496662646,3.458258187320294 -76.584480590836,3.4582651819779535 -76.5844862861458,3.4582722471689675 -76.58449191035545,3.4582792409222187 -76.58449753546991,3.4582863061179054 -76.58450315968449,3.458293371313618 -76.58450878479911,3.458300436509234 -76.58451440901388,3.4583075017048737 -76.58451996303799,3.458314638347761 -76.58452551795729,3.4583217026436834 -76.58453107198156,3.4583288392865 -76.58453662600586,3.4583359750249456 -76.58454218093019,3.4583431107632956 -76.58454773495464,3.45835024650167 -76.58455321878367,3.458357382244763 -76.58455870261278,3.4583645179878197 -76.58456418734663,3.4583717242689804 -76.5845696711759,3.458378860011969 -76.58457515501006,3.4583860671974564 -76.58458056864868,3.458393273483329 -76.58458598228741,3.4584004797691663 -76.5845913959262,3.4584076860549704 -76.58459680956987,3.458414963783275 -76.58460222320883,3.4584221700690114 -76.58460763685262,3.458429446892913 -76.58461298029621,3.4584366531833397 -76.58461832374469,3.4584439309162667 -76.58462366719318,3.458451207744825 -76.58462901064176,3.45845848457335 -76.58463435409521,3.458465832844375 -76.58463962734841,3.4584731096775942 -76.58464490060643,3.458480457048978 -76.58465017295993,3.4584877347865284 -76.5846554462181,3.4584950821578477 -76.58466071947643,3.4585024304334717 -76.58466599273477,3.458509777804727 -76.58467119579772,3.458517126085046 -76.5846763979655,3.458524543999258 -76.5846816010286,3.4585318922795154 -76.58468680409648,3.458539310193603 -76.58469200625981,3.45854665847386 -76.5846971391323,3.4585540763926472 -76.584702271105,3.4585614952158026 -76.58470740397765,3.4585689131345294 -76.5847125359505,3.4585763319576235 -76.58471766882812,3.458583821318822 -76.58472273060552,3.4585912392422835 -76.58472786348331,3.4585987286034214 -76.58473292526566,3.4586062179693555 -76.584737987948,3.458613706430864 -76.58474297953498,3.458621195801506 -76.58474804221754,3.45862868516729 -76.58475303380463,3.458636173633537 -76.58475802539184,3.4586436630040907 -76.58476301698389,3.458651222912813 -76.58476800947595,3.458658782821445 -76.58477300106335,3.458666271287576 -76.58477792246008,3.4586738312009806 -76.58478284385689,3.4586813911143564 -76.58478776615374,3.4586889510276433 -76.58479268755545,3.458696581479158 -76.5848975871954,3.4587438475967702 -76.58501457959612,3.458834281349731 -76.58504157741108,3.4589337591645695 -76.58506857504545,3.4591236705628408 -76.58512257153835,3.459268365131822 -76.58515856848918,3.4593497556103125 -76.58521256521952,3.4594311466644867 -76.58532055862501,3.4595396677084342 -76.58533855697033,3.4595848841706176 -76.5854555500862,3.459657232052408 -76.58547354857805,3.4597838396403358 -76.5854555495498,3.45987427355479 -76.58545554893854,3.4599711306343806 -76.58546096254047,3.459977565516222 -76.58546686844522,3.459984489609888 -76.5854727041448,3.4599912726319504 -76.58547868024053,3.4599981252781853 -76.58548465632677,3.460004837752329 -76.58549063241786,3.4600116198602895 -76.58549667959981,3.4600183314251294 -76.58550272587716,3.4600249733561323 -76.5855088423502,3.460031614377932 -76.5855150299141,3.4600381848566077 -76.58552121657814,3.4600447553353035 -76.58552747433788,3.4600513258090677 -76.58553373118814,3.460057755206461 -76.58553998894324,3.4600642551419436 -76.58554631688926,3.46007068453436 -76.58555271502622,3.4600770433837096 -76.58555911316326,3.4600834022330127 -76.58556558149604,3.4600897610774397 -76.58557204981925,3.4600959779410982 -76.58557851814739,3.46010226624724 -76.5855850566664,3.460108483105973 -76.58559166537641,3.4601146303259687 -76.58559827408645,3.460120776641581 -76.58560495388735,3.460126852414057 -76.58561163278847,3.4601329290908804 -76.58562021085163,3.4601431031824474 -76.5856260456581,3.4601499558374202 -76.58563195156032,3.460156809391793 -76.58563785746254,3.4601636620417913 -76.58564376336011,3.4601704450578916 -76.58564974035332,3.4601772271647184 -76.58565564535111,3.4601840101808023 -76.58566169254013,3.460190792282712 -76.58566766862889,3.4601975047556235 -76.58567371491333,3.4602042163193194 -76.58567976119791,3.4602109287873097 -76.58568580838246,3.460217640350863 -76.58569192485801,3.460224281371403 -76.58569797113798,3.4602309223967405 -76.58570415870935,3.46023756431663 -76.58571027518033,3.460244134798852 -76.58571646184706,3.4602507052761884 -76.58572264941382,3.4602572757534213 -76.58572883608073,3.4602638462306716 -76.5857350938385,3.4602703461647826 -76.58574135159637,3.4602768460988496 -76.58574760845437,3.4602833460329347 -76.5857538662124,3.460289845966913 -76.58576019416137,3.4602962753578104 -76.58576652211042,3.460302704748663 -76.58577284915961,3.460309134139532 -76.58577924729968,3.4603154929872555 -76.58578564543984,3.460321851834934 -76.58579204358001,3.4603282097782304 -76.58579844172034,3.460334568625817 -76.58580491005159,3.4603408569303165 -76.58581137838294,3.46034714523477 -76.5858178467143,3.460353432634841 -76.58582438523666,3.4603596503961582 -76.58583092375905,3.4603658672530924 -76.58583746228159,3.4603720850143143 -76.58584400170409,3.4603783018710907 -76.58585061041764,3.460384449089174 -76.58585721913121,3.4603905954028717 -76.58586382784009,3.4603966720826653 -76.58587043745378,3.4604028183962035 -76.58587711635845,3.46040889416671 -76.58588379526327,3.460414970841503 -76.58589047506322,3.4604209760736553 -76.585897224159,3.4604269813009654 -76.5859039741548,3.460432986528163 -76.5859107241507,3.4604389917553093 -76.58591747324189,3.4604449264442754 -76.58592429342879,3.460450861128272 -76.58593104252022,3.4604567967214717 -76.58593793289808,3.4604626599579786 -76.58594475308529,3.460468595546156 -76.58595164345847,3.460474388244366 -76.58595846274102,3.460480252389974 -76.58596542331011,3.460486045987555 -76.58597231368361,3.4604918395899436 -76.58597927424805,3.4604975626492265 -76.58598616462172,3.4605033562515093 -76.58599319538193,3.4605090784014876 -76.58600015594178,3.460514730922416 -76.58600718670216,3.460520453072285 -76.58601421745786,3.460526105588243 -76.5860212482088,3.4605316875659544 -76.58602827896458,3.460537339177468 -76.58603537991137,3.4605429211502052 -76.58604248085817,3.46054850221855 -76.58604958270016,3.4605540127485854 -76.58605668364235,3.4605595241829636 -76.58606385478025,3.4605650347080825 -76.58607102681817,3.4605705452330833 -76.58607819795145,3.4605759861242325 -76.58608536908474,3.4605814261109886 -76.58609261130891,3.460586795554566 -76.58609978244237,3.4605922355412098 -76.58610702376676,3.4605976049847325 -76.586114336182,3.4606029038850736 -76.5861215784065,3.4606082733284196 -76.58612888992197,3.4606135722287057 -76.58613620233261,3.460618800590679 -76.5861435138434,3.460624028952656 -76.5861508964499,3.4606292573096376 -76.58615820886077,3.4606344856714344 -76.58616559056257,3.4606396425858312 -76.58617297316447,3.460644800404442 -76.58618042596211,3.4606499582181174 -76.58618780856416,3.4606551160366084 -76.586194979723,3.4606609096177947 -76.5862020806716,3.4606664906848916 -76.58620911142461,3.460672071756811 -76.58621621327339,3.460677653728072 -76.58622331422225,3.460683234795002 -76.58623048536208,3.4606887462231413 -76.58623765649709,3.4606941862086966 -76.58624482853212,3.4606996261941325 -76.58625199966728,3.460705066179575 -76.58625924189332,3.460710435621823 -76.58626648321955,3.460715805968414 -76.58627379563659,3.4607211048674715 -76.58628110715375,3.4607264037665337 -76.58628841957095,3.460731702665475 -76.58629573108334,3.4607369301218935 -76.58630311368668,3.460742087939449 -76.5863104962901,3.460747245756944 -76.5863178788936,3.4607524035743804 -76.58632533168793,3.460757489944342 -76.58633278358248,3.4607625772186412 -76.58634023637698,3.4607676635884808 -76.5863477593576,3.4607726097813245 -76.5863552121474,3.4607776256128506 -76.58636280532386,3.4607825718006806 -76.58637032829978,3.4607874465508113 -76.58637792147636,3.46079239183418 -76.58638551554321,3.4607971960410406 -76.58639310871025,3.4608020011522362 -76.58640077207303,3.4608068053541405 -76.58640843543587,3.46081160955598 -76.586416099689,3.4608162726813108 -76.58642376304712,3.4608210063448315 -76.58643149659615,3.460825669465202 -76.58643923104027,3.4608302611429176 -76.5864469645846,3.460834853724967 -76.58645476922463,3.460839446301991 -76.58646257295985,3.460843967436484 -76.58647037759029,3.4608484189369926 -76.58647818132079,3.4608528695331633 -76.58648220063213,3.460855141848487 -76.58649704353925,3.4608567975556186 -76.5865609524522,3.460885983242581 -76.58660016907182,3.4609078735664482 -76.58671491409866,3.4609501911643012 -76.58679189482815,3.4609808355176295 -76.58684563577246,3.4610041844104336 -76.586924068514,3.461027530661186 -76.5869807148787,3.461043581352331 -76.58700104925616,3.4610581749971665 -76.58701961940909,3.461067995681486 -76.58702054006844,3.4610682171789673 -76.58702925798507,3.4610703363285324 -76.58703804699738,3.461072455473012 -76.58704676490922,3.461074504988559 -76.58705555391178,3.461076483056494 -76.58706434201443,3.46107846112441 -76.58707313101706,3.46108043919218 -76.58708191911492,3.4610823476260775 -76.58709070810772,3.4610841837129667 -76.58710786318834,3.4610888470683 -76.58711651092935,3.461091249279091 -76.58712522887105,3.4610937220230453 -76.58713387751209,3.461096124233612 -76.58714252525816,3.4610985969823522 -76.58715117299934,3.4611009991928223 -76.5871598207455,3.461103471941402 -76.58716846849661,3.4611060152280917 -76.5871771171428,3.4611084879764458 -76.58718576489407,3.461111032167311 -76.5871944126404,3.4611135049155703 -76.5872030603917,3.4611160482019376 -76.58721170814798,3.4611186620264154 -76.5872203567993,3.4611212053125597 -76.58722893436001,3.461123820046168 -76.58723758211148,3.461126363332215 -76.5872461596722,3.461128977161329 -76.58725480743372,3.461131662427932 -76.58726338499454,3.461134276256886 -76.58727203275613,3.461136961523329 -76.58728061032197,3.461139645890314 -76.58728918788788,3.4611423302572213 -76.58729776635381,3.4611450155283214 -76.5873063439198,3.4611476998950694 -76.58731046486173,3.4611490235513926 -76.58735218443628,3.4611734783626993 -76.58735279553098,3.461173933200372 -76.58735690204976,3.4611749114012476 -76.58744612847059,3.4611941176998267 -76.58745857310193,3.4611967963652885 -76.5874790123816,3.461205663738114 -76.58752248196356,3.4612245223880573 -76.58755879470006,3.4612493320729802 -76.58759075010813,3.4612770603572134 -76.587608182223,3.461317925148337 -76.58762125557202,3.4613412768823513 -76.58762706738835,3.461379223302272 -76.5876285219532,3.4614084133484595 -76.58761981003904,3.461440523312393 -76.5876081932027,3.4614740930803842 -76.5875980289012,3.4615207982219256 -76.58758060345032,3.4615748018681933 -76.58756898876483,3.4616390213827932 -76.58755882525718,3.4616842669258636 -76.58754575610841,3.461720755087517 -76.58753704564671,3.4617864339934847 -76.58751961926534,3.4618273012574754 -76.58751236139386,3.461881304181283 -76.58751236641551,3.461952819956106 -76.58750075182375,3.4620184990674177 -76.58749494453839,3.4620579059091714 -76.58748568701633,3.4620867322672213 -76.58746608311625,3.4621327082770685 -76.58744212077482,3.4621786845952407 -76.58743231814277,3.462198388956724 -76.58740073176018,3.4622487437031224 -76.58738221486988,3.462267354434706 -76.58736696591394,3.462289247673453 -76.58735498412572,3.462303479148419 -76.58735062773582,3.462319898576335 -76.58734953949092,3.462329750486889 -76.58735280803973,3.462341791486066 -76.58738671662945,3.4623733232739142 -76.58742484523847,3.462407253964338 -76.58747277727433,3.4624455627520416 -76.58751199603202,3.4624838721551474 -76.58755666103853,3.4625188975270134 -76.58761330832179,3.4625593950855786 -76.58763836437467,3.4625812854650624 -76.58767649323215,3.462618500692193 -76.58769501312973,3.4626425809315378 -76.58772769466617,3.4626677553135985 -76.58775492918684,3.4626852676455795 -76.58778652027334,3.4627016854202983 -76.58781484326816,3.46271262948261 -76.58784534518918,3.4627257627855514 -76.58787693702385,3.462739991160331 -76.58790852795944,3.462754218629759 -76.58794229751237,3.4627662574501596 -76.58798042437607,3.4627750114108142 -76.58800983690101,3.462781577500136 -76.58803598097455,3.4627903323145985 -76.58806430389727,3.462800182123082 -76.58809153780741,3.462808937762387 -76.5881285761264,3.462823164834625 -76.58817868566238,3.462842864913294 -76.58821136667446,3.4628603768416393 -76.588240779592,3.4628724150590537 -76.58827237045953,3.4628855491742 -76.58830069354293,3.462897587467883 -76.58832683898908,3.4629129104643352 -76.588355162619,3.4629326120971284 -76.58838239739214,3.4629534080534827 -76.58841181027188,3.4629774883997606 -76.58842924079147,3.4629950014164015 -76.58844885016126,3.4630136085222114 -76.58848044212817,3.463042066598688 -76.58849460494255,3.4630595798491655 -76.58851421408086,3.463074903310609 -76.58853382278818,3.4630967940575514 -76.5885621478335,3.4631361993500827 -76.58860136697562,3.4631788874994003 -76.58864058576857,3.463229237179062 -76.58866237493628,3.463262074749515 -76.58867653763963,3.463290534076356 -76.58872229283664,3.463341978431133 -76.5887941955434,3.4634372070192794 -76.5888846155051,3.463531339110654 -76.58895215873251,3.463599200994794 -76.58901643249504,3.463655022785649 -76.5890523833839,3.4637020899453668 -76.5890763511926,3.463732737950638 -76.58910031849653,3.4637688589948317 -76.58912210729876,3.463796222609889 -76.5891286436642,3.4638093585151073 -76.5891384495064,3.463834533603604 -76.58915479308807,3.463879412786912 -76.58916895825867,3.4639418063972967 -76.5891940173005,3.464004198310782 -76.58921689670417,3.4640545500568725 -76.58923106222933,3.4641092803254474 -76.58925394282123,3.4641760511887965 -76.58927464282648,3.4642176464095202 -76.58928662792506,3.4642493895273696 -76.58929316461177,3.464266903320162 -76.58931059572417,3.4642920787553293 -76.58933129423332,3.46431287515872 -76.58935090372707,3.464332577394865 -76.58936942283088,3.4643446163696625 -76.58939556849195,3.464362128731541 -76.58942171333317,3.4643807362432173 -76.58945548319963,3.4643960586503124 -76.58947944977213,3.4644091923756135 -76.5895088620116,3.464423419948534 -76.58953609598088,3.464432175544669 -76.58957422347991,3.4644485918750187 -76.5895970999007,3.464457347788066 -76.5896134400764,3.4644671975207233 -76.58963196032416,3.4644825210372403 -76.58965265884449,3.4645033183376093 -76.58967008941482,3.4645208304254207 -76.58968752022416,3.46454162796431 -76.58970495021367,3.4645635188447215 -76.58972020240824,3.464586505034892 -76.58973545436515,3.464606207582049 -76.58975288509797,3.464625909969164 -76.58976704811843,3.4646456116912887 -76.58977467433633,3.464658746607225 -76.5897833895717,3.464672976593668 -76.58979646355135,3.464703625378255 -76.58980300154839,3.4647266122063556 -76.58981607505204,3.4647506937051595 -76.58982370190809,3.46477258530268 -76.58983241876156,3.4647966671210333 -76.58984331365038,3.4648229372716117 -76.58985420846024,3.464848113175912 -76.58986401425308,3.4648721940095903 -76.58987599850377,3.4648918967942364 -76.58988471422073,3.464912694065019 -76.58989343107702,3.464936774978344 -76.58991086203488,3.464971802234012 -76.58992175758883,3.4649947887407366 -76.58993265184482,3.465012302208105 -76.58994463689598,3.4650429510703002 -76.58995880014325,3.4650779785652492 -76.58997841062295,3.4651108162625475 -76.58999693142535,3.465145842531839 -76.59002634627149,3.4651830582995 -76.59004922399154,3.465209327564846 -76.59008299565488,3.465248732406245 -76.59010478380038,3.4652662450684995 -76.59013092915981,3.465291418940384 -76.59015162754879,3.4653100268323214 -76.59018975597357,3.46533848436543 -76.59022897399889,3.465363658173792 -76.59027443476393,3.4653859638708546 -76.59027581623558,3.4653866420204804 -76.59032919472537,3.4654085302309348 -76.59038039379863,3.465421661917761 -76.5904087170638,3.465434796200255 -76.59044575551842,3.4654490231780164 -76.59048170405526,3.4654621559889844 -76.59052092136962,3.4654774779526725 -76.5905546911313,3.4654906109223966 -76.59059063951024,3.4655015552369486 -76.59062781907723,3.465513269048273 -76.59069237249587,3.465526237849802 -76.59074917857878,3.4655314227023957 -76.59077500183729,3.465557367978042 -76.59076467789984,3.4656222358357978 -76.5907644799497,3.465622761269523 -76.5907362810407,3.4656974840979964 -76.59069325033379,3.4658248267961405 -76.59055327936161,3.4660573445924006 -76.59054153637037,3.4661125108403437 -76.59052822505005,3.4661348082224173 -76.59050751747759,3.466163053063852 -76.59047201753573,3.4661927848249094 -76.59047151179249,3.466193174631046 -76.59017764362531,3.466681344071008 -76.59013204957152,3.4667570837343016 -76.59004239927167,3.4669060090972867 -76.58993784129741,3.4668084426016352 -76.58988824405421,3.466708617545897 -76.58985474256876,3.4666353814845157 -76.58982109854969,3.466557378679172 -76.5898073610085,3.466523006795653 -76.58977118526532,3.466455016978044 -76.5897508040095,3.4664167126255196 -76.58971113885606,3.4663568213867797 -76.5896766935841,3.4663116179828295 -76.5896398851276,3.466267530700777 -76.58958300491437,3.4662086074517777 -76.58956042993894,3.466187491058153 -76.58952640502565,3.466155663645807 -76.58946833629976,3.466100989045177 -76.58942949087454,3.4660638146447513 -76.58936396520427,3.4659970776488227 -76.58930459534399,3.465932345111517 -76.58927505462115,3.4658966847883037 -76.58924134660786,3.4658537340136335 -76.58921753702822,3.4658216689096286 -76.58918089643026,3.465771026067116 -76.5891544793806,3.465734513628382 -76.58912104923523,3.4656883994627505 -76.58909929000964,3.465659960592392 -76.58907128724921,3.465623363258788 -76.58903290917095,3.465576983574447 -76.58901431569355,3.4655571863036148 -76.58898051550945,3.4655211971013666 -76.58889270465167,3.4654445311768916 -76.5888072529179,3.4653726535304648 -76.58873789322034,3.465313807094248 -76.58868403701908,3.465268448603964 -76.58859147468283,3.465207260698096 -76.58852963854042,3.465173027007094 -76.588455368252,3.465132407788398 -76.58839355464835,3.4650986009330427 -76.58831822098368,3.4650502768397926 -76.5882624660053,3.4650060488804644 -76.58821071908315,3.4649572998562608 -76.58815396773109,3.4648857194247644 -76.5881204990683,3.4648283534795365 -76.58809632975557,3.4647734783121633 -76.58806920033868,3.4646907172607344 -76.58804979955431,3.46463152987814 -76.58802070110886,3.464536769335515 -76.58798783093519,3.4644285760588875 -76.58795897572666,3.4643499054369626 -76.5879278985118,3.464283410044014 -76.58789768215966,3.4642241022485405 -76.58787471082663,3.464183665612486 -76.5878427424964,3.464127391081907 -76.58780416143065,3.4640594764121975 -76.58778154390818,3.464020783307601 -76.58773202820069,3.4639360768037544 -76.58767437879828,3.463838937163817 -76.58762843024557,3.4637633650951622 -76.58758757419315,3.463696170428382 -76.58752668026271,3.463633943793346 -76.58746633566955,3.4635768636897604 -76.58738030746864,3.463506752114395 -76.58729805001894,3.46344890667395 -76.58723069148644,3.463407909756997 -76.5871858470003,3.4633806155497204 -76.58707439224789,3.4633179719356333 -76.58700868601186,3.463289519831166 -76.5869425702913,3.4632608895966914 -76.58680561185389,3.46320959534817 -76.58673557078896,3.463184044637583 -76.5866511867757,3.4631513669517773 -76.58657878788526,3.4631132235192554 -76.5865304160805,3.463079310693433 -76.58648562933102,3.4630405223406755 -76.58645314702218,3.46300696290049 -76.58642162553328,3.4629686890898355 -76.5863614377986,3.46288785290599 -76.58632863057429,3.4628406081709637 -76.5862572267462,3.4627195424809334 -76.58617288402826,3.4625799469401506 -76.58606056429339,3.462395154630861 -76.58597198005633,3.4622536611635413 -76.58590526438995,3.462136269435138 -76.58587681986504,3.4620848137934463 -76.58583602745333,3.4620110210065027 -76.58579667874021,3.461939841648219 -76.58574432321453,3.46181747235486 -76.5857155031919,3.461749352538076 -76.58569801442023,3.4617080129386033 -76.58566344312558,3.461617550092377 -76.58561486618346,3.4614904390973136 -76.5855915291294,3.4614293709087027 -76.58555025947588,3.461324448189295 -76.58552164353621,3.4612528936839473 -76.58548108788217,3.46115277836083 -76.58544509670539,3.4610783341024076 -76.58539901739624,3.4610075232518906 -76.58535788740926,3.4609575723733625 -76.58531239836614,3.460911648799093 -76.58526796282392,3.46087399168395 -76.58523951620246,3.460856898972521 -76.58520215437183,3.460834567148696 -76.58513325226838,3.4608003716898765 -76.58509186626512,3.460783604514918 -76.5850302678865,3.4607592377753646 -76.58494154358728,3.460724730754789 -76.58484781179524,3.460687168315818 -76.58477095336512,3.4606539021243656 -76.5846763465868,3.460612570455837 -76.58462697866673,3.460591001778651 -76.58455268421714,3.4605580754254572 -76.58444787714139,3.460511624979418 -76.58437892765016,3.4604813117813262 -76.58432794700049,3.4604591137794127 -76.58423683663429,3.460419122055663 -76.58413030692064,3.4603700590635644 -76.58407230094731,3.4603423333153254 -76.58401703927906,3.460306654649734 -76.58396409712398,3.4602762743288333 -76.58391431883442,3.460240736365404 -76.58387515992473,3.460205681507294 -76.58383648770658,3.4601678937119584 -76.58380742789295,3.460131552208847 -76.58378305898007,3.4601010768175207 -76.58375197758724,3.460060079022569 -76.58372808608408,3.460022591377596 -76.5837021475989,3.4599773862666003 -76.58368051090493,3.4599330218997655 -76.5836560781796,3.459876455515397 -76.58364795091532,3.4598512169487283 -76.58363505656897,3.4598111738179194 -76.58362527892878,3.45976052533226 -76.58361573175387,3.4597110651283636 -76.58360750947226,3.4596642509226228 -76.58359850778123,3.4596029239868558 -76.58359512330466,3.459578892391469 -76.58358964817813,3.4595400162623364 -76.58358284233636,3.4594920733505234 -76.5835773924583,3.4594539387749554 -76.58357199660203,3.459416178590763 -76.58356747622193,3.459389481088771 -76.58356085275413,3.4593503690041825 -76.58355504765471,3.4593160905401605 -76.58354778695708,3.459275905051203 -76.58353860657688,3.4592341479543434 -76.58352025640838,3.4591610924038405 -76.58350427040068,3.4591017816962775 -76.58349227135196,3.4590592714746973 -76.58348101223041,3.4590193801603357 -76.58346938040826,3.458977591573932 -76.58346126369759,3.4589484281865466 -76.58344540474289,3.4588914479426878 -76.5834348387251,3.458853734222238 -76.58342252462596,3.4588100592357836 -76.58339966625422,3.4587308355067683 -76.5833885728251,3.4586923865956023 -76.5833693826197,3.4586267339903176 -76.58334372131847,3.458539659001579 -76.58332103055089,3.4584634982444893 -76.58330491003755,3.4584111997616542 -76.58329058169927,3.458364795620847 -76.5832742046532,3.458311697721415 -76.58325161615724,3.4582441679370692 -76.58322667359795,3.458179425471319 -76.58321384762075,3.4581520584043264 -76.58318548858855,3.4580965141641125 -76.58317389158799,3.4580775763299685 -76.58300431941463,3.458179654513482 -76.58284295266135,3.458154228903473 -76.58270057275558,3.4581680167356215 -76.58256663097686,3.458199820172838 -76.58249068832997,3.458101261580743 -76.582453767756,3.457997401019541 -76.58243161103873,3.457856446344205 -76.58259718563687,3.4577260772802667 -76.58260540921894,3.4577108630975255 -76.58267753539519,3.457577432640531 -76.582677046698,3.4575769913567127 -76.58258408562483,3.4574835886028166 -76.58249370582956,3.4573798066068107 -76.58241107376044,3.4572915922377643 -76.58235684604702,3.4572371077352115 -76.5823155299696,3.4571852169259705 -76.58221482227351,3.4570918146395693 -76.58214251955225,3.4570139786355942 -76.5820495579179,3.4569101967625793 -76.58200565887294,3.4568557115670244 -76.5819540143724,3.4568064159517973 -76.58190753373978,3.4567571199986284 -76.58187912802985,3.456715606490703 -76.58179391474165,3.456650744898995 -76.58167513380359,3.456559938262022 -76.58162090650548,3.4565106427946084 -76.58156409934257,3.456479510173673 -76.58146597653759,3.4564302175274584 -76.58136785431208,3.4563757348867172 -76.58121550730567,3.4563108775551012 -76.58100893626961,3.456233050061803 -76.58079978137302,3.4561240863996336 -76.58067583828459,3.4560722007738987 -76.58058288032474,3.456022907705827 -76.58044344332137,3.4559476703640466 -76.5804085189754,3.4559276189239543 -76.58033499209924,3.4558854046477125 -76.58022654024276,3.4558127598544988 -76.58017489831877,3.45580238495067 -76.58011550938603,3.455786820547515 -76.58008710717831,3.4557997959394178 -76.58005870813247,3.455849096698427 -76.58004580001169,3.455888017418351 -76.58004322212228,3.455952884696767 -76.58005097162692,3.456012562245705 -76.58006388540662,3.4560644549454325 -76.58007163475192,3.4561215379540844 -76.58007680290663,3.456176026585073 -76.58007680630209,3.4562305146366348 -76.58007164493749,3.4562850039174613 -76.58005873754998,3.456321330097315 -76.58002259025048,3.456360252278322 -76.57998128014864,3.4564017702266225 -76.57991673012978,3.45644588417192 -76.5798702547749,3.456479617915461 -76.57982636273049,3.456521136019011 -76.57976955987148,3.456573033088696 -76.57972050594971,3.4566612550380516 -76.57969469046205,3.4567520709762705 -76.57967662118253,3.456835101905367 -76.5796766229495,3.456863643653101 -76.57965854997302,3.4568869974507406 -76.57963038475728,3.4569055706541967 -76.57961959400026,3.4569126857393417 -76.57958883710305,3.4569337062365975 -76.57955010927202,3.4569959812288347 -76.57942980355186,3.4571168894033057 -76.57937453886075,3.457172430827814 -76.5792818083746,3.4572520968345186 -76.57917558191971,3.457280843223055 -76.5790562342422,3.4573085278168247 -76.57895524575929,3.457313146172725 -76.57884507786915,3.4573177659880825 -76.57873949630788,3.4572670320070626 -76.57865242846536,3.4571736872779453 -76.57845293603717,3.45697143934183 -76.57829150777593,3.4568463723075014 -76.57807526096127,3.4567283533576436 -76.57805423192204,3.456711539412637 -76.57804450852774,3.4567193570841845 -76.57802825395069,3.4567369935285894 -76.57798904359086,3.4567682560933504 -76.57797272745862,3.456779949244307 -76.57794945451232,3.456787192579701 -76.57794162319806,3.456786774347353 -76.57794027691104,3.456787193136614 -76.57787612888984,3.4567837650715862 -76.57781572607315,3.4567744739650954 -76.5778058644754,3.4568038112222927 -76.57777955132218,3.456852719306223 -76.57770611386601,3.456995720069754 -76.5776510332085,3.457060302935525 -76.57759595033919,3.45708798255879 -76.57740315879889,3.457152572802443 -76.57731824007338,3.4571940932567844 -76.57731212212896,3.4572371463484326 -76.57728152582207,3.4573417048007102 -76.57719584751734,3.4574893183729025 -76.57714688784938,3.4575631259745863 -76.57701835795541,3.4575754344369045 -76.57683474549172,3.45760619732962 -76.57666949833377,3.457716914156853 -76.57650424915374,3.457778426937644 -76.57639407930421,3.4577661326720874 -76.57624718408591,3.457698487958668 -76.57609416569301,3.457600090730938 -76.57590560348628,3.4574286252080517 -76.57586874963933,3.4574074803709216 -76.57583820587352,3.457380929042643 -76.57580298844093,3.457349704377805 -76.57578450654691,3.4573378089169604 -76.5757594615567,3.457313445758046 -76.57573443456242,3.457289010250502 -76.57570479086753,3.457264565063828 -76.57567459788139,3.457234432538881 -76.57565254999379,3.4572151153973723 -76.57560507838556,3.4571894133145995 -76.57556563363538,3.457168495604462 -76.57552092461172,3.4571542422509096 -76.57548033758025,3.4571444750669076 -76.57546056543433,3.4571370407641764 -76.57543350456721,3.4571279700357964 -76.5754043378738,3.4571038693637663 -76.57539711145299,3.4570901229707043 -76.57538791386585,3.457071249106514 -76.57537853687644,3.45706257706752 -76.57536122224097,3.4570667723817015 -76.57533405251871,3.4570739977922234 -76.57530618990249,3.4570666001282633 -76.57528200858548,3.457052880941493 -76.57524657860316,3.457033988698181 -76.57521265955059,3.4570138122090004 -76.57518855099025,3.45699762417817 -76.57515830322153,3.456984791587929 -76.57512182008594,3.456977682899352 -76.57507878520008,3.45696748085349 -76.57505394620081,3.4569567279209275 -76.57502324957981,3.4569318948127834 -76.57500574660736,3.456915923437365 -76.57497721841268,3.4568992473140026 -76.57494942792674,3.4568940833452766 -76.57493152854444,3.4568862329289956 -76.57491163072407,3.456884207455752 -76.57488317468346,3.456886096440198 -76.57485638269678,3.4568732545982632 -76.57483483872763,3.4568526451119883 -76.5748182892069,3.456828037268948 -76.57479693420257,3.456806992785276 -76.574775218677,3.4567921891448945 -76.57475137932441,3.456777981583169 -76.57473149024035,3.4567554086860133 -76.57471153936592,3.4567382075481414 -76.57468577370994,3.4567481458677944 -76.574640568945,3.4567673357521667 -76.57460361718452,3.456780240027176 -76.57455862849223,3.45680102062245 -76.57452365635766,3.456825555447392 -76.57449088955264,3.45684256516493 -76.57445214694613,3.456856220135138 -76.57441394355946,3.456872642341409 -76.57438227423599,3.4568817851733282 -76.57435340436221,3.456886179176292 -76.57432669442,3.4568918581171157 -76.57431019865305,3.4568787091041977 -76.57430343123808,3.4568652882373287 -76.57430245012644,3.4568461796720817 -76.57430299070528,3.4568251086110893 -76.57430420553104,3.4568074287720085 -76.57430750050203,3.4567645359252284 -76.57431124424568,3.456732341348545 -76.57431522227574,3.4567055103757167 -76.57432036138809,3.4566814909176826 -76.5743272288723,3.456650101022411 -76.57433865858897,3.456594403218511 -76.57434557058419,3.4565544040411713 -76.57435343726509,3.4565117198356683 -76.57436184294475,3.456467877144905 -76.57436808918565,3.4564314962538125 -76.5743707631741,3.4563882597941595 -76.57437112323476,3.456357810778166 -76.57437086229739,3.4563266735977347 -76.57436139573595,3.4562932498750536 -76.5743455395151,3.4562584048993177 -76.57432156492882,3.4562235513414024 -76.57429590832142,3.456188101016578 -76.57427474231191,3.456150724200147 -76.57425687022797,3.4561158531114655 -76.57423365186597,3.4560697405240006 -76.57420965103583,3.456032136878442 -76.5741795669874,3.456001271785212 -76.57415741969348,3.4559735533308524 -76.57413336404842,3.455953350016868 -76.57410035494146,3.4559339602072154 -76.57406417754392,3.4559216877005796 -76.57402994326067,3.4559119481280782 -76.57399645689947,3.455903473678257 -76.57396128704134,3.4559002082981385 -76.57392703573673,3.455891824322635 -76.57391053036609,3.4558835587175265 -76.5738939806987,3.455871711943715 -76.5738683505061,3.4558414796243775 -76.57384347728456,3.4558133896338576 -76.57380748911886,3.4557730736444277 -76.57378443290877,3.455745490882527 -76.57376299679919,3.4557216167112244 -76.5737418754145,3.455693156633386 -76.57372130351008,3.4556577873964023 -76.57371510323333,3.455631046526507 -76.57371283534529,3.45561417988143 -76.57370355699587,3.455598624917535 -76.57369288453779,3.455581244177263 -76.57368463177032,3.4555593859329656 -76.57367868373593,3.4555372743450654 -76.5736731049699,3.4555042392606583 -76.5736699286351,3.4554800294573025 -76.57366818236012,3.4554568062043276 -76.57366265734444,3.455435518442703 -76.57365185881066,3.455400384686968 -76.57364709857883,3.4553761116688286 -76.57364721613264,3.455353828820709 -76.57365283136154,3.455330496634191 -76.5736664124742,3.4553002467336724 -76.57368186482056,3.4552746631021733 -76.57369350173576,3.455254740828707 -76.5737088638769,3.4552253861202837 -76.57372544106026,3.455198265957839 -76.57374599626466,3.4551763174696597 -76.57376676732481,3.4551520547728116 -76.57378539675939,3.455131960281093 -76.57378503611491,3.4551199597612894 -76.5737663625547,3.4551072178115607 -76.57374285640249,3.4550959854700665 -76.5737163354682,3.455085032737217 -76.5736941698884,3.4550677059981565 -76.57367761212177,3.455039372268995 -76.57366972883553,3.4550265220954586 -76.57365851538684,3.4550229225627866 -76.57363697975285,3.4550377349878967 -76.57361705467632,3.4550465334870943 -76.57359686851805,3.4550535513627163 -76.57357563920986,3.4550584160720907 -76.57354452755791,3.455061382228633 -76.57352239802529,3.4550611194014973 -76.57349517483078,3.4550608025986715 -76.57346863574323,3.4550469930620573 -76.57345847571783,3.4550360502588897 -76.5734447704848,3.455018867734609 -76.57343453810599,3.4550014408452987 -76.57342775254146,3.4549848276657777 -76.57341929374724,3.4549638375928975 -76.57340858459905,3.454949982857548 -76.57339375388278,3.4549389317941714 -76.57337885977606,3.4549370145288343 -76.573356847169,3.4549354946640563 -76.57333830871583,3.45492468797743 -76.57332092129428,3.454914034059052 -76.57330707120188,3.4549136360190307 -76.5732924292495,3.454914811567779 -76.57327786819334,3.4549142055696467 -76.5732573046519,3.454899310490659 -76.57324229454899,3.4548827972447085 -76.57323292614421,3.454865858646487 -76.57321979667513,3.4548449773520176 -76.57321187663511,3.454834595109803 -76.57320096081021,3.454826274920538 -76.57318539211556,3.45483097743003 -76.57316795058088,3.4548344863197213 -76.57315978808604,3.4548336990967528 -76.57315272412126,3.454827531917088 -76.57314217719649,3.4548178371157303 -76.57312865069268,3.454810330973197 -76.5731214150681,3.4548083138012777 -76.57310007781527,3.4548140014518243 -76.57308164662349,3.4548225385037026 -76.57306821978781,3.4548273041959106 -76.57304848417817,3.4548284700758227 -76.57301848861199,3.454817871111276 -76.57299370456187,3.454806647865064 -76.57298220378196,3.454798391009179 -76.57296808320748,3.454788841097602 -76.57295597934522,3.4547947461784596 -76.572941966903,3.4548041511456153 -76.57292391372117,3.4548133564779078 -76.57289787875895,3.4548186103025387 -76.57287849381126,3.454814034529468 -76.57286058551392,3.454806708588228 -76.57283761000187,3.4547892272319527 -76.57282619030808,3.45478261626141 -76.57280799312873,3.454775246022643 -76.57278056347756,3.454768001995812 -76.57275999076097,3.454766165519957 -76.57272540605412,3.4547655588090347 -76.57267518939676,3.4547649158801566 -76.57263444821838,3.454764571762444 -76.57260146534475,3.45476287975548 -76.57257854442953,3.4547563236745673 -76.5725480634022,3.454754893785671 -76.57252425146285,3.4547467813899115 -76.57249434640154,3.454728875367706 -76.57246340603321,3.45472058159005 -76.57243019880053,3.454713808124675 -76.57240216610262,3.454704872106951 -76.57237208949724,3.454693251226327 -76.57235458586443,3.4546801284586324 -76.57234294111551,3.454655530248805 -76.57233302406603,3.4546275225970633 -76.57231976833387,3.454601206236391 -76.5723020947226,3.4545734522226312 -76.57229754128089,3.454544847415295 -76.57229966576321,3.4545231613185945 -76.57230919607483,3.45448909535954 -76.57232038268289,3.454462580516527 -76.57233274840368,3.4544396286932497 -76.57233939031808,3.4544297258491437 -76.57235450997379,3.4544090256718727 -76.57235033463955,3.4543994941974976 -76.57233157068185,3.454395306339231 -76.57231079107181,3.4543950171839133 -76.57229110923863,3.4543919778819303 -76.5722715358916,3.454381424444628 -76.57225954822559,3.454372606917912 -76.5722469943362,3.4543607960693428 -76.57224134268785,3.4543602257419037 -76.57223118209656,3.454371710461385 -76.57222094124477,3.4543801303899624 -76.57220291503843,3.454388901625745 -76.57218441219975,3.4543872287091038 -76.57216739473371,3.45437765090889 -76.57214070274404,3.454364763765453 -76.57213134326173,3.454362620094561 -76.57211261559793,3.4543638953245805 -76.57209698365874,3.4543639495318508 -76.57206580955581,3.454360005610476 -76.57204738753018,3.45435495046957 -76.57203961199163,3.454353747221176 -76.572023962327,3.454358874753966 -76.57199517248016,3.454377540008519 -76.5719706127877,3.454387686185933 -76.5719575189405,3.4543926507982774 -76.57193985317916,3.454393463851444 -76.57192509434778,3.4543798896627846 -76.57190682601374,3.4543543956095863 -76.57189478490518,3.454339066860841 -76.5718766428678,3.454319225805414 -76.5718465040807,3.4542888932918663 -76.57184053724279,3.454284380977838 -76.57182805566627,3.4542783759577427 -76.57181515037723,3.454275328139633 -76.57179145535191,3.4542654251331717 -76.57177144966504,3.4542478350692045 -76.57175784210081,3.45425554888848 -76.57174270501734,3.4542703075688856 -76.5717147712758,3.45427713500849 -76.57168881650021,3.454267150731338 -76.5716754169769,3.454260955848212 -76.57166190864577,3.454256343559031 -76.57163847446759,3.454260710959079 -76.57161045828428,3.454274149097325 -76.57158427931789,3.4542790131246472 -76.57156174520652,3.4542689300869145 -76.57153713136113,3.4542593074677663 -76.57152390222346,3.4542586651972744 -76.57149714731871,3.454263954291196 -76.57147123788666,3.454277319965061 -76.57144273588602,3.454293624870119 -76.57142269405024,3.4543069006978877 -76.57139819786381,3.4543267232539465 -76.57136759917877,3.4543463462787423 -76.57133621830079,3.454363248197045 -76.57130232551627,3.4543768485177146 -76.57126382638599,3.4543818488471776 -76.57123386736019,3.4543808629168096 -76.57118483847964,3.454377145101987 -76.57113743016721,3.4543692220348823 -76.5711017563491,3.4543648442408164 -76.57107786269216,3.454359670905137 -76.57105599476978,3.454353955763403 -76.57104361127186,3.4543475980365757 -76.57102420853685,3.4543296461900352 -76.57101313098187,3.4543257662742315 -76.57100451818054,3.45433553356388 -76.57098580829903,3.454349785090201 -76.57096422786813,3.4543518463176395 -76.57095037758026,3.4543475776842327 -76.57093689632569,3.4543444123210905 -76.57091424435468,3.45435192675147 -76.5708781476054,3.4543653743414913 -76.57085427249572,3.454370600864997 -76.57083275433585,3.4543760081299295 -76.57080759178794,3.454388369932959 -76.57080372663779,3.4543900522034376 -76.57077688566696,3.4544017358426506 -76.57075107559113,3.4544051447505657 -76.57072669614966,3.4544034350392705 -76.57072227748966,3.454404221141627 -76.57073268827017,3.4544439173298063 -76.57075797352306,3.45448886601765 -76.57077966468817,3.454521777276894 -76.57080359021381,3.4545681856341006 -76.5708293752062,3.4546181994800915 -76.5708995500216,3.4547594946560563 -76.57093691796639,3.4548914452592694 -76.57094280735716,3.454929104215899 -76.57094858998458,3.4549559373701273 -76.5709602602518,3.454987205979493 -76.57096998719362,3.4550458344779633 -76.57097193441015,3.455075149334681 -76.57097209686778,3.455101082973633 -76.57097777253566,3.4551474588373092 -76.57098555244089,3.4551630925859302 -76.57099138829845,3.4551924072352613 -76.57100111369674,3.4552217216771726 -76.57097973576818,3.4554972812728995 -76.57097779326661,3.4555402762293337 -76.57097196050118,3.455569591500335 -76.57097001648047,3.455600860834459 -76.57097196307954,3.455618449164202 -76.57100113598568,3.4556438540284597 -76.57102836543524,3.4556770760769964 -76.571055051364,3.4557110795001273 -76.57107698881632,3.4557376567677465 -76.57110810771034,3.4557689243357506 -76.57115358416763,3.4557985126870236 -76.57117892416538,3.455822555820341 -76.57117029405491,3.455828571926033 -76.57114886491254,3.4558501071241774 -76.57113050573172,3.4558596560866905 -76.57111172131167,3.455877386600521 -76.57109671822501,3.455891032930016 -76.57108707139383,3.455901080619732 -76.57107798165093,3.4559116066734097 -76.57106324539376,3.4559507480322127 -76.57105415566592,3.4559615725165833 -76.57104569589917,3.4559724512274093 -76.57103804609176,3.4559835749700274 -76.57102316955692,3.456007874371178 -76.57100808603447,3.4560321638354345 -76.57100189500088,3.456042735854919 -76.57099609896662,3.456051897088945 -76.57098987994527,3.456060777096953 -76.57098357089875,3.4560690701955714 -76.57097773074936,3.456077895923135 -76.57097242068075,3.4560870209576655 -76.57095243220373,3.456123157485679 -76.57094586228291,3.4561335215276707 -76.5709390403632,3.456143595291144 -76.57092515450562,3.4561650007623785 -76.57091684770798,3.456175545763879 -76.57090532509852,3.456214108173939 -76.57090529810502,3.4562141977046523 -76.57089958416162,3.4562271191633145 -76.57089210841806,3.456245434176335 -76.57088958545609,3.456254396281573 -76.57088230282218,3.45626555165515 -76.5708738708471,3.4562744959879943 -76.57086623893736,3.4562837830215987 -76.57086101505472,3.456306080610876 -76.5708599068087,3.456332305513025 -76.57085011505961,3.4563419643435065 -76.5708410163615,3.4563534580350352 -76.57083064904386,3.456370603894668 -76.570822908676,3.456388173748224 -76.57080351619811,3.4563948496835364 -76.57079673035976,3.456406578379162 -76.57077838009434,3.456431915234471 -76.57075387293146,3.45644965056677 -76.57073387241977,3.4564625718781934 -76.57071672922058,3.4564754939420075 -76.5707053010239,3.456495593418307 -76.57069826914362,3.4565005396053667 -76.57069101498607,3.456505643158644 -76.57068387140406,3.456508514804458 -76.57066244266854,3.456521149515531 -76.57065016148223,3.4565442288238746 -76.57064814491285,3.456548019003361 -76.57064233993678,3.456558401089453 -76.57063710196955,3.4565696603515215 -76.57061030016544,3.456591498774617 -76.57059836525212,3.4566107183573993 -76.57059086928408,3.4566210724982236 -76.57058358832373,3.456629935377354 -76.57057665826164,3.4566372961355754 -76.57056744317144,3.4566431838510367 -76.57055673398777,3.456645426266498 -76.57050266774719,3.456670875333019 -76.57048650477084,3.4566702874636306 -76.57047763867934,3.456672776664658 -76.57046029526506,3.456677644716948 -76.57043597621292,3.4566788243497992 -76.57041268766882,3.4566814472481546 -76.57039600555828,3.456683390641393 -76.57038314802199,3.4566819561374365 -76.57037171854277,3.456677649386565 -76.57035886003176,3.4566747787965655 -76.57034743070247,3.4566733442169135 -76.57033600137316,3.4566719087327886 -76.57032314376227,3.456669038142253 -76.57030457047476,3.4566632965850137 -76.57029785214581,3.456658165735211 -76.5702878895702,3.4566538335847525 -76.57027260914002,3.4566475483477155 -76.57026212458081,3.456642872576692 -76.57025154102301,3.4566380973337787 -76.57024202029169,3.4566332406446607 -76.57023365955793,3.456627868422925 -76.57022680257393,3.4566214932133796 -76.57021920664229,3.4566132722925524 -76.5702105649209,3.4566039327627767 -76.57020098934872,3.4566001341493804 -76.57019578302555,3.4565969954719513 -76.57018098763271,3.456590085311683 -76.57016199711057,3.456573480887935 -76.57015253840585,3.4565672676904495 -76.57014288266676,3.4565620682639953 -76.57013386510715,3.4565592010868618 -76.57012449665031,3.4565578712994496 -76.57011098091944,3.456549891241358 -76.57008812122213,3.456526922301122 -76.57007003056245,3.456508745187808 -76.57006811898789,3.456506824477938 -76.57004351395085,3.456494354066071 -76.57002097235858,3.456479550358422 -76.57001303127817,3.4564795507736883 -76.57000382848031,3.4564795512548505 -76.56997954072084,3.456476681257074 -76.5699623968426,3.4564766821527506 -76.56995382475498,3.4564738113332623 -76.56993872438676,3.4564688554554417 -76.56991047557501,3.456475429644914 -76.56989704774747,3.4564791824361047 -76.56988347680631,3.456482492109867 -76.56986963582573,3.456484698507432 -76.56985595676915,3.456485638825769 -76.56984242165598,3.4564856657569134 -76.56981667432163,3.4564853035551018 -76.56980378707885,3.4564836393433818 -76.56979044080137,3.4564807181281534 -76.56977791346851,3.456477760696672 -76.56976587207178,3.456474179247809 -76.56975402954488,3.456470263184077 -76.5697366685945,3.4564666440294034 -76.56972643289356,3.4564710975127007 -76.569715238223,3.4564652099620257 -76.56970380889703,3.4564637744702016 -76.56968266441153,3.456456597852767 -76.56966409135327,3.4564551627314772 -76.56964875145125,3.4564472650559837 -76.56963929293741,3.4564446782411795 -76.56962584749087,3.456438320551438 -76.56961551607381,3.4564365024673953 -76.56960694354517,3.456425017843056 -76.5695912281845,3.456413532684623 -76.56958288278256,3.456408692205884 -76.56957263223389,3.456404405279517 -76.56956408252564,3.456399177755329 -76.56955683857306,3.456392802560857 -76.56954475101134,3.45638395968388 -76.56953550821945,3.4563762090974937 -76.56953762215365,3.456375677238376 -76.5695172926167,3.4563606744500297 -76.56950693391462,3.4563532404387662 -76.56950035318091,3.4563461164191973 -76.56948865446375,3.4563386191735352 -76.56947835961117,3.4563302717791435 -76.56945892876806,3.456308451152847 -76.56944035497824,3.4562926605952318 -76.56941749537651,3.4562711268197948 -76.56939749338187,3.4562553363350808 -76.56938699699853,3.45624805154503 -76.56938053576984,3.456237235113944 -76.56937108656747,3.4562230908800022 -76.56936320350563,3.4562137042776064 -76.56935657139216,3.4562049135681234 -76.56935037932779,3.4561956896588777 -76.5693434861158,3.456184629079041 -76.56933734982094,3.4561748752258437 -76.5693310776031,3.456164493770327 -76.56932141228528,3.4561477812323345 -76.56931434799844,3.456135020509126 -76.56930895818638,3.45611608398801 -76.56929935503909,3.4561008165757223 -76.56929319284583,3.456077322240109 -76.56925894264145,3.456036935447376 -76.56926587963872,3.4560419215997253 -76.5692597874697,3.4560326976846834 -76.56925537724197,3.4560225322690807 -76.56925219181709,3.456012042133726 -76.56923889841075,3.455986880568897 -76.56922751574811,3.4559650360105545 -76.56922603934922,3.4559552963861653 -76.56922253901195,3.455946107606612 -76.56921513471987,3.4559366739527646 -76.56920680090263,3.455929465917929 -76.56920189235623,3.4559064860843853 -76.56918560465573,3.4558951772938777 -76.56917760470967,3.4558878245478235 -76.56917125074585,3.4558802917542186 -76.56917002546699,3.45587125749901 -76.56916560965671,3.455857463886566 -76.56915693476999,3.455850391519213 -76.56914809708528,3.4558451106500616 -76.5691345501276,3.455824408378212 -76.56912474071574,3.4558232232971813 -76.56911526431408,3.455822671234263 -76.56910616745162,3.455817481715966 -76.56909759573718,3.455821789508941 -76.56908330903573,3.455818918974611 -76.56907247532018,3.4558320767170123 -76.56906169405296,3.455832475177778 -76.5690504359742,3.455835965588181 -76.56903819611121,3.455840459861901 -76.56902544414245,3.4558441764326067 -76.56901424002776,3.455847033804506 -76.56900460993329,3.455850370393828 -76.56898571133553,3.455853399983293 -76.56897306734231,3.455856781943392 -76.56896047640883,3.455859440431682 -76.56894788639262,3.455862442567498 -76.56892922180228,3.455865932450974 -76.56891636168285,3.4558665471527283 -76.56889320788773,3.4558818723122675 -76.56888083381739,3.455884096707068 -76.56886629996646,3.4558878404967484 -76.56885074140972,3.455898044916031 -76.56884110327735,3.455902621348982 -76.56883201331881,3.455909376299666 -76.5688253262349,3.455916791293054 -76.56881769508634,3.455923674584899 -76.56881448194846,3.4559345629561524 -76.56880738081574,3.4559404767725157 -76.56879722069475,3.4559446092025956 -76.56878772635444,3.455945269852114 -76.56877762004164,3.4559456764142733 -76.56876728883636,3.4559479187901854 -76.56875709177326,3.455951174015647 -76.56874774161635,3.4559556599993657 -76.56872915232185,3.4559711142424554 -76.56872343813303,3.4559797283353317 -76.56871166706784,3.4560007285245375 -76.56870693293531,3.456009763083734 -76.56869985890668,3.4560178020878873 -76.5686905268839,3.4560249920352355 -76.56866834229707,3.4560399129017436 -76.56865729135194,3.456046405693013 -76.56863429768231,3.456060630261031 -76.56862464072904,3.456066807367753 -76.56861341799879,3.4560753710970444 -76.56860353709095,3.4560841517987284 -76.56859447423682,3.456093086195913 -76.56858632031593,3.456101885800773 -76.56857909422243,3.4561104583700857 -76.5685665840328,3.45612612120302 -76.5685599249117,3.4561348936017 -76.56855249992806,3.4561434119207326 -76.56854412997195,3.4561512438965054 -76.56853508592818,3.4561584419667497 -76.5685175998103,3.4561710393518434 -76.5685086178062,3.456177125085219 -76.56849906970969,3.456182623028698 -76.5684887017565,3.456187913016313 -76.5684775607921,3.4561939626853495 -76.56846668895393,3.4562008904510306 -76.56844744805571,3.456215603165989 -76.56843772815677,3.4562228374429766 -76.56842773016376,3.4562298284675115 -76.56841704731508,3.456236809578898 -76.56840603151437,3.4562443152219786 -76.5683957275695,3.4562518750890985 -76.56837996021979,3.4562621663275417 -76.56835821736954,3.456274609283442 -76.56834664352807,3.4562805866259336 -76.56833849031231,3.456285569930059 -76.56832387487907,3.4562957254589617 -76.56830662274953,3.456308502791271 -76.56828576192127,3.4563225834537743 -76.56827780578465,3.456327421149315 -76.56826545909236,3.4563373956956283 -76.56825273351066,3.4563470899166777 -76.56823887227038,3.456358131655683 -76.56822835064756,3.456367902633874 -76.56821297335054,3.4563858490554686 -76.56820589948464,3.4563972892642365 -76.56819851077312,3.4564114144628584 -76.5681821029087,3.456444729224497 -76.56817542500572,3.4564559614157817 -76.56817241002123,3.4564703676425292 -76.5681617723753,3.4564996225482902 -76.56815660646437,3.4565126904657286 -76.56815105280118,3.4565282172926537 -76.56814739966863,3.4565408338701697 -76.56814203599005,3.456558314053571 -76.56814086317056,3.4566085662639745 -76.56813673182369,3.4566323206695544 -76.56812943291395,3.4566607072442164 -76.56812086522302,3.4566918349254974 -76.56811694989106,3.4567161879906307 -76.56811683565427,3.45671730756453 -76.56811561654878,3.456723634361552 -76.5681148428314,3.4567282971576554 -76.56811414020937,3.4567329599501844 -76.56811350688284,3.4567376227392277 -76.56811301484714,3.456742286425501 -76.56811252281489,3.4567470197456562 -76.56811217116999,3.4567516825205336 -76.56811188972408,3.456756416734436 -76.56811167847003,3.4567610795022516 -76.56811153831487,3.4567658128047127 -76.56811146745522,3.4567705470080248 -76.56811153788635,3.4567752802998952 -76.56811160831397,3.456779943053547 -76.568111819136,3.4567846772426933 -76.56811210014992,3.4567893399857534 -76.56811245136278,3.456794073263504 -76.5681127214726,3.4567966316168905 -76.56811415733607,3.4568238773842115 -76.56812135085161,3.456847635741763 -76.56812250394724,3.4568530680310143 -76.56812328980445,3.456857249641842 -76.5681167323306,3.4568833491128883 -76.5681138768036,3.456919239645199 -76.56811483999878,3.4569424855574353 -76.56811518186709,3.456958357543963 -76.5681143351368,3.4569787322799317 -76.56811179682285,3.4570052647257774 -76.56810974479495,3.457020104985121 -76.56810484899817,3.4570358858970365 -76.56809485885778,3.4570562149715007 -76.56807766093984,3.4570736505324207 -76.56807110881347,3.4570806685101383 -76.56806142557873,3.457083444404248 -76.5680446687683,3.4570855414970527 -76.56802916253602,3.4570807845631326 -76.56801465599263,3.457073079442951 -76.5680038653595,3.4570663960359562 -76.567995811522,3.4570611775161066 -76.56798369783068,3.4570515912562145 -76.56796421505126,3.4570346350260084 -76.5679385754661,3.457011519670375 -76.56792693953105,3.456999636371974 -76.5679130716859,3.456986640851728 -76.5679000407666,3.456973237433768 -76.567890258736,3.4569618342445763 -76.56787491481198,3.4569452928955786 -76.56784972673152,3.4569167153244855 -76.56783953969166,3.4569045696950123 -76.56782110878474,3.456884285452097 -76.56780249865152,3.4568611968713463 -76.56778605656952,3.456839953932026 -76.56777311629328,3.456821396695954 -76.56775133787741,3.456788369617963 -76.56773388858686,3.45676355369578 -76.56771926503774,3.4567372102085723 -76.56770835863797,3.4567187794771734 -76.56769737987996,3.456692987452921 -76.56768278365058,3.4566548785503 -76.56767279430782,3.4566367552470356 -76.5676402357146,3.4565715063014926 -76.56763238879799,3.456546574144135 -76.56762259821706,3.456507605881846 -76.56760849833292,3.45644253778779 -76.56760214503355,3.456411781630888 -76.5675935690837,3.4563851574963884 -76.56758142924629,3.4563560647012483 -76.56755354907884,3.456301313958079 -76.567544684778,3.4562854161686514 -76.56753543351347,3.456269734534694 -76.56752407643904,3.4562551020351555 -76.56751375452286,3.456245063511821 -76.56750085877944,3.4562350974630025 -76.567490275172,3.456228947597915 -76.56748033148311,3.456224027598152 -76.56747025195833,3.456220228981871 -76.567443559382,3.4562135273656684 -76.56742972807086,3.4562110944825295 -76.56741042421434,3.4562085623932988 -76.5673908594056,3.4562066534042133 -76.56736835190013,3.4562069873140624 -76.56734263989024,3.4562111015070776 -76.56732236448076,3.4562163919719837 -76.56729236295331,3.45623074979152 -76.56726807702,3.45624654250938 -76.56724379004565,3.456259464863663 -76.56721521790242,3.4562795651449103 -76.5671847437626,3.4562910607603925 -76.56717542895196,3.456300863319295 -76.56716295548989,3.4563135689528592 -76.5671524265728,3.4563216171591864 -76.56714186967625,3.4563280022925555 -76.56712843318385,3.456338807962801 -76.56711325078089,3.4563491081948756 -76.56708678355787,3.4563684604826563 -76.56707253721999,3.45638137419957 -76.56706107142661,3.4563886808953024 -76.56704462898709,3.4563965666106578 -76.56702051913587,3.4564062333403363 -76.567001989687,3.4564131876912176 -76.56698008451743,3.4564192912270935 -76.56696110497701,3.4564237668138236 -76.56693941656279,3.456427194407394 -76.56690820745357,3.4564446785642127 -76.56687374094187,3.4564515568248972 -76.56685124972212,3.456453807010072 -76.56681326316901,3.456453028426465 -76.56677888501926,3.456444797934925 -76.56676436873695,3.45644000475815 -76.56674448952324,3.4564314398568623 -76.56672533917045,3.456420976717944 -76.56670988761917,3.456411407786628 -76.5666994659002,3.4564031064890113 -76.56669308578618,3.4563941710544834 -76.56668623762562,3.4563836349677035 -76.56667590631083,3.45636517797014 -76.5666696517939,3.456348058286913 -76.5666634615347,3.456319788135431 -76.56666154498276,3.456307823861216 -76.56666205809736,3.4562922511672136 -76.56666305717397,3.456276551842455 -76.56666625278247,3.4562562131660184 -76.56667009563132,3.456239664530939 -76.56667674627998,3.4562227892935815 -76.56671075473781,3.4561977583223533 -76.56672218301577,3.4561776588930666 -76.56673646867485,3.456158994505664 -76.5667378961175,3.456143202917595 -76.56674932446364,3.4561245386694885 -76.56667606380724,3.456104380973367 -76.5666690790278,3.456097362760778 -76.56663845177358,3.4560876453523437 -76.56651916713002,3.456064974021663 -76.56635958423243,3.456064981762171 -76.56621451010223,3.45606336910946 -76.56607104717492,3.456068235021434 -76.5658647183443,3.4560617653576697 -76.56573996437812,3.456049600768277 -76.56573788716415,3.4561225202078245 -76.5657378873001,3.4561253941882413 -76.56578926863955,3.45639391718193 -76.56594342486477,3.4567140818837365 -76.5659742516285,3.456982604944778 -76.56599293904658,3.4570420759068767 -76.56602688279166,3.457150097231044 -76.56602821850768,3.4571543475468167 -76.56603591237646,3.4571788338872924 -76.56605392898453,3.4571929497082388 -76.56605195565335,3.4571980140857264 -76.56602366182136,3.457205148850241 -76.56599454867607,3.4572045967958425 -76.5659539342777,3.4572041248743415 -76.5659209602371,3.4572005253901255 -76.56589560023632,3.4571891663353806 -76.56585182066274,3.4571490547938106 -76.56553255047255,3.457309651198306 -76.56508023401784,3.4574785347762784 -76.56498386748721,3.4575015745600464 -76.56491894408065,3.4574869373098807 -76.56485108147822,3.457472584154477 -76.56480464976649,3.457451052275298 -76.56475821682459,3.45742234177326 -76.56471717240986,3.457386526552207 -76.56471540886415,3.4573549743451726 -76.56471284509242,3.4573195787467017 -76.56471103716507,3.457281868012273 -76.56470131992025,3.457211103255174 -76.56469036797252,3.4571796229194107 -76.56466031062281,3.457155982260796 -76.56463274552071,3.4571584957919113 -76.56460831170571,3.4571694556763544 -76.56459162605464,3.457192669859072 -76.56457427418526,3.4572297556852725 -76.56455527557617,3.457250682004454 -76.5645108545647,3.4572533220189103 -76.5644779167374,3.4572543427362206 -76.5644534919529,3.457266071302034 -76.56443065962424,3.4572877927082053 -76.56441857266901,3.457310979544429 -76.564404316767,3.457351891470322 -76.5643937950213,3.4573796912525188 -76.56437803642646,3.457425233448916 -76.56436520262253,3.4574507354196724 -76.56435851466169,3.45747926663179 -76.5643564806532,3.457515467303457 -76.56435599368005,3.457552427545827 -76.56435007070446,3.4575817283124928 -76.56433263815923,3.457606497983436 -76.56431057980531,3.4576289880366113 -76.56428702775821,3.4576561083596116 -76.56426352915874,3.457690925484795 -76.5642400223525,3.457723435648173 -76.56421724338675,3.45775132461947 -76.56420060299516,3.4577807063659147 -76.56418631086811,3.457816997132116 -76.56417283800414,3.4578602150754274 -76.56416771614553,3.4578933592326577 -76.56416409787906,3.4579218722149228 -76.56416129801131,3.457958072921261 -76.5641577150884,3.4579919766497897 -76.56415263847188,3.458030510648386 -76.5641414061437,3.4580667831859615 -76.56412407231032,3.458105407278643 -76.56410516333028,3.458138650643312 -76.56409890029238,3.458151009589957 -76.56408401387851,3.4581803849230957 -76.5640673463016,3.458205914196226 -76.56404223719271,3.458229968885097 -76.56402633452986,3.4582547203932075 -76.56400742557884,3.4582887405806675 -76.56398777884819,3.458326605134709 -76.56395893459722,3.458362235495974 -76.56392843558481,3.458383250955406 -76.563899474538,3.4584034804752126 -76.56386974860894,3.458425265487401 -76.56384156158032,3.4584470323414744 -76.56382102489391,3.45846719816958 -76.56379970425219,3.4584850679235637 -76.5637753510114,3.4585075761559496 -76.56375477811544,3.458523120826442 -76.56372579082324,3.4585402755991828 -76.56370603632197,3.458563516132068 -76.56368558838162,3.458596008959546 -76.56366437548809,3.458628500917128 -76.56364622326464,3.4586602068665786 -76.56362954663358,3.45868496744665 -76.56360760499054,3.458722080593979 -76.56358639209162,3.458754573454127 -76.56356291157759,3.458792473442925 -76.56354630645389,3.4588264763339036 -76.5635289635488,3.458864330825861 -76.5635069594208,3.4588929802914627 -76.56347273343968,3.458927877465812 -76.5634362397377,3.4589658766148625 -76.56340042137167,3.458992319220023 -76.56335991464663,3.459006480246685 -76.56332937839184,3.4590205594302077 -76.56328968185468,3.4590401012174095 -76.5632461596911,3.459060438991586 -76.5632148775522,3.4590783797205575 -76.56319430376959,3.45909470301241 -76.56317305554415,3.4591225738027465 -76.56315644133282,3.459155039315807 -76.56314673065512,3.459188987628806 -76.56313170881913,3.4592298995694377 -76.56311134232068,3.4592731720678733 -76.56309470100317,3.459303322480443 -76.56307499170812,3.459331952841655 -76.56305450839172,3.459359046770117 -76.56302561887193,3.4593900550428485 -76.5629959743319,3.4594218419820413 -76.56297011831343,3.459448211776668 -76.56294571072416,3.4594637927751952 -76.56292057525042,3.4594832262777824 -76.56289695974667,3.4595018828868427 -76.56287335330958,3.459522075962051 -76.56286194160022,3.459532936645968 -76.5628345021366,3.4595494492436147 -76.56277904562641,3.459606972928989 -76.56276018173682,3.4596440497456236 -76.56274130057737,3.459677293081653 -76.56271935880885,3.4597128597934597 -76.56270736128374,3.459745270832364 -76.56269081031313,3.459783876776846 -76.5626741968714,3.459814018137354 -76.56265903189735,3.4598341484317405 -76.56264159919881,3.4598573626131888 -76.5626218716762,3.45988137180796 -76.56260061428176,3.4599061687471884 -76.56258241662806,3.4599293911006046 -76.56255057573306,3.459971198168165 -76.56252711307869,3.460007542672145 -76.56250133743062,3.460040830622004 -76.56247781233876,3.4600694882701863 -76.56245729268765,3.4600896549723315 -76.56243603525054,3.460113682317788 -76.5624132569396,3.4601384784158746 -76.56238820193717,3.4601671460772994 -76.56236772754916,3.460193470400389 -76.56234341936295,3.46021905333695 -76.56232365559168,3.4602376735879465 -76.56230085924273,3.4602617100417574 -76.56228261720878,3.4602787838098368 -76.56226290775116,3.460304710188966 -76.56219085493957,3.4603956941057037 -76.56216434151604,3.460433603236623 -76.56215149851272,3.4604567900767855 -76.56213944756088,3.4604822829390987 -76.56212663168864,3.46050854452064 -76.56210707433496,3.460555642303469 -76.56210359079259,3.4606002985758413 -76.56210548812079,3.460647224495262 -76.56199742928771,3.4607365523318347 -76.56182222413526,3.4608564170974105 -76.56165288698804,3.4609439072456216 -76.56159228102997,3.4610059021234147 -76.56141337886204,3.4615683897786647 -76.5612961091284,3.461557461420419 -76.56120181008512,3.461557465483287 -76.56114498875552,3.4615659713996436 -76.56111414593173,3.46159010583894 -76.56101080219162,3.4617542807415425 -76.56092738939253,3.4618939933926294 -76.56089354256237,3.461982679466765 -76.56088266382757,3.4620422078576594 -76.56087662258564,3.4621296782197684 -76.56088239361833,3.462207122606939 -76.56089839072096,3.4622839642692416 -76.56093103700897,3.4623860108760094 -76.56096372965851,3.46245637315877 -76.5610205093306,3.4625888894302412 -76.56107521207377,3.462682185633568 -76.5611516382735,3.462851123190023 -76.5611974942414,3.4629791064818614 -76.56117712109618,3.4630814953893023 -76.56110580166917,3.463199244826033 -76.56101919887854,3.463306756019052 -76.56098353969195,3.4633784298010237 -76.56095807166201,3.4634961772615696 -76.56090203320963,3.4635268963386774 -76.56082641432052,3.463551309407998 -76.56081807461703,3.463554001972346 -76.5593692936739,3.463536973415622 -76.55937037886348,3.46353334879181 -76.55936057950879,3.4634492965777723 -76.55935966550953,3.4634357315734343 -76.55935783802589,3.4634212478011355 -76.55935516725384,3.463405845257981 -76.55934945211803,3.463394360424036 -76.5593423085316,3.4633771331143266 -76.55934082559833,3.463359454308271 -76.55933467171015,3.4633583349929586 -76.55929640117985,3.4632856840082673 -76.55929372976767,3.4632766407565807 -76.55928159810753,3.46324548687459 -76.55927801234884,3.463236443660356 -76.55927527074105,3.4632274004114842 -76.5592716858824,3.463218356292848 -76.55926627218399,3.4632057093740363 -76.55926085855747,3.4631948295279904 -76.55925368737068,3.4631848667507943 -76.55923557534065,3.463148267201044 -76.55922657632382,3.463137386597335 -76.55921666300063,3.46312749537471 -76.55920447331752,3.463107913379145 -76.55919371595006,3.4631006357222516 -76.55918380269917,3.4630925106677357 -76.55917238268917,3.4630782832145006 -76.55916514145424,3.4630719242189545 -76.5591570561059,3.463066484063382 -76.5591421239713,3.463061387835334 -76.55913228091715,3.4630532627773913 -76.55911984889379,3.4630495726895187 -76.55911085006207,3.4630432137653395 -76.55908841741396,3.4630294045640198 -76.55907550912913,3.463021018277428 -76.55906084602265,3.4630145031336976 -76.55903655795208,3.4630073264080377 -76.55902671500772,3.4630018854186257 -76.55900369866701,3.462997277859262 -76.55897369593137,3.4629901013646784 -76.55895443421456,3.4629865571506158 -76.55894269234774,3.462980268874585 -76.55893369269187,3.462975746655422 -76.55892369253434,3.4629771822433293 -76.55890395196639,3.4629716602645484 -76.55888229653264,3.462971660239569 -76.55887153949853,3.46297257767304 -76.5588616256413,3.4629716592698108 -76.55884904070622,3.462969892707519 -76.55883912774895,3.462968973399681 -76.55882654191116,3.462967136298905 -76.55881662891994,3.462965369627865 -76.55877382301021,3.462967540864037 -76.55876482346284,3.4629657036172565 -76.55875223852513,3.462963865611115 -76.55872239107246,3.4629689075878556 -76.55871339152799,3.4629671408788028 -76.55867739352274,3.462964384107783 -76.55864977669417,3.4629607913906577 -76.5586371918668,3.4629617088952074 -76.55862819242977,3.4629626271593477 -76.55860477947226,3.4629644639055797 -76.55859128029545,3.4629653109081473 -76.55856695299121,3.462967146785943 -76.55855619599346,3.4629689839256805 -76.55854178254319,3.4629716676710505 -76.55851031303146,3.462967857159834 -76.55849948583483,3.4629696228591937 -76.55848598666068,3.4629705413028127 -76.55847607284032,3.4629705407967153 -76.55846440145926,3.462971459166611 -76.55845265984576,3.4629714587336577 -76.55843016123414,3.462973294534527 -76.5584043554466,3.462978424964028 -76.55839535604562,3.4629802620314756 -76.5583855125276,3.46298294649563 -76.55837651319662,3.4629865497313888 -76.55835917594027,3.462992356263814 -76.55835017657546,3.4629951112320203 -76.55833843506807,3.462997795771664 -76.55832767810585,3.463000550809993 -76.55831867783813,3.463003235239716 -76.55830693633054,3.463005919778969 -76.55826264862945,3.463018842703692 -76.55822970306971,3.463034422113413 -76.5582197894273,3.4630389432853597 -76.55820896140192,3.463042546592483 -76.55818800751167,3.463054863581936 -76.55817900818204,3.4630585373540432 -76.55817000801927,3.4630639067563718 -76.55815264289406,3.463070529901675 -76.55814021313483,3.463078528345473 -76.5581312139106,3.4630848870911435 -76.55812397134756,3.4630903269613 -76.55811497208691,3.463095766901291 -76.55809835520205,3.4631121649852448 -76.55806409595925,3.463134004256267 -76.55805692449131,3.463139444123087 -76.55804273841038,3.463157045780915 -76.55803549584351,3.4631624151121763 -76.55802266671073,3.4631756388245454 -76.55801549524223,3.463181078691053 -76.55800825274723,3.463188285633153 -76.55799257065279,3.4631982746478966 -76.55798448577039,3.4632045619133596 -76.55796877861145,3.4632179792670326 -76.55795977859013,3.4632270220807895 -76.55795253695825,3.4632333102169053 -76.55794120710287,3.4632456856014713 -76.55793129367018,3.463255647256653 -76.55792317829524,3.463264652957254 -76.55791692027239,3.4632700927868587 -76.55789436040209,3.463293525028953 -76.55788620359439,3.4633016499074696 -76.55787720439953,3.4633088560136946 -76.55786118245145,3.463327276165584 -76.55785218325614,3.4633344822715717 -76.55784051125184,3.4633426063842307 -76.55783326954922,3.4633471283509456 -76.5578197697866,3.4633561704367097 -76.5578080986845,3.46336436599149 -76.55779818431334,3.4633734088397894 -76.55778742748328,3.4633796971133157 -76.55777842728213,3.46338421824463 -76.55776577145716,3.4633878207144364 -76.55775501445301,3.4633896578450956 -76.55771435001945,3.463405229402047 -76.55770359229123,3.463411587308541 -76.5576927643312,3.4634170273164897 -76.55767926529012,3.4634215486238378 -76.55766576621315,3.463425151125471 -76.55764235317068,3.463425150236912 -76.5576235107159,3.463418790780872 -76.55760433223833,3.4634036185818915 -76.55758147289512,3.4633863918751633 -76.55756575750534,3.463373472240885 -76.5575486129989,3.463360551758003 -76.55754004082944,3.463356245645143 -76.55753086571171,3.463352369115491 -76.55752003898958,3.46334332527367 -76.55751195364816,3.4633378851039573 -76.5575056258719,3.4633315975024126 -76.55748432091818,3.4633189213519295 -76.55747006253168,3.463305628168186 -76.55746289064051,3.463300258500544 -76.55745121976868,3.4632912146909116 -76.55743954344345,3.4632807772993357 -76.55743145806747,3.463274418323389 -76.55741502801207,3.463258627447164 -76.55740694260093,3.463251349665473 -76.55739885715715,3.463243224520736 -76.5573878829032,3.4632356583683808 -76.5573693371998,3.4632231684008277 -76.55736216606789,3.463214124414582 -76.55735583818706,3.4632050812997424 -76.5573495103745,3.463197803449026 -76.55733526096834,3.46318391882698 -76.55732900328385,3.4631748748048796 -76.55732358978575,3.4631667495553895 -76.55731358805943,3.463150958426946 -76.55729644317312,3.4631279889560074 -76.55728951214047,3.463114062448931 -76.55728501295435,3.463105019262429 -76.55727115195471,3.4630814455666785 -76.55726215296073,3.4630705649439735 -76.55725582511717,3.463062439729614 -76.55725048268084,3.463053396575711 -76.55719895206397,3.4630163343597533 -76.55718629734652,3.463001850098584 -76.55718003969994,3.46299372488097 -76.55717104070784,3.462982844257356 -76.5571647129009,3.462975637847892 -76.55715754184337,3.4629684314710762 -76.55715030055202,3.4629602348488304 -76.55714221514816,3.4629530285073318 -76.55713504405571,3.462944903324801 -76.55712695861685,3.4629367781776295 -76.55711071837318,3.4629186911790155 -76.55710354727854,3.4629104954580128 -76.5570972194374,3.462902370242537 -76.55708913476107,3.4628906413153953 -76.55708104925269,3.462880679461072 -76.55708141739434,3.462882328955989 -76.55704755663798,3.462805554838131 -76.55701612449833,3.4627667934914483 -76.55699040697088,3.4627265967416676 -76.55695754683933,3.462693577982677 -76.55693611557656,3.4626720447558696 -76.55689896905555,3.462640462245743 -76.55688182446193,3.4626246704829824 -76.55686467997825,3.462611750891568 -76.55685743872984,3.4626045445150626 -76.556842182174,3.462587375374981 -76.5568303170854,3.4625824634768034 -76.55682314592853,3.462572501585023 -76.55681681809202,3.4625643763675606 -76.55681147482989,3.4625570993795773 -76.55680162639916,3.4625489281760364 -76.55679347077066,3.4625408030285696 -76.55678538613338,3.462529922365993 -76.55678034869648,3.4625185080281042 -76.55677043540223,3.4625085462410934 -76.55676143652403,3.4625004211256774 -76.55675243681577,3.4624941327169703 -76.55674217904684,3.4624895580734356 -76.55671966382818,3.4624567071158543 -76.55670601616009,3.462433678717777 -76.55669793159439,3.4624246356655095 -76.55669251810595,3.4624165104121705 -76.55667799323408,3.462399900121058 -76.55666990773418,3.46238993826302 -76.55666273654566,3.4623790575643953 -76.55665549523098,3.4623700135751645 -76.55663825229826,3.4623475152544736 -76.55663108204513,3.46233755336111 -76.556620255001,3.4623194661468055 -76.55661399729429,3.462309504218451 -76.55660733547994,3.462298703985842 -76.55660107867344,3.462288742057359 -76.55659475163651,3.462277861325955 -76.55658393360291,3.462260030037991 -76.55657626817626,3.462244666563077 -76.55656909705928,3.462235622570461 -76.55656276915782,3.4622256606444135 -76.55655201238146,3.462209410133359 -76.55654392778445,3.4621994482741374 -76.55653668640296,3.4621885675771558 -76.55653042873263,3.4621795235494215 -76.5565231873195,3.4621677954893286 -76.5565151026885,3.462156914824285 -76.55650877475618,3.4621461055348477 -76.55650160357133,3.462135224834904 -76.55649527653924,3.462124414640997 -76.55648810535472,3.4621135339409417 -76.55648093410382,3.4621008870722667 -76.55646534666694,3.4620673720618327 -76.5564545556068,3.462048750381407 -76.55644829869986,3.4620360329394777 -76.5564410572888,3.4620243039743603 -76.55642972553407,3.4620102618726083 -76.55642248412083,3.461998463273452 -76.55640935107346,3.461971113028545 -76.55640309330218,3.4619593134875437 -76.55639676627241,3.4619485041972498 -76.55639135268572,3.4619376234296904 -76.55638360552396,3.4619263665467725 -76.55637819193754,3.461915485779129 -76.55636247615705,3.4618910801500853 -76.55635256333342,3.461869390022399 -76.55634882819757,3.4618598394694806 -76.5563434848767,3.4618507963100877 -76.55633532918915,3.4618408335473068 -76.55632274456119,3.461822746395867 -76.55631733111385,3.4618155399457713 -76.55628134722849,3.4617559600220535 -76.55627593457855,3.4617459971549613 -76.55626960668344,3.461736035226781 -76.55625301775025,3.461706001944655 -76.5562485177151,3.4616978766540387 -76.55624317446485,3.461690670200833 -76.55623776098449,3.4616825449446758 -76.55620972550768,3.4616490249737466 -76.55620431195919,3.461639063010577 -76.55619081375643,3.4616173721119954 -76.55618272816801,3.461604725275339 -76.55617372920047,3.461593844641642 -76.5561647301672,3.4615811978392674 -76.55615481765459,3.461567632265656 -76.5561458177904,3.4615568221699355 -76.55613773316894,3.461545941501422 -76.55613140537938,3.4615387350846323 -76.55612514861717,3.461529691958307 -76.55611790734571,3.461521496232022 -76.55610982186175,3.4615116040027516 -76.55610265078636,3.4615034082737015 -76.55609540948372,3.461494365184219 -76.55608823751125,3.4614862399933113 -76.55607382510236,3.4614681520027437 -76.55606756834116,3.461459108876013 -76.55605941265988,3.461449147015039 -76.55605132804294,3.4614383368839645 -76.55604232817853,3.46142745624898 -76.55603157165399,3.4614174935811257 -76.55602341600762,3.461408450525403 -76.55600365972231,3.4613903627343543 -76.55599191869192,3.46138131890856 -76.55598116227077,3.4613741117525136 -76.55597124906501,3.4613659866634823 -76.55596042157995,3.4613596277772163 -76.55595142185365,3.461352420554976 -76.55593883760902,3.4613442955656826 -76.55592716684107,3.4613370179050347 -76.55591542501426,3.4613307295907036 -76.55590466859165,3.4613234518955434 -76.55589475455515,3.4613171635125477 -76.55588484145018,3.4613117233967703 -76.5558767562033,3.4613081199193685 -76.5558677565775,3.4613035976704976 -76.55585875788313,3.461299923688863 -76.55585067260246,3.4612954014056525 -76.55583808759276,3.4612908792904578 -76.55582725937931,3.4612891126219107 -76.55580834695,3.461287275716758 -76.55573817927328,3.4612682673771444 -76.55572018112434,3.4612646633632194 -76.55571026728758,3.461263744926645 -76.55568235533593,3.4612601403765657 -76.5556598566911,3.4612601403086183 -76.55564238154197,3.461260094836743 -76.55562888242258,3.4612619311405664 -76.55561812540165,3.461262778902943 -76.55556054173684,3.4612700537104173 -76.55553712897739,3.4612763415230745 -76.55552630183034,3.4612790965320666 -76.55550332712586,3.4612794292737448 -76.55549348451946,3.4612821851502718 -76.55548448512593,3.4612839507473687 -76.55547548486867,3.4612867056882246 -76.55545298638853,3.4612912263920537 -76.55544398702847,3.4612939107943532 -76.5554313312556,3.461298432038413 -76.55542233102905,3.4613020352461263 -76.55541248765387,3.4613083939972937 -76.55539330264975,3.461309526029656 -76.5553833889779,3.4613131292706885 -76.55537354546823,3.461315813703443 -76.55535458385091,3.461322439569252 -76.55532866717247,3.4613214059630604 -76.55531966791219,3.461326845876604 -76.55531158206338,3.4613313669508656 -76.55530349618104,3.461334970123807 -76.55529266913042,3.461340410104331 -76.55524844986222,3.4613533934757483 -76.55523495090513,3.4613597523593334 -76.55522679489324,3.4613651922410367 -76.5552169514801,3.4613705607420306 -76.55520795225209,3.461376919460101 -76.5551962100196,3.461384125641714 -76.55518545229697,3.461390483519724 -76.55516646213904,3.4614042880036453 -76.55515837715545,3.4614078902709817 -76.55514396381858,3.4614133303811814 -76.55512962064402,3.4614178516830054 -76.55511576006685,3.46142862373883 -76.55510408880079,3.4614322975794756 -76.55508158957912,3.4614413399555652 -76.55507167593791,3.4614458610945924 -76.55506000463568,3.461448545590884 -76.55505100527299,3.4614512299894553 -76.55502759164139,3.461458506229045 -76.55503026351931,3.4614567987447664 -76.55500685068785,3.4614613194713844 -76.55496550916514,3.461466757847653 -76.5549456825848,3.461470360540852 -76.55493668319102,3.4614721975753118 -76.55492587070978,3.4614824639934705 -76.55491687131581,3.461484300123406 -76.55490622085713,3.461495472680328 -76.55489479185279,3.4615040868982985 -76.55487764819087,3.461512701323806 -76.55485907556925,3.461525623154266 -76.55480496879,3.461544483240746 -76.55479055528666,3.4615454007601985 -76.55477171228169,3.461547237245493 -76.55476088506086,3.4615480840963473 -76.55474555721223,3.4615490025525637 -76.55472221531083,3.461549001588534 -76.55469156054622,3.461551755496346 -76.554668217808,3.4615535216039697 -76.55465647621148,3.4615535211236215 -76.5546474768163,3.4615553572509983 -76.55463580547865,3.4615571229364783 -76.55462497826011,3.4615580412283373 -76.55461330692495,3.4615598783560992 -76.55459439375376,3.461562562203422 -76.55458448001315,3.4615643983631514 -76.55457189522998,3.461566164080751 -76.55456198145654,3.4615670823389917 -76.55455298199561,3.461567082662964 -76.55454039711668,3.4615661634059376 -76.55453048324759,3.461564396689639 -76.5545169847624,3.461558955784104 -76.55450707159974,3.461551749485218 -76.55449898622514,3.4615444716779806 -76.55447398628489,3.4615349598634517 -76.5544667449973,3.4615259158569955 -76.55446048741369,3.4615186388881325 -76.554453246159,3.4615105136871605 -76.5544469894454,3.461502388450804 -76.55444248942655,3.4614942631513803 -76.55444066221483,3.4614852198547945 -76.55443707698946,3.461464377746679 -76.55441942618594,3.461409101732851 -76.55440825329748,3.4613820679065097 -76.55440283967397,3.461369420958528 -76.55439566903537,3.46134773071129 -76.55439201390647,3.4613350837002335 -76.55438809902199,3.461306331374762 -76.55438268671801,3.461280119383317 -76.55438092864277,3.461266554402997 -76.55437818853686,3.4612222555914216 -76.55437852170942,3.4611261671430644 -76.55437943650571,3.461113519968253 -76.5543794368921,3.461099037023648 -76.554380350821,3.461087308654462 -76.55438035130257,3.461075509779753 -76.55438218018803,3.4610556568211748 -76.55438752474237,3.4610240048619794 -76.55439026745574,3.4610149614015167 -76.55439385399724,3.460996875452919 -76.55439568233321,3.4609869132195867 -76.55439835391813,3.4609769518603746 -76.55440018225401,3.4609669896270296 -76.55440194036404,3.4609561800331528 -76.55440735546398,3.46093441970089 -76.55441002698593,3.460922691268656 -76.55442085693153,3.460872035391165 -76.55442268520427,3.4608603069891095 -76.55442444324865,3.460847660688299 -76.55442535807423,3.4608358617807564 -76.55442718640957,3.4608258995473338 -76.55442803023723,3.460816856154812 -76.55442985857506,3.460806965363944 -76.55443253096124,3.4607942484920944 -76.55443527267825,3.460782520057244 -76.55443703075491,3.4607707916576613 -76.55443977340188,3.460759911490142 -76.55444244582294,3.4607481839620857 -76.55444603168588,3.4607363849586914 -76.55444877430251,3.460724656523759 -76.55445144665812,3.4607110922887925 -76.55445686146683,3.4606812064951513 -76.55445868983422,3.4606721630672497 -76.5544604478778,3.46065951676633 -76.5544640337427,3.460647788301075 -76.55447127650018,3.4606224250271986 -76.55447394888782,3.4606097786934176 -76.55447753468707,3.4605962135212214 -76.5544802772376,3.4605826483792885 -76.55448836469081,3.4605473934452267 -76.55449103617809,3.460534747111414 -76.5544937787911,3.4605229481380864 -76.55449645114551,3.4605093839029477 -76.55449827932115,3.4604949705264034 -76.5544991940827,3.4604814054500537 -76.55450095209271,3.4604678403434046 -76.55450278039393,3.460456960208498 -76.55450453927115,3.460442477200527 -76.55451086790795,3.460398178967044 -76.55451178276475,3.4603872979605974 -76.5545135409052,3.460377407172016 -76.55451445486204,3.460366527069931 -76.55451445540741,3.46035656490195 -76.55451537029683,3.4603466027011054 -76.5545171989846,3.4603213101595514 -76.55451719952994,3.460311347991561 -76.55451895763751,3.4603005383973415 -76.55452078632256,3.4602751744131957 -76.55452170028174,3.4602643648493077 -76.55452345835396,3.46025256591123 -76.55452437318034,3.4602408384460226 -76.55452620144817,3.4602290395054105 -76.55452795942718,3.460214626131257 -76.55452887421826,3.460201909322196 -76.55453070248848,3.4601901809197932 -76.55453154708631,3.4601775346514727 -76.55453696163303,3.4601404431059493 -76.55453878996595,3.4601304808721904 -76.55454054807295,3.4601196712778948 -76.55454420477136,3.4601006665203045 -76.55454596371273,3.4600880193147248 -76.5545477920455,3.460078057985275 -76.55455046359363,3.460067177819864 -76.55455137851517,3.4600581344245485 -76.55455320684777,3.460048172190746 -76.554554050578,3.4600364447280247 -76.55455587891055,3.4600264824942135 -76.55455770779056,3.4600066295349103 -76.5545585515509,3.4599957494352322 -76.55456038046098,3.459976743838969 -76.55456220876316,3.4599659342420774 -76.55456488124354,3.4599559728821943 -76.55456755279116,3.459945092716713 -76.55457205302856,3.459934283023623 -76.5545747957044,3.4599243207568433 -76.55458021002582,3.4599062347413954 -76.55458196806647,3.459893588440072 -76.55458288208762,3.4598845450447295 -76.55458471041959,3.459874582810838 -76.55458738357262,3.459858262158386 -76.55462342626143,3.4597801840857296 -76.55463059826837,3.4597647820765625 -76.55465328361888,3.459727065010867 -76.55457682165648,3.4597273472065315 -76.55455309040522,3.4597352474376826 -76.55454358620544,3.4597384111477423 -76.55425071895166,3.459835904561322 -76.55425009079121,3.4598359271921253 -76.55420214951904,3.4598520731109845 -76.55399463547417,3.459919217495542 -76.55373524724907,3.4600253740103213 -76.55351696612043,3.4601164338405046 -76.55339045910524,3.4601692080737507 -76.55324433226887,3.460218780714427 -76.55302491911587,3.4602892243171004 -76.55282094611823,3.46035470977056 -76.55265888998245,3.460397925381018 -76.55266246878483,3.460443122176536 -76.552669658802,3.4605339118655656 -76.55266981275805,3.4605358561832658 -76.55267036285842,3.4605428041799615 -76.55268295214461,3.460701769786014 -76.55269113440646,3.460727276311513 -76.55270378888761,3.460764369040705 -76.55271278677017,3.4607978581142316 -76.55271278638702,3.4608131893265655 -76.5527127853802,3.4608367165382767 -76.55271278440432,3.4608611616512612 -76.55271004150656,3.460891894707445 -76.55270828272276,3.460909981492122 -76.55270286916735,3.4609253128886386 -76.5527001257525,3.460940714732498 -76.55269478161634,3.4609597195404063 -76.55269112550177,3.4609705291958557 -76.55268212557462,3.4609832462781633 -76.55266503990737,3.4610040176537957 -76.55264886837256,3.4610185002438567 -76.55263445430747,3.461029309360159 -76.55262728291649,3.461037504698652 -76.55261462731377,3.46104739585367 -76.55259578446586,3.4610537530723673 -76.55258137102683,3.4610564376310715 -76.55255528613348,3.461057354607638 -76.55253187404789,3.4610573544960705 -76.55250754752755,3.461054668536221 -76.55248954843282,3.4610492277536835 -76.55247429150334,3.461044705683772 -76.5524526367094,3.4610356612441198 -76.55244455141616,3.4610302210302617 -76.55243646612298,3.4610247799119964 -76.55242838086063,3.461020258503617 -76.55241938215353,3.461015736221641 -76.55241129689131,3.4610112139087765 -76.55240314053349,3.461006692502575 -76.55239414185728,3.4610030881216387 -76.5523851422506,3.460998566743698 -76.55237614267462,3.4609949632669568 -76.55236714315761,3.4609931259588054 -76.552357300394,3.4609913592171835 -76.55234830087704,3.4609895219088522 -76.55233930139072,3.4609886025017205 -76.55232847411735,3.4609877545985417 -76.5523185602558,3.4609859173206785 -76.55230864732482,3.460984998848303 -76.55229964783857,3.460984079440792 -76.55228980420578,3.4609832315041156 -76.55227989127482,3.4609823121271 -76.55227089184973,3.460983230330559 -76.55226189236355,3.460982311827024 -76.5522528928774,3.460981393323404 -76.55224297904654,3.4609804739460306 -76.55223306611569,3.4609795554728593 -76.55222315222625,3.4609768699265975 -76.55221415274016,3.4609759514226055 -76.55220339566043,3.460975032073075 -76.55219439620485,3.460975032374519 -76.55218539672119,3.4609741844084803 -76.55217639798519,3.460968743318548 -76.55216831266364,3.4609623842966744 -76.55215839952471,3.460955177972816 -76.5521503142034,3.460948818950784 -76.55214490079238,3.4609416124762786 -76.55214040076531,3.4609325683599543 -76.5521368160414,3.4609252912860318 -76.55213316022419,3.4609180847526964 -76.55212781703727,3.460911725638802 -76.5521205749374,3.460904519225261 -76.55211431830598,3.4608981601418063 -76.55210799061166,3.4608927904045346 -76.55210166291509,3.460887350128992 -76.5520944919697,3.460881909881558 -76.55208816427327,3.460876469605923 -76.55208099326963,3.46086926228536 -76.55207466560371,3.4608647408152575 -76.55206566593914,3.460858381822981 -76.55205666717696,3.4608520933688145 -76.55204682420312,3.460843897697555 -76.55203782459954,3.460839375411926 -76.55202699720687,3.460834853187099 -76.55201708418916,3.4608312497373253 -76.552006327053,3.4608285642168384 -76.55199641403543,3.4608249607668453 -76.55198650017618,3.460823123485469 -76.55197658721691,3.4608212862039585 -76.55196491576667,3.4608195195190348 -76.55195500193777,3.460818600138618 -76.55194508900883,3.460817681662404 -76.55193791719509,3.460813159315082 -76.55192800417794,3.4608095558643663 -76.55191809116087,3.460805952413545 -76.5519100059608,3.4608031962650245 -76.55190192058437,3.4607950710721247 -76.55189467932671,3.460786027949859 -76.55188750823473,3.460776066019578 -76.5518820947385,3.460766174569188 -76.5518749235865,3.4607543750275442 -76.55186768229922,3.460744413099429 -76.55186051123796,3.4607353690702216 -76.55185334017688,3.4607263259452936 -76.55184518454789,3.460716433681177 -76.55183801351487,3.460708237919193 -76.55183168579327,3.4607019502787284 -76.55182360038826,3.460692906279496 -76.55181642938571,3.4606856293229735 -76.55181336229911,3.4606833993312525 -76.5518065162523,3.4606784220909925 -76.55179751749118,3.4606720630960743 -76.55178851786265,3.4606666934449586 -76.55177951823188,3.4606612523511915 -76.55176960512674,3.4606548933862196 -76.55176151987064,3.4606503719720383 -76.5517516068258,3.4606458497138046 -76.55174084966242,3.4606422462889617 -76.5517309367055,3.4606404090048444 -76.55172102288095,3.460639560160177 -76.55171110902414,3.46063772287588 -76.55170035279096,3.460635038256178 -76.55168319782729,3.4606286786246496 -76.55167152698262,3.460617798035268 -76.55165894245887,3.4605997108201976 -76.55165802860218,3.460587063707744 -76.55165802914973,3.460576254176457 -76.55165802969499,3.46056537410694 -76.55165802967578,3.460564784479702 -76.55165802940017,3.460556330744385 -76.55165802997536,3.460546368576164 -76.55165535858576,3.4605355591328215 -76.55165085940534,3.460524678307061 -76.55164270380783,3.4605156343085275 -76.55163461852358,3.460510194087593 -76.55162111931679,3.4605092748215642 -76.55160762019973,3.4605111110679174 -76.55159770649159,3.4605137954636964 -76.55158870712995,3.460516551271904 -76.5515770358587,3.4605201536264945 -76.55156712218024,3.4605237568275906 -76.55155636528293,3.460528277957552 -76.55155285823167,3.460529354232764 -76.55154462291574,3.4605318803140763 -76.55153386596089,3.4605346352750734 -76.55152303877816,3.4605364017987195 -76.55151403851613,3.460539156701911 -76.55150503912188,3.460540922261124 -76.55149512541541,3.460543677194058 -76.55148521260655,3.46054636158863 -76.55147536909568,3.4605491165190596 -76.55146545538678,3.4605518009134553 -76.55145645599463,3.4605536379147708 -76.55144745660014,3.4605554034734354 -76.55143662848961,3.4605563217287134 -76.5514267156233,3.460557239953964 -76.55141687205274,3.4605581581768465 -76.55140695822702,3.460557238790643 -76.55139437333438,3.4605554015902205 -76.551382631663,3.4605527160947065 -76.55137271867801,3.4605499609055097 -76.5513619615171,3.4605463565719865 -76.55135204850484,3.4605427531151607 -76.5513412211484,3.4605391496880236 -76.55133046395811,3.4605346274528355 -76.55131963660185,3.460531024025448 -76.55130796596744,3.4605265018197424 -76.55129713860906,3.4605228278538664 -76.5512854670749,3.4605183056479114 -76.5512764675371,3.4605156200618787 -76.55126564021077,3.4605129345351706 -76.551254883078,3.4605101793721658 -76.5512458835699,3.4605084125914805 -76.55123597052892,3.4605038903277854 -76.55122514314382,3.460499368093666 -76.55121797220629,3.4604939278394613 -76.55120805907707,3.460486650062884 -76.55119997379778,3.46048128037643 -76.55119273173536,3.4604749213186943 -76.55118464729723,3.46046771492513 -76.5511756476423,3.4604613559242345 -76.55116847667584,3.4604549968640015 -76.55115947699394,3.4604477904998703 -76.5511504782121,3.4604405832312852 -76.5511423928429,3.460432387493507 -76.55113339403192,3.4604242623234485 -76.55112615281374,3.460416137096436 -76.55112235848762,3.460411210395227 -76.55111989523559,3.4604080118375466 -76.5511153961773,3.4604007347891557 -76.55111356830297,3.4603980498739038 -76.55111089619196,3.460392609473355 -76.55110639702069,3.4603817991831343 -76.55110274118165,3.4603736033017674 -76.55109739876212,3.4603627939430965 -76.55109289874773,3.4603537498215555 -76.55106732510824,3.4603286417513086 -76.55102715892211,3.460389920872847 -76.5510038096311,3.4604959007923726 -76.55066283265148,3.4604270012956295 -76.55058473428647,3.460476773023106 -76.55046282274367,3.4605188882124938 -76.55035233995578,3.4605437763242843 -76.55025708979615,3.460371503263904 -76.55030720472793,3.46030398032383 -76.55025863325558,3.4600263180591933 -76.55025230552025,3.460019110697931 -76.55024330674708,3.4600118337866506 -76.55023522142004,3.460004626480486 -76.55022896385216,3.4599965012155343 -76.55022263704357,3.459990142121467 -76.55021722365252,3.4599829356355913 -76.55021272364827,3.459973892414033 -76.5502109666182,3.459963011495055 -76.55020913854965,3.4599539681896205 -76.55020463944557,3.4599449249679886 -76.55020105381384,3.459936799619001 -76.55019655470991,3.459927756397325 -76.5501911412909,3.4599196311056253 -76.55018572787195,3.459911505813892 -76.55017855685918,3.4599033100389915 -76.5501713156816,3.4598961036101263 -76.55016681573518,3.4598888970953117 -76.55016055906641,3.4598807012916186 -76.55015423136128,3.459874412735324 -76.55014706043451,3.459868972472824 -76.55014073272737,3.459862613378207 -76.5501362328098,3.4598563247645644 -76.55013264726223,3.4598508843897147 -76.55012906258618,3.4598445261134962 -76.55012456269725,3.4598391563054576 -76.5501200628062,3.459833715959166 -76.55011197832465,3.4598246719448813 -76.55010470377802,3.4598151341375876 -76.55010297941438,3.459812873350794 -76.55008856576367,3.459808351215589 -76.55007682480829,3.459799307315255 -76.55006965391092,3.459794784953477 -76.55006248293063,3.459787578521555 -76.55005615525296,3.4597821373276787 -76.55004982760379,3.4597776158437594 -76.55004356998224,3.4597676538705215 -76.5500381574108,3.4597577624091067 -76.55003098555724,3.4597514033400616 -76.55002107241857,3.4597432781876685 -76.54999674754826,3.4597052660743213 -76.54997425030137,3.459661885763209 -76.54996975114427,3.4596510049290363 -76.5499589945917,3.459637439315101 -76.54994458159408,3.4596247926204176 -76.54993466865102,3.4596229553172884 -76.54992566912537,3.4596202697182306 -76.54991575612806,3.4596166662461316 -76.54990767091769,3.459613062717162 -76.5498977569641,3.4596076216335625 -76.54989058612333,3.4596048663434957 -76.54988967175386,3.459604018104437 -76.54988067307204,3.4595994967022534 -76.5498725878055,3.4595940555616416 -76.54986626007381,3.459586778563785 -76.5498589397006,3.4595794003109974 -76.54978226772748,3.4595101151515246 -76.54971026493202,3.4594492229867586 -76.54966274879739,3.4594202368557267 -76.54961771684148,3.459402094542401 -76.54959032291657,3.459384783674627 -76.54957517722504,3.4593672662413835 -76.54956957188517,3.4593512054008415 -76.54956293276993,3.4592844827682563 -76.5495468932748,3.4592320263290257 -76.5495459347393,3.459228891928812 -76.54954137000121,3.459221566040447 -76.54948748787763,3.4591694146168437 -76.54948496623122,3.459169293512962 -76.54947117911732,3.4591701611933474 -76.54945746337884,3.4591802711883473 -76.54944455775244,3.459195761959379 -76.54943619665521,3.459205066931088 -76.54942705253688,3.4592120667734108 -76.5494116279825,3.4591983204283268 -76.54939697742672,3.4591861105267405 -76.54938003201502,3.4591739196859708 -76.5493630775576,3.4591601815257524 -76.54934766202786,3.4591472129085385 -76.54933688137051,3.4591395887774996 -76.54932299576862,3.4591273707124173 -76.54930758023995,3.459114402094532 -76.54929292966342,3.459101415366406 -76.549277505113,3.459087677158096 -76.54926591432249,3.459073903563972 -76.54926122616908,3.4590623915052 -76.54925960680009,3.459050083537266 -76.5492595083127,3.459036997793922 -76.54925942787042,3.459025449421745 -76.54925931131454,3.459010048577998 -76.5492599868016,3.4589977224536366 -76.54925912336235,3.4589846457768685 -76.54925597408949,3.4589723459943906 -76.54925129495926,3.4589616026211254 -76.54924509404773,3.4589516361189094 -76.54923120028099,3.458937111995061 -76.54922040972782,3.458929496906295 -76.54920888219023,3.4589241878973267 -76.54919505892039,3.4589196747737256 -76.54918199155698,3.458913615211942 -76.54917119285862,3.4589044537077624 -76.54915961109437,3.45889144879784 -76.54914802033097,3.4588784438880413 -76.54913489966434,3.4588654571110755 -76.54912102309146,3.458854007728491 -76.54910714651919,3.4588425673890604 -76.54909250497224,3.458830358386649 -76.54907709849658,3.4588189171886143 -76.54906245609635,3.45880824555748 -76.5490501364963,3.458799102184468 -76.54903474808965,3.4587899769904746 -76.54902398462973,3.458785436642059 -76.54900863145906,3.4587809326051286 -76.54899176649819,3.458780280181779 -76.54897414560823,3.4587804154577824 -76.5489572896471,3.458779772981245 -76.54894577932626,3.4587783164412 -76.548940313858,3.458774572652991 -76.54893045342992,3.458783081849382 -76.54891065423463,3.4587986352193782 -76.54889778457716,3.458813284949249 -76.54889022449774,3.4588249511143148 -76.54888338434613,3.4588357120170956 -76.54887582419654,3.4588450260032975 -76.54886511433553,3.4588574157315666 -76.54885143454771,3.4588660064317733 -76.54884072540383,3.458872245768489 -76.54882695557569,3.4588792990993062 -76.54881012672388,3.458882462970886 -76.54879926449348,3.4588854702137297 -76.54879921932408,3.4588796499065766 -76.5488037015094,3.4588649913853655 -76.54880742778799,3.4588518874408414 -76.54881038006924,3.458837237104341 -76.54881258548879,3.458825679620342 -76.54880637643802,3.4588141856913848 -76.54880396505705,3.4587995807319882 -76.5488038313644,3.458782650655857 -76.54880295890942,3.4587688052929626 -76.54880132150276,3.4587549689962827 -76.54879737117349,3.4587388357544584 -76.54879263872549,3.458720404617397 -76.54878712238177,3.4587004460796775 -76.54878160693794,3.458680477594188 -76.54877845769528,3.4586689564435473 -76.54877371534866,3.4586505262109895 -76.54876977404267,3.458635169793635 -76.54876432996798,3.4586244354840145 -76.5487596418231,3.458612931561602 -76.54875877839108,3.4585998548842114 -76.54875791495908,3.4585867782068167 -76.54875704250497,3.4585729328438157 -76.54875617005091,3.4585590874808103 -76.54875531566383,3.458547548174872 -76.54875289526248,3.4585321835730114 -76.54874817183827,3.4585145120778704 -76.5487434656045,3.458499934316735 -76.54873798539697,3.458484586988434 -76.54873021937975,3.4584707951866904 -76.5487224804518,3.458460079031895 -76.54870705589732,3.4584455730323995 -76.54869320642509,3.458437215568414 -76.54867860012384,3.4584296367603082 -76.54866093493911,3.4584228448155145 -76.54864478159101,3.4584137368201495 -76.54863090413116,3.458402305516911 -76.54862083511698,3.45838699449759 -76.54861150306569,3.458368591530397 -76.54859983190532,3.4583448340571183 -76.54859758190801,3.4583400827408113 -76.54858893471865,3.4583218271598777 -76.54857576888962,3.458302690889204 -76.54856186519828,3.458286637522724 -76.54854725080088,3.4582790587127787 -76.54853497546775,3.458275305176041 -76.54852508419593,3.4582753778156134 -76.54852271824619,3.458275395067992 -76.54850667240075,3.458280142403874 -76.54849138156187,3.4582833342586965 -76.5484760916006,3.4582857664707323 -76.5484638343789,3.45828585636192 -76.54845076792894,3.458279804928837 -76.54844150724743,3.4582706442750375 -76.54843453325317,3.458259149461662 -76.54842832425582,3.4582492019451334 -76.54841908251848,3.458241577757967 -76.54841626027138,3.4582406934002083 -76.54839988655866,3.4582355626782397 -76.54838607230225,3.4582310585857257 -76.54837377982665,3.4582257676756294 -76.54835687869917,3.4582189666592305 -76.54834537738564,3.458217519154891 -76.54832546162942,3.4582169029826777 -76.54831168352777,3.4582177796891616 -76.54829714951893,3.458220202832745 -76.54828340752655,3.4582249229671533 -76.54826892681525,3.458234273325017 -76.54826262740067,3.458240697914918 -76.54826056569226,3.4582428005572967 -76.5482491628071,3.458252892380453 -76.54823915614212,3.458246045943164 -76.54823911458968,3.4582406986036704 -76.5482390829744,3.4582366544125347 -76.54823906671315,3.4582345066142315 -76.54823967901632,3.458215262319228 -76.54823951820158,3.4581937119892143 -76.54823859245816,3.458172948454195 -76.54823847594153,3.4581583253391535 -76.54823605550469,3.458141414320643 -76.5482305753297,3.4581268356750825 -76.54822436629051,3.458115341742037 -76.54821813923033,3.458103078219257 -76.54821112910871,3.4580869721942635 -76.54820186028708,3.4580762642188203 -76.54818719169867,3.4580617581885047 -76.54816945513942,3.4580449633723003 -76.54815093468645,3.458026641154564 -76.54813547403887,3.45800829081278 -76.5481223271889,3.4579914696360183 -76.54811304030379,3.4579784556025412 -76.5481060573165,3.4579669707345837 -76.54810596788894,3.457955422362194 -76.5481043304717,3.4579408173780917 -76.54810267501101,3.457924665075038 -76.54810103763823,3.457911597462689 -76.54809863529229,3.457897770230094 -76.54809814022443,3.457894324723074 -76.5480962058592,3.45788085921137 -76.54809377732612,3.4578639472882706 -76.54808985409953,3.457850888785816 -76.5480843739063,3.457835542357737 -76.54807892082258,3.457824047497292 -76.54807271180937,3.4578133222490335 -76.54806496385041,3.4578010678127558 -76.54805496531311,3.4577949900590537 -76.548041142065,3.4577904769182903 -76.54802579883663,3.4577867505940967 -76.54801121061575,3.45778147783259 -76.54799735213744,3.4577723426291755 -76.54798727321868,3.457756263821503 -76.54798022787328,3.457735544775979 -76.54797394662329,3.4577163540366516 -76.5479434375948,3.4577450386608217 -76.54794244691887,3.457750645574823 -76.54793881749305,3.4577521269828564 -76.54793092778903,3.457755347553005 -76.54791490811371,3.457762400935757 -76.54789888931738,3.4577687308491405 -76.54788205969325,3.4577757833504217 -76.54786685084223,3.4577820228062235 -76.54785380086534,3.457785187455905 -76.54783697207596,3.457789980019848 -76.54782554285156,3.4577916072505985 -76.5478133028434,3.457795495345435 -76.54780548148963,3.457797153219373 -76.54780603190598,3.4577849410455728 -76.54782842437142,3.4577567269148455 -76.54784398478765,3.4577395630665158 -76.5478512029432,3.457729643192862 -76.54784837771571,3.4577188717242495 -76.54784214159767,3.457704303045757 -76.54783208074693,3.4576905293891955 -76.54782277582596,3.4576759779814683 -76.54781499174196,3.4576591114287663 -76.54780875564649,3.4576453023925557 -76.5478025285728,3.4576322701809574 -76.5478006925926,3.457628848225132 -76.54779553654826,3.457619238895685 -76.54778777142975,3.4576046783998615 -76.54777846651055,3.457590136035024 -76.54776686673883,3.457575602779488 -76.5477552940533,3.4575641442665965 -76.54774372951155,3.4575542321684742 -76.54773294888524,3.457546617966333 -76.54771526563742,3.457536759399525 -76.54770448413342,3.457529912978636 -76.54769293855695,3.4575223069370167 -76.54767908818519,3.4575131816762994 -76.54766524775671,3.457505593786881 -76.54765764671852,3.4575011772260313 -76.54765091317961,3.457495168103958 -76.54758075370475,3.457432549341118 -76.54752254037288,3.4573805932622568 -76.54744428573183,3.4573107499766866 -76.54744009905927,3.4573057156552376 -76.54742929133172,3.457294257116489 -76.54742002254848,3.4572843277666703 -76.54740844082798,3.457271331877859 -76.54739993699567,3.4572613925584155 -76.54738835527598,3.45724840571271 -76.54737832064289,3.4572384754798584 -76.54737059078293,3.457229304824088 -76.54736286090133,3.4572193573433254 -76.54735511297814,3.457207880630231 -76.54734199235884,3.4571948938275385 -76.5473288717186,3.457181147382122 -76.54732113283838,3.4571711989969183 -76.54731338491611,3.4571597231878 -76.54730410707108,3.4571474778316453 -76.54729635824899,3.457135992074704 -76.54728861030577,3.457123747579466 -76.54727932346199,3.4571115022233077 -76.54727157554044,3.4571000164661245 -76.54726075877484,3.4570870205538125 -76.54725148999533,3.4570770902979318 -76.54724218508925,3.4570625397885224 -76.54723444618942,3.4570518227166662 -76.54722588812825,3.4570334278521555 -76.54681742518633,3.4568362921459688 -76.5466828497281,3.4567713428176217 -76.54785289944759,3.456159218749119 -76.54788792822296,3.456140691502843 -76.54803131507968,3.4560833940229325 -76.54841476085467,3.45595390444935 -76.54854825110992,3.455900282405702 -76.54840132263071,3.4556963498458653 -76.54819261631656,3.455409868530282 -76.54799409008453,3.4551489660255785 -76.54796864013036,3.455067116180821 -76.54796355266193,3.455000613238609 -76.54797882784072,3.4549238807574882 -76.5480195564559,3.454862495935002 -76.54805519335383,3.4548062261853394 -76.54818500894817,3.454719131192198 -76.54815231513,3.4546911130915023 -76.54810564444158,3.454666229826555 -76.54803992549598,3.454636561364395 -76.54793229849199,3.4545867961385905 -76.547841339361,3.4545399016881158 -76.54770036005156,3.454470086449808 -76.54758025178005,3.454514249537768 -76.54742250475698,3.454538180961307 -76.54726178028858,3.45451425857734 -76.5470534326524,3.4544514555565224 -76.54687937243747,3.454377883602938 -76.54666208347022,3.4542313075400983 -76.54660697017769,3.454194129979726 -76.54650981903747,3.454094595051813 -76.54645838450858,3.453983573791167 -76.54641265921923,3.453673477176416 -76.54639360540516,3.453495459070217 -76.54626977762763,3.4530666857889947 -76.54615737919437,3.452672367396707 -76.54608117762264,3.4524273539612262 -76.54595353669244,3.4518818146139485 -76.54589828941661,3.4516387150770838 -76.54588717168438,3.4515400522653117 -76.5458639937722,3.4513343615534735 -76.54582398406076,3.451049149364926 -76.54571921195299,3.4508883602219513 -76.54557253461503,3.450806054111859 -76.54534195061655,3.450783293500625 -76.54523764083369,3.450783288988823 -76.54512498511325,3.45082101902647 -76.5450123281198,3.4508797124750092 -76.5449080153205,3.4509384066000863 -76.54481204714212,3.45101387232466 -76.5447077341568,3.4511019166684935 -76.54460342200358,3.4511522248477724 -76.54454083476023,3.4511773787450797 -76.54448177112815,3.451181085305096 -76.54447242477538,3.450332464310544 -76.54448142929138,3.4502149003373415 -76.54448145509778,3.4496632532548777 -76.54448000234727,3.4496530324802124 -76.54447748926917,3.4495986303716477 -76.54447726956609,3.449593869949752 -76.54446844467031,3.449552476881217 -76.54444196846838,3.44947560351842 -76.54440960684508,3.449404642855048 -76.54434980186484,3.4493395312239974 -76.5443389969571,3.4493277678856233 -76.54423602258709,3.4492449775501974 -76.5441389324436,3.449179927426662 -76.54406537995354,3.449108965061666 -76.5440241936443,3.449002523863539 -76.54398300895888,3.448851733999513 -76.54393594066211,3.448706857734875 -76.54389769533411,3.448635896293171 -76.54382708233798,3.4486122405850077 -76.5437093934722,3.4486122344229337 -76.54357993287877,3.4486624915572914 -76.54326510837434,3.4487896108861777 -76.54302678442639,3.448875341338701 -76.542685480394,3.4489758500955885 -76.54256484688119,3.449014280876527 -76.54253783348109,3.448932828815086 -76.54252954541272,3.448907840379807 -76.54273550584412,3.4488161946400178 -76.5433180794555,3.448564910018939 -76.54335067379505,3.448549470402356 -76.54373000059192,3.4483697921435934 -76.54406836427067,3.4481983243171173 -76.54423901706757,3.4481332865160335 -76.54437730221123,3.4481155535341723 -76.54448027919793,3.448127385089738 -76.54457148722717,3.44815399831309 -76.5445924640355,3.4481642547667026 -76.5446487252466,3.4482026225298505 -76.54472373866722,3.4482524070607026 -76.54481449318043,3.4483158032565573 -76.54498548302766,3.4482705937958595 -76.54505747838796,3.4482615539988473 -76.54519247043541,3.4482344303525445 -76.54528246422943,3.448216347609596 -76.54549845094934,3.448180183864881 -76.5455884449687,3.4481711444583336 -76.54569643741968,3.4481530621051766 -76.54581343034012,3.4481440246741015 -76.54605641239102,3.4481440353531965 -76.54627239709293,3.448135001528552 -76.54635339200885,3.4481350056588296 -76.54637139067906,3.4481350060733265 -76.54642538734527,3.4481259648537366 -76.54647038443079,3.448107880511728 -76.54650638307984,3.4480897955095546 -76.5465333821477,3.44806266648292 -76.54656938054815,3.448035537208678 -76.54659637961271,3.4480084090845815 -76.5465963802667,3.447999365719207 -76.54661438064973,3.447963192667624 -76.5466323810314,3.4479270196156833 -76.5466413824862,3.447872760080212 -76.5466413842006,3.447836585714302 -76.54661439004245,3.4477461509938263 -76.54657839484203,3.4476918890767423 -76.54650640363377,3.4476195386999766 -76.54634441782783,3.447565271169502 -76.54624542603007,3.447529093159548 -76.54619143136927,3.4475110033679406 -76.54611943756957,3.4474748273275795 -76.54607444200195,3.4474476948254846 -76.54602944709629,3.4474115189556933 -76.54598445219402,3.4473753430837144 -76.5459574557106,3.447330125170827 -76.54593046012968,3.4472849072570853 -76.54591246297811,3.4472396891019934 -76.54590346497258,3.447221601707061 -76.54588546848427,3.447167341090131 -76.5458854706491,3.447113080896648 -76.5458764730671,3.447076906770224 -76.54588547545704,3.4470226463363365 -76.54589447628538,3.4469774301722884 -76.54591247733664,3.4469322137675737 -76.54593947680968,3.4468869980260712 -76.54596647718012,3.446841782283751 -76.54598447690573,3.446814652608874 -76.54606547733788,3.446688048741243 -76.54610147677674,3.4466337902916284 -76.54611037189026,3.44660697647289 -76.54611947757051,3.4465795305171234 -76.5461374786038,3.4465343150122294 -76.54618247908456,3.4464438828539645 -76.54618248362303,3.446344404926892 -76.54617348818611,3.446253970608387 -76.54616449580031,3.446109276095075 -76.54616449860798,3.446045972534724 -76.54617350073055,3.4459826687313564 -76.54618250219391,3.4459284091979643 -76.54620050297014,3.44587414942125 -76.5462275033,3.4458289336708425 -76.54625450362731,3.4457837179196407 -76.54628150329496,3.445747545533475 -76.54631750161612,3.4457204171724145 -76.54636249990375,3.4456842451994505 -76.54640749753204,3.445657117494522 -76.54645249515775,3.4456299888831263 -76.54647949374768,3.445620946588788 -76.54653349027129,3.445611906267984 -76.54656948817123,3.4456028646290218 -76.54775740600473,3.445467265841476 -76.54779675804669,3.445462324321929 -76.54794748869864,3.445441722813224 -76.5482433328582,3.4454089826696532 -76.54843638472282,3.445363641720746 -76.54859684544107,3.4452830271439034 -76.54879491809636,3.4450890401713563 -76.54891034511994,3.444910632827522 -76.54895434876954,3.4446895845218974 -76.54896335132742,3.4446172373259705 -76.54896335458284,3.4445448903992317 -76.54895435727377,3.4444906295690685 -76.54895435989793,3.4444273260080127 -76.54893636392315,3.444364021176492 -76.54891836731845,3.4443097606147663 -76.54889137231724,3.444255498512591 -76.54888237338426,3.4442374120493633 -76.54867540310657,3.443902797384599 -76.54862141162282,3.443803317434612 -76.54859441575294,3.443749056227519 -76.54858541783705,3.4437038387587613 -76.54858204182189,3.4436908308807297 -76.54857268731939,3.443669026696979 -76.5484966948275,3.4434919010471248 -76.54841843770663,3.4432068582557953 -76.54837713380618,3.443056411314558 -76.54827048796098,3.44262766120614 -76.5481895088087,3.442284008411945 -76.54804554449771,3.4417142687504327 -76.54803251282232,3.4416575129595923 -76.5480185514075,3.4415967030541808 -76.54795556623417,3.4413706152844314 -76.54794656772982,3.4413344411734785 -76.54791057603487,3.4412078323658624 -76.54788358259111,3.441108353397437 -76.54786558610843,3.441054092811061 -76.54783859164536,3.4409817439408017 -76.54779359865215,3.440909395585734 -76.54769461252036,3.44076469641279 -76.54764062170663,3.440647129664864 -76.54744264684761,3.440421036649665 -76.54706469682641,3.4399688499882517 -76.54702870214545,3.4399236314441795 -76.54692071592002,3.439806062537215 -76.54686672289537,3.4397337125764134 -76.54678573341798,3.439643275719506 -76.54672274140452,3.4395799684610138 -76.54666874824565,3.4395347494936397 -76.54656975898702,3.439462398037245 -76.54628178930629,3.43929960356364 -76.54617380174935,3.439227251404364 -76.54614680507154,3.4392001202216087 -76.54611980839526,3.4391729890380605 -76.54606581438767,3.4391277700356824 -76.5460028237759,3.439046375993939 -76.54595783011233,3.4389740266429274 -76.54593983377923,3.438919766016497 -76.54592183985324,3.4388202876495235 -76.54584986310216,3.4384495051819175 -76.54578688233678,3.4381239402077464 -76.54576888735457,3.4380515919379424 -76.54575989095234,3.4379882877008883 -76.54574189464924,3.437934026165032 -76.54573289649849,3.4379068963012847 -76.54567890457068,3.437834546268623 -76.54572390426667,3.4377622008530153 -76.5457419055818,3.437698897709243 -76.54575990798256,3.437608465367207 -76.54576891048191,3.4375270748220266 -76.5457959134363,3.437418555505557 -76.54582291638464,3.437310035283783 -76.54587691787086,3.437165343585906 -76.54589491940354,3.437111083806072 -76.54593091915766,3.4370477819871135 -76.54595791901576,3.4369935228702633 -76.54597591921946,3.436957349823795 -76.54600291931207,3.4369121340731024 -76.54603891773161,3.436866918984962 -76.54610191647238,3.4367855315093907 -76.54611991534821,3.436767445195198 -76.54618291365816,3.4367041444492714 -76.54623691117443,3.436649886405357 -76.54629090868463,3.4365956283583614 -76.54631790767992,3.436577542701249 -76.54635390565784,3.4365504143361894 -76.5464169026251,3.436505200309848 -76.54654289564185,3.4364147713403415 -76.54664189079875,3.436351472293095 -76.54665088977765,3.4363424295831013 -76.54675888455041,3.436261043541685 -76.54678588328056,3.43623391450373 -76.54681288200918,3.436206785465006 -76.54683988138885,3.4361706130579077 -76.54685788113919,3.436152527634023 -76.54686688141875,3.436125397282421 -76.54692088293012,3.435989748890983 -76.54694788571219,3.435881229539623 -76.54695688638975,3.4358360124517624 -76.54698388851233,3.435736536466773 -76.54704689235912,3.435519497508146 -76.54704689406178,3.4354833240373037 -76.5470558962816,3.435429064484777 -76.54705589903571,3.4353657600063396 -76.54704690127394,3.435320543418187 -76.54703790506368,3.4352662825577758 -76.54701091228412,3.435148716814594 -76.54698391910867,3.435049237805899 -76.54696592344438,3.43498593382648 -76.5469479285891,3.4348864554709837 -76.54693893068175,3.4348683680804366 -76.54714592207019,3.434660379330011 -76.54722691808914,3.434578992179462 -76.54729891578722,3.4344976052748133 -76.5473709134731,3.434416217460338 -76.54748790925423,3.4342805717784537 -76.54759590554426,3.434135882065451 -76.54763190404002,3.4340997102837028 -76.54765666891234,3.4340665312708607 -76.5476582132161,3.434067968218066 -76.54766485479998,3.434074070493656 -76.54767153327954,3.434080132072993 -76.54767824955466,3.4340861520517123 -76.54768500182549,3.434092129525528 -76.54769179099196,3.434098065398751 -76.54769861705405,3.4341039587670417 -76.54770547911183,3.434109809630427 -76.5477123762654,3.4341156179889327 -76.54771930941465,3.4341213838425295 -76.54772627855957,3.4341271062868803 -76.54773328190029,3.4341327844177014 -76.54774032033681,3.434138420043637 -76.54774739296911,3.434144011356042 -76.54775449979725,3.434149559259249 -76.54776164082118,3.434155062848922 -76.5477688160409,3.434160521220722 -76.54777602365658,3.4341659352790397 -76.54778326546806,3.434171305023819 -76.54779053967547,3.4341766295507767 -76.5477978462788,3.434181907955574 -76.54780518527807,3.4341871420468846 -76.54781255667326,3.4341923300160335 -76.54781995956442,3.4341974718630466 -76.54782739395161,3.4342025684922586 -76.54783485893483,3.434207618095021 -76.54784235541405,3.434212621575646 -76.54784988248929,3.43421757802982 -76.5478574401606,3.4342224883618795 -76.54786502752799,3.4342273507631766 -76.54787264459154,3.434232167042384 -76.54788029135116,3.434236935390827 -76.54788796690696,3.434241655808531 -76.54789567125894,3.4342463291998326 -76.54790340440708,3.4342509537560577 -76.54791116545148,3.434255531285903 -76.54791895529202,3.4342600599806707 -76.54792677212889,3.4342645407447474 -76.54793461686194,3.434268971769433 -76.54794248859132,3.434273354863428 -76.54795038731697,3.4342776891223927 -76.54795831213903,3.4342819745463538 -76.54796626305742,3.4342862102309724 -76.54797424007215,3.4342903961762494 -76.54798224228331,3.43429453238221 -76.54799027059084,3.434298619753164 -76.54799832319485,3.4343026564804875 -76.54800640099528,3.434306643468493 -76.54801450219226,3.4343105798128954 -76.54802262858566,3.434314466417977 -76.54803077747569,3.4343183023794794 -76.54803895066219,3.4343220876973493 -76.54804714724526,3.434325822371613 -76.54805536542499,3.4343295054979848 -76.54806360700127,3.434333137980749 -76.54807187107416,3.4343367189155942 -76.54808015584379,3.434340248302572 -76.54808846311006,3.434343727045965 -76.54809679107305,3.434347153337154 -76.54811128626038,3.434352974133584 -76.54840677174637,3.434451966899709 -76.54916846735611,3.434696149603861 -76.54934922343057,3.4342376689228327 -76.5493578843736,3.4342412959556574 -76.5493888084023,3.4342433695681622 -76.54945478026919,3.4342599458696195 -76.54952899733468,3.43428066649102 -76.54957847441413,3.43432210259926 -76.54959065133117,3.434325162503597 -76.54964107421772,3.434187648418967 -76.54971145559765,3.434052636924608 -76.54982022504727,3.433924055888866 -76.55008254524456,3.433740831871724 -76.55038325211885,3.4335801119059104 -76.55057199389019,3.4334579635364 -76.55069035940276,3.433342240863406 -76.55080872924445,3.433107577088591 -76.55084392274036,3.432975777926627 -76.55096389812118,3.43257556076103 -76.55105667878489,3.4322894609011527 -76.55113985765153,3.4321287322633136 -76.55117185185763,3.4319969331899585 -76.55128543690749,3.4314070514323207 -76.55135582872776,3.431021297055396 -76.55149500362108,3.4304603486923404 -76.55160058081293,3.4301485326323666 -76.55169655956979,3.429868862430214 -76.55181973245561,3.429494361659918 -76.55188352215724,3.429330168167924 -76.55186188064167,3.4293197265012307 -76.551141757857,3.42897227833378 -76.55116226047578,3.428740868724563 -76.55115239082174,3.4287319613231797 -76.55114660144696,3.428725043331904 -76.55114162467635,3.4287175148871416 -76.55113752350698,3.4287094709422563 -76.5511343492373,3.4287010136856795 -76.55113214416667,3.4286922507321522 -76.5511309343962,3.4286832942186147 -76.55113073702785,3.4286742580909673 -76.55113155296516,3.4286652571999654 -76.55113067972363,3.4286550599254486 -76.55112996130504,3.4286460446142506 -76.55112929238173,3.428637026588453 -76.55112867385357,3.42862800494369 -76.55112810572052,3.428618978775625 -76.55112758798266,3.4286099507972683 -76.55112711974009,3.4286009201043113 -76.55112670189264,3.4285918857923896 -76.55112633444043,3.4285828505745144 -76.55112601648347,3.4285738126420386 -76.55112574982162,3.428564772899244 -76.55112553265508,3.4285557322505222 -76.55112536498385,3.4285466906958764 -76.55112524860775,3.428537648235247 -76.55112518172695,3.4285286048686925 -76.5511251652414,3.4285195615005213 -76.5511251991511,3.4285105181307323 -76.55112528345603,3.4285014747593268 -76.55112541815626,3.4284924322906405 -76.55112417405672,3.428479297741811 -76.55112365811883,3.428470269763367 -76.55112341575474,3.428461230019772 -76.55112344696475,3.428452187554396 -76.55112375354888,3.4284431496018746 -76.55112433370762,3.4284341252056363 -76.55112518654126,3.4284251225047395 -76.55112631295003,3.4284161505425232 -76.55112771023441,3.428407217458107 -76.55112937839466,3.428398331390519 -76.55113131473128,3.428389499574542 -76.55113351744473,3.428380731957936 -76.55113598563531,3.4283720357754244 -76.55113871660355,3.4283634191661214 -76.55114170675,3.428354890269175 -76.55114495517502,3.4283464563193045 -76.55114845647937,3.42833812636005 -76.55115325628887,3.428327530090917 -76.55115706716816,3.428319337580901 -76.55116095184155,3.428311180337639 -76.55116490940908,3.428303058361159 -76.55116893897087,3.428294971651489 -76.55117304052696,3.428286922017302 -76.55117721317745,3.428278910362961 -76.55118145782227,3.428270935784102 -76.5511857735615,3.4282630000894265 -76.55119016039521,3.428255104183268 -76.55119461742343,3.4282472471613192 -76.55119914374636,3.42823943173662 -76.55120374026384,3.428231657004801 -76.5512084347201,3.428219110084122 -76.55121043764997,3.428210298161231 -76.55121147766567,3.4282013198713033 -76.55121154217186,3.428192281926496 -76.55121063027195,3.4281832892299167 -76.55120875186847,3.4281744493973316 -76.55120593036256,3.4281658664267245 -76.55120219905429,3.428157642507083 -76.55119760114266,3.4281498734967175 -76.55118783210527,3.4281353194128488 -76.55118206973046,3.4281283751950355 -76.5511758439129,3.4281218478913655 -76.55116918435078,3.4281157682483303 -76.55116212254201,3.4281101652036914 -76.5511546926842,3.4281050649821108 -76.5511469307747,3.428100492903858 -76.55113628191569,3.428095187500907 -76.55112816906053,3.4280912737909994 -76.55112001481218,3.4280874487073634 -76.55111181917067,3.4280837131543334 -76.55110358303592,3.4280800680362167 -76.55109530820778,3.4280765133529556 -76.55108699558613,3.428073049104519 -76.55107864607095,3.4280696761952147 -76.55107025966224,3.428066395529379 -76.55106183905976,3.4280632071069244 -76.55105338336355,3.4280601100235413 -76.55104489527345,3.4280571069921537 -76.55103637478942,3.4280541971084233 -76.55072620107221,3.4279924615616224 -76.55071407196156,3.4279904904908265 -76.55070518436045,3.4279890664412274 -76.55069629496002,3.427987657765329 -76.55068740376032,3.4279862662718052 -76.55067850896147,3.4279848901520387 -76.55066961236334,3.4279835303103106 -76.550660713066,3.4279821876509837 -76.55065181106943,3.427980860365387 -76.55064290727357,3.427979549357827 -76.55063400077847,3.427978253723995 -76.55062509158418,3.427976975272566 -76.55061618059058,3.4279757130991744 -76.55060726779769,3.427974466299483 -76.55059835230558,3.4279732366821944 -76.55058943411424,3.4279720224386336 -76.55058051412362,3.427970825377447 -76.55057159233368,3.4279696436899605 -76.55056266784456,3.427968479184875 -76.5505537415561,3.427967330053491 -76.55054481346835,3.4279661972001416 -76.55053588358129,3.427965080624831 -76.55052695099499,3.4279639803275836 -76.55051801660943,3.427962896308374 -76.55050908042453,3.4279618285672004 -76.55050014244038,3.427960778008401 -76.55049120175697,3.4279597428233286 -76.55048226017418,3.427958723916264 -76.55047331679208,3.4279577212872363 -76.55046437071074,3.4279567349362736 -76.55045542373003,3.4279557648633188 -76.55044647494998,3.4279548101640627 -76.55043752437065,3.427953872647179 -76.55043417801073,3.427938477320858 -76.55043276846753,3.427929547038255 -76.55043173508699,3.427920563387989 -76.55043107876956,3.4279115453611078 -76.55043080221544,3.42790250652258 -76.55043090362531,3.427893464054864 -76.55043138479948,3.427884434235967 -76.5504279268008,3.427867435523793 -76.55042612399733,3.4278585757917592 -76.55042432209378,3.4278497151553555 -76.5504225201903,3.427840855423283 -76.5504207182868,3.427831994786869 -76.55041891728328,3.4278231341504197 -76.55041711627982,3.427814274418304 -76.55041531527635,3.4278054137818446 -76.55041351427292,3.4277965531453813 -76.55041171416944,3.4277876925088844 -76.550409914066,3.427778831872381 -76.55040811396258,3.4277699712358727 -76.55040631385921,3.427761110599359 -76.55040451465577,3.427752249962812 -76.55040271545238,3.4277433893262605 -76.55040091624899,3.4277345277853657 -76.55039911794557,3.4277256671487746 -76.55039731964219,3.4277168065121772 -76.55039552133881,3.4277079449712393 -76.55039372303551,3.4276990843346327 -76.5503919247322,3.4276902227936827 -76.55039012732887,3.4276813621570374 -76.55038832992552,3.427672500616048 -76.55038653342216,3.4276636390750266 -76.55038473601893,3.427654778438365 -76.55038293951561,3.4276459168973323 -76.55038114301234,3.427637055356296 -76.55037934740902,3.427628193815224 -76.55037755090581,3.4276193322741757 -76.55037575530254,3.4276104707330934 -76.55037396059923,3.4276016091919796 -76.55037216499603,3.4275927476508867 -76.5503703702928,3.427583886109761 -76.55036857558957,3.4275750245686307 -76.55036678088636,3.427566162123156 -76.55036498708314,3.427557300581987 -76.5502843887334,3.4271414392525634 -76.55028006052117,3.4271243673153715 -76.55027877066864,3.427115418941898 -76.55027812155258,3.427106400914518 -76.5502781167741,3.427097360258638 -76.5502817494756,3.4270892464347487 -76.55028941660346,3.427084796858247 -76.55029833111082,3.4270835576388055 -76.5503072303165,3.4270822171340236 -76.55031611422046,3.4270807744395673 -76.55032498192288,3.427079232268474 -76.55033383072394,3.4270775888121547 -76.55034266152357,3.427075844070584 -76.55035152472567,3.4270742810996357 -76.5503604149302,3.4270728809084052 -76.55036933033738,3.4270716453056207 -76.55037826554776,3.427070575195788 -76.5503872196614,3.4270696696745957 -76.55039618817881,3.42706893055086 -76.55040516930012,3.4270683569202993 -76.55041415942567,3.4270679487830256 -76.55042315495588,3.427067707043488 -76.55043215409086,3.427067630797406 -76.5504411523311,3.4270677218535943 -76.55045014787675,3.427067978403435 -76.55045913712817,3.4270684013513786 -76.55046811648567,3.4270689897932005 -76.55047708414949,3.427069744633296 -76.55048603651993,3.427070664967439 -76.55049500238468,3.42707144332018 -76.55050397634567,3.4270721258128725 -76.55051295570316,3.4270727115412614 -76.55052194225702,3.4270732023139647 -76.55053093240751,3.4270735963224213 -76.55053992705459,3.427073893566604 -76.55054892349852,3.42707409585527 -76.55055792263919,3.4270742004753814 -76.55056692087696,3.427074210140062 -76.55057592001161,3.427074122136243 -76.55058491734346,3.427073939177021 -76.55059391197256,3.4270736594537516 -76.55060290299897,3.4270732829664627 -76.55061189042274,3.4270728106194905 -76.550620876046,3.4270723165684047 -76.55062985896808,3.427071777300474 -76.55063883918898,3.4270711919113626 -76.55064781670869,3.4270705613054067 -76.55065679062731,3.427069884578299 -76.55066576094487,3.427069162634374 -76.55067472766129,3.4270683945692966 -76.5506836898767,3.4270675812874325 -76.55069264849107,3.4270667227887537 -76.55070160260438,3.4270658181689493 -76.5507105522167,3.42706486833236 -76.55071949642809,3.427063873279012 -76.55072843613848,3.4270628330088777 -76.55073737044795,3.4270617466176487 -76.55074629845656,3.4270606150096903 -76.55075522106426,3.4270594390893114 -76.55076413737112,3.4270582170478674 -76.55077304827702,3.4270569488853284 -76.55089484769205,3.427018610178464 -76.55092590135138,3.427000779284078 -76.55096189945621,3.4269646073744275 -76.55121388578986,3.4267294888981543 -76.55127688314468,3.4266390577030923 -76.55134887929823,3.426566712951536 -76.5513938762138,3.4265214982703633 -76.5515648670851,3.4263587229376236 -76.55190684654306,3.42605126163141 -76.55199684085943,3.4259789171437762 -76.55202383915451,3.4259517879552353 -76.55203283888584,3.425942745193655 -76.55206883751377,3.425897529873036 -76.55208683638263,3.425861356706379 -76.55211383587945,3.425816140776987 -76.55213183624865,3.425770924240266 -76.55214083628447,3.425743794739372 -76.55214463719572,3.425734060331029 -76.55214830226852,3.425725801805011 -76.55215191064588,3.425717516150747 -76.55215545962815,3.425709206081338 -76.55215895101513,3.4257008706923893 -76.55216238300704,3.425692511792634 -76.5521657565038,3.4256841275733687 -76.55216907150538,3.425675719843269 -76.55217232711196,3.425667289506701 -76.5521755233235,3.42565883565933 -76.55217866014002,3.4256503592054917 -76.55218173756155,3.425641861049524 -76.5521847555881,3.4256333411914284 -76.55218771331978,3.425624800535572 -76.5521906107566,3.425616239081953 -76.55219344879848,3.4256076568305467 -76.55219622564562,3.425599054685746 -76.55219894309785,3.42559043355183 -76.55220159935536,3.4255817925245218 -76.5522041944182,3.425573133412497 -76.55220672918625,3.4255644562157253 -76.55220920365959,3.4255557618385426 -76.55221161603832,3.425547049376674 -76.55221396722243,3.425538319734427 -76.55221625721194,3.4255295747204757 -76.55221848600681,3.425520812526146 -76.55222065360714,3.425512035864449 -76.55222275911295,3.425503242926741 -76.55222480252432,3.425494436426036 -76.55222678384122,3.425485614553656 -76.55222870396359,3.425476779118249 -76.55223056199158,3.4254679310241793 -76.55223235792513,3.4254590693671125 -76.5522340908644,3.4254501950514156 -76.5522357617093,3.425441308981394 -76.55223737045985,3.4254324111570504 -76.55223983935295,3.425418236498225 -76.55230284316796,3.425146936945642 -76.55235684421213,3.4249841572146 -76.55242884527345,3.424794248580096 -76.55245447768091,3.4247194735292252 -76.55255202076022,3.4245528498026676 -76.55264698256686,3.4243773998241576 -76.55265172296282,3.424367299125577 -76.55265554191331,3.4243591111305722 -76.55265934466509,3.4243509149970626 -76.5526631312181,3.42434271072505 -76.55266689977257,3.4243344983145945 -76.55267065212833,3.4243262786699717 -76.55267262728833,3.4243219260298576 -76.55267438648555,3.424318050886908 -76.55267810464402,3.42430981496534 -76.55268180570386,3.4243015718096372 -76.55268548966511,3.4242933214197993 -76.55268915742762,3.424285062891458 -76.55269280719156,3.4242767962246767 -76.55269643985693,3.4242685232280974 -76.55270005542361,3.4242602411887093 -76.55270365479164,3.424251952819493 -76.5527072361611,3.424243656311836 -76.55271080043195,3.424235352570046 -76.5527143476042,3.424227041594122 -76.55271787857774,3.4242187233840338 -76.55272139155272,3.424210397035506 -76.55272488742912,3.424202064357181 -76.55272836620689,3.424193723540387 -76.55273182698618,3.4241853763938273 -76.5527352715667,3.4241770211087674 -76.55273869814876,3.4241686594939416 -76.55274210853209,3.4241602897406183 -76.55274550091691,3.424151913657528 -76.55274887620314,3.424143530340307 -76.55275223349088,3.424135140693321 -76.5527555745799,3.424126742907837 -76.55275889767042,3.4241183387925864 -76.55276220366233,3.4241099274432067 -76.55276549165576,3.424101509764063 -76.55276876255058,3.4240930848507873 -76.55277201634684,3.4240846536077187 -76.55277525304446,3.4240762151305195 -76.55277847174362,3.424067770323557 -76.55278167334417,3.4240593182824637 -76.55278485784615,3.4240508599115786 -76.55278802434961,3.424042394306593 -76.55279117285461,3.424033923276182 -76.55279430516093,3.424025445011612 -76.55279741946875,3.4240169604172777 -76.55280051577812,3.4240084694931836 -76.55280359498884,3.4239999713349594 -76.55280665620114,3.4239914677513115 -76.55280970031482,3.423982956933533 -76.55281272733,3.423974440690302 -76.55281573544676,3.423965918117339 -76.55281872736482,3.4239573883102175 -76.55282170038453,3.4239488530777025 -76.5528210599662,3.4239314672216317 -76.55284516763025,3.4237688440158474 -76.55297320554664,3.422710732885549 -76.5530829576684,3.4216709957545186 -76.55313782952135,3.4212422386764763 -76.55322013679563,3.4206266663346607 -76.55333291909932,3.4200310019137254 -76.55333328536597,3.4200311330300335 -76.55333790065714,3.4200213398062767</coordinates>
                        </LinearRing>
                    </outerBoundaryIs>
                </Polygon>
            </Placemark>
            <Placemark id="nur_upu_unidades_planificacion_urbana.6">
                <ExtendedData>
                    <SchemaData schemaUrl="#nur_upu_unidades_planificacion_urbana_1">
                        <SimpleData name="upu">6</SimpleData>
                        <SimpleData name="nombre_upu">CENTRO</SimpleData>
                        <SimpleData name="area_ha">330.734800498</SimpleData>
                        <SimpleData name="estado">Formulada</SimpleData>
                        <SimpleData name="url1">http://idesc.cali.gov.co/download/upu/ficha_reglamentaria_upu_6_formulada.pdf</SimpleData>
                    </SchemaData>
                </ExtendedData>
                <Polygon>
                    <outerBoundaryIs>
                        <LinearRing>
                            <tessellate>1</tessellate>
                            <coordinates>-76.51827029884592,3.4459124164686896 -76.51854085541436,3.4457896895544864 -76.5186507406246,3.4457961702588817 -76.51871872312415,3.4458576942257753 -76.52019430575696,3.4455587213378567 -76.52010524517891,3.4451161633451886 -76.52270864049434,3.4443162281996194 -76.52292636934354,3.44422790021253 -76.52518031024256,3.443626003394327 -76.52488453355022,3.4429143388168564 -76.52484298157626,3.4428098908264695 -76.52491728318665,3.4427891549518073 -76.52522326651841,3.442689698163289 -76.52533126045621,3.4426535322969745 -76.52541225567923,3.4426264072109163 -76.52551124951228,3.442608327200259 -76.52553701535442,3.442606775223794 -76.52600463227655,3.4425582504716328 -76.52610022806635,3.442558256249273 -76.52712787818497,3.442606355891905 -76.52775721377515,3.4426544285850387 -76.52855384323382,3.442678495657968 -76.52881673054418,3.4427025279660053 -76.5295974292311,3.4426945717383317 -76.52968339755321,3.4426897779317867 -76.52969746343804,3.44278452425013 -76.52972662210082,3.442980924199504 -76.52973728874389,3.4430527691265835 -76.52976417765548,3.4432338849008888 -76.52977057026467,3.4432769457355725 -76.52977440961043,3.4433028088238045 -76.52977618618534,3.4433147722768545 -76.52979486632474,3.4434405960785077 -76.52981587231905,3.443518016139138 -76.52991615659681,3.4434935971609626 -76.53027766444141,3.4434910650045465 -76.53072783060423,3.4434879122945516 -76.53253411435931,3.443545917997155 -76.53292994031288,3.443558628800823 -76.53318293933815,3.443566752744696 -76.53317325476372,3.4424389979803176 -76.5331702822495,3.442092862237343 -76.53313998457267,3.442039183924408 -76.53314247556203,3.442038349188621 -76.53318768951291,3.442021313597798 -76.53326993890681,3.44199032449871 -76.53372403130267,3.441766201065983 -76.53416219038486,3.44155008283288 -76.53425747854563,3.4415044911363295 -76.53425836676787,3.441504066989598 -76.53432948753768,3.4414700384833834 -76.53471188091824,3.441277932751882 -76.53482479573204,3.4412212065418277 -76.53581903852825,3.4406969217688834 -76.53608350530767,3.4405272530612243 -76.5368941554634,3.4397890809373357 -76.53751512645317,3.439061143184529 -76.5377780430255,3.438752935968974 -76.53728589628571,3.4397118347224733 -76.5370418499598,3.440393766767411 -76.5367680417331,3.4412312261750557 -76.53659841017019,3.4422653543627013 -76.53662538947044,3.44260900456545 -76.53663094523294,3.442692816587683 -76.5366345116514,3.4427466218475944 -76.53664337278981,3.4428803070777314 -76.53664335978672,3.44312447888817 -76.53664335559671,3.4431965879825293 -76.5366433536594,3.443242043561663 -76.53666133356008,3.4435766496374374 -76.53666132609102,3.443721344410074 -76.53665231155266,3.4439926455645726 -76.53664328610087,3.444471945054359 -76.5366342799237,3.4445985523392366 -76.53652624006523,3.445484798654056 -76.53652623804817,3.445525771434301 -76.53652623452342,3.445584276588977 -76.53650820833283,3.4460907054078205 -76.5365081978449,3.446271573638057 -76.53654417939883,3.446570007735704 -76.53666113890395,3.447148791138948 -76.53667554158159,3.447211523820544 -76.53668813076358,3.4472663571524103 -76.53680509938015,3.4476823599409605 -76.53688607849834,3.447971752591165 -76.53695806143472,3.448179755095192 -76.53698505543962,3.448261146729502 -76.5372280009043,3.448948458185187 -76.53726399414036,3.4490208071903585 -76.53752493680308,3.449753335971798 -76.53756053431837,3.4498368155456176 -76.53757892616039,3.449879946643096 -76.53782187656186,3.4504949109957215 -76.53789385858543,3.4507300426074496 -76.53795880471375,3.451002036002931 -76.53784884517059,3.451055602773078 -76.53770485035847,3.451127942364728 -76.53751585754358,3.4512364525847685 -76.53737186299675,3.4513268788563143 -76.53720986820458,3.4514353903443364 -76.53709287080139,3.451525817907107 -76.53700287297018,3.4515981609695854 -76.53691287453461,3.451688589849583 -76.53680487793488,3.4517609304907118 -76.53668788194838,3.4518332712727764 -76.53654388573548,3.4519417841485085 -76.53640888811228,3.4520593411212124 -76.53633688907469,3.452140727183841 -76.53618389054022,3.4522944569801615 -76.5360488929694,3.4524210572662146 -76.53588689572126,3.4525657419874274 -76.53579689906832,3.4526109539349488 -76.53568890152287,3.4526923387176875 -76.53526591925153,3.452882226204899 -76.53518492268161,3.452918394589316 -76.53496513955633,3.453021302409561 -76.53464121825635,3.4531261922302243 -76.5344126346987,3.4531788352214936 -76.5342364346598,3.453226692557917 -76.53385164058996,3.4534048224862657 -76.53381698500782,3.4534157030446333 -76.53357399497833,3.4535242096138203 -76.53342100253832,3.453578461042591 -76.53335800527157,3.453596544104649 -76.53326800918089,3.4536327124466473 -76.53316001286538,3.4536960102104706 -76.53304301847432,3.453723133716369 -76.53294273703365,3.453765114333678 -76.5329350227994,3.4537683438201876 -76.53280902699943,3.4538497276046543 -76.53274903844887,3.453887398515763 -76.53266503071191,3.4539401522545927 -76.53252722251001,3.4540410788640394 -76.53242055066815,3.454165501534417 -76.53229102158366,3.4543913774651593 -76.53220340066588,3.454603852404632 -76.53206700475847,3.4550397261698484 -76.5320620040535,3.4550614972269784 -76.53203499610605,3.4552242772159967 -76.53199898342024,3.455468446690538 -76.53196297683638,3.4556221816115977 -76.53195396914849,3.455757832189813 -76.53194496905651,3.4557759190274204 -76.53191795879955,3.4559748715648575 -76.53189995021339,3.4561376514389615 -76.53189094182653,3.4562913887442246 -76.53187293766565,3.4563727783361116 -76.53182793457275,3.4564722531698564 -76.53173793211774,3.4566078983747 -76.5316389318104,3.456725456947197 -76.53152193174314,3.4568430139092277 -76.53142293357038,3.456915354732206 -76.53133293559975,3.456978652982202 -76.5312699349763,3.4570419527269274 -76.53110866539215,3.4571249454945345 -76.53090347933376,3.4571922114008937 -76.53068822912255,3.4573376916203786 -76.53045964597396,3.457548254310431 -76.53026725423423,3.457701390306056 -76.53011153071449,3.457776045768508 -76.52991508985181,3.4578191167548296 -76.52967578948116,3.4577975841285857 -76.52948514284941,3.4577897344983146 -76.52924004696882,3.457779642576599 -76.52887197500316,3.457789605340655 -76.5286330496268,3.457837607779759 -76.52839906128935,3.4578828093876393 -76.52829206112037,3.457923122873722 -76.52800335381322,3.4580058755911254 -76.52777417375563,3.458164395787067 -76.52773423302298,3.4582361551864707 -76.5276759543879,3.4583408606025827 -76.52759414711856,3.4584993335122394 -76.52742891802211,3.4588194074202785 -76.52699503939041,3.459546703135483 -76.52695903670214,3.4596190484834306 -76.52691403546356,3.4596913920817687 -76.52684203492232,3.4597546915893633 -76.52676204457124,3.4598038066274532 -76.52664911320063,3.4599410042366063 -76.52649731863768,3.460087560149859 -76.52628004309479,3.4602281342517 -76.5260121689906,3.4603716992369513 -76.5256990536036,3.4605052172157698 -76.52538117651362,3.46063789408202 -76.5252489542529,3.4607220034570356 -76.52505675077894,3.4608442679570097 -76.52483054738657,3.461185232759657 -76.52467304655198,3.461508965079807 -76.52461904468834,3.4615813086054548 -76.52456504199246,3.461671738855243 -76.52452003788831,3.4617712133320917 -76.524457033981,3.461879729435958 -76.52439403092298,3.4619792030761185 -76.52434902765052,3.462069633276281 -76.52432356561928,3.4621105654503017 -76.52423432118674,3.4622632792734516 -76.52419602046987,3.462295708018979 -76.5241081219611,3.46235181066757 -76.52394025405901,3.4623829168362863 -76.52374373446116,3.4623928814968647 -76.523680712081,3.462396077631793 -76.52347474563368,3.462373347795351 -76.5233165384112,3.4623257584737988 -76.52311281635225,3.462264479405961 -76.52292232715935,3.462211839386305 -76.52274374344405,3.462185520010418 -76.52240443468175,3.46218193142233 -76.52210441400459,3.462180736427297 -76.52184011042274,3.462183128791605 -76.5213829365662,3.462223806348941 -76.52132462090974,3.4622249440529527 -76.52129119508346,3.4622255961058555 -76.5211295373124,3.461697510806433 -76.52099493301675,3.4612207474551684 -76.52084753796817,3.4608694526182173 -76.52074162781284,3.4605602356165805 -76.52060501790051,3.4602169721462976 -76.52046841619712,3.459760926147852 -76.52023424370442,3.4589518126898775 -76.5200390975438,3.4583143277683077 -76.51975614094029,3.457328680429367 -76.51942439929434,3.4561812091510653 -76.51919023773947,3.455249504423591 -76.51905178288784,3.4546405981715433 -76.51899510959271,3.454391357512687 -76.51866824007419,3.4533811877045673 -76.51855642802681,3.452992381548316 -76.51848773446488,3.452753510852072 -76.51834137963029,3.4522484277089265 -76.5181852697916,3.451679596020832 -76.51812673694285,3.4513461452778595 -76.51798042831811,3.4502084949046754 -76.51794147409746,3.449080660454422 -76.51797267839805,3.4487583857196373 -76.51807821200899,3.447668427955566 -76.51827029884592,3.4459124164686896</coordinates>
                        </LinearRing>
                    </outerBoundaryIs>
                </Polygon>
            </Placemark>
            <Placemark id="nur_upu_unidades_planificacion_urbana.7">
                <ExtendedData>
                    <SchemaData schemaUrl="#nur_upu_unidades_planificacion_urbana_1">
                        <SimpleData name="upu">9</SimpleData>
                        <SimpleData name="nombre_upu">MANZANA DEL SABER</SimpleData>
                        <SimpleData name="area_ha">312.244372606</SimpleData>
                        <SimpleData name="estado">Adoptada</SimpleData>
                        <SimpleData name="url1">http://idesc.cali.gov.co/download/upu/acuerdo_0423_2017_upu_9.pdf</SimpleData>
                    </SchemaData>
                </ExtendedData>
                <Polygon>
                    <outerBoundaryIs>
                        <LinearRing>
                            <tessellate>1</tessellate>
                            <coordinates>-76.54591560572698,3.457123201190035 -76.54590484864931,3.4571205165037346 -76.54589584934956,3.4571250375223896 -76.54588942213918,3.457131642967392 -76.54588040345779,3.4571518994391965 -76.54586697849187,3.4571658166309156 -76.5458639250725,3.457168981889909 -76.5458464122212,3.457169750139951 -76.5458232303683,3.4571604342863154 -76.54580365721489,3.4571485319337696 -76.54578257143626,3.457143322614614 -76.54576953121851,3.4571411154772718 -76.54575496111971,3.457139676162088 -76.54574040004088,3.4571390154800516 -76.54572814283335,3.4571391053356617 -76.54571588562584,3.4571391951911115 -76.545704393369,3.457139285026064 -76.54568907637963,3.457140170778525 -76.5456760542416,3.4571410293396987 -76.5456536635591,3.457136244186075 -76.54565587027543,3.4571042306200668 -76.54565653678827,3.457091135811756 -76.5456565069771,3.4570868329801026 -76.54565645638992,3.4570795874384554 -76.54565480999163,3.457064195677139 -76.54564858295086,3.4570511553119143 -76.54563932320772,3.457041984682406 -76.54562852364427,3.4570320544510733 -76.54561617704083,3.457020595932138 -76.54560152654665,3.4570076181889453 -76.54559151087362,3.456999225308249 -76.54557841650016,3.4569908505956275 -76.54556381116531,3.456984031381332 -76.5455469100996,3.456977998095777 -76.54552925400303,3.4569727344201064 -76.54551313594739,3.456969007171018 -76.54549780090126,3.4569675778197286 -76.54548400477577,3.45696691711355 -76.54547099163933,3.456967775671649 -76.54545720455336,3.456968652336674 -76.54544112261591,3.4569695381052434 -76.54542426670866,3.4569696633469995 -76.54540588090056,3.456969798576352 -76.54538825100357,3.4569683955093304 -76.5453690731668,3.456965456015091 -76.54535602393278,3.456962471142968 -76.54534065366957,3.456956429674545 -76.54532529150576,3.4569503782579574 -76.54530990226425,3.456941253906827 -76.54529526173451,3.4569305813119864 -76.54528216732476,3.456920669223387 -76.54526986586345,3.45691460054348 -76.545255259632,3.4569077813244062 -76.54524448809165,3.4569024722467665 -76.5452337065925,3.4568948571115046 -76.54522445589397,3.4568872238494666 -76.54521365721664,3.456876524927376 -76.54520050051393,3.456858916936683 -76.54518731761404,3.456837456473513 -76.54517258675585,3.4568136990360325 -76.54513410531261,3.456746212125815 -76.54509360161506,3.456675180267745 -76.54508907830503,3.456667246642002 -76.5450885626153,3.456666342318996 -76.54507923340118,3.456649982211432 -76.54507059449685,3.456635738233012 -76.54506820944458,3.4566276625709307 -76.54506792323834,3.4566266949384175 -76.54506518178444,3.456617650741297 -76.54506068269775,3.4566067707868426 -76.54505709712241,3.4565986454173254 -76.54505077037253,3.4565923568259715 -76.54500310224634,3.4565561818907837 -76.54493998938996,3.456522383947406 -76.54490678289835,3.456504601027778 -76.54489602587542,3.456503682498855 -76.54485515569277,3.4564940876361945 -76.54479970457383,3.4564810693280013 -76.54478979171955,3.456481068677664 -76.54477812040314,3.456481986878021 -76.54476820664891,3.456481986227482 -76.54475829377138,3.456481067675383 -76.54474753584888,3.4564801482404555 -76.54473403672824,3.456480147681241 -76.54472053763085,3.456481065927602 -76.54471062477657,3.4564810652764364 -76.54470162533958,3.456480146700418 -76.54469171154075,3.4564783798801137 -76.5446809544719,3.4564756237372025 -76.54467195586716,3.4564720201861463 -76.54466204202211,3.4564684166583266 -76.54465304337116,3.4564629754955503 -76.54464531997654,3.456459095184819 -76.54464221603948,3.4564575352835862 -76.5446296311011,3.4564512468486943 -76.54462063159683,3.4564476432971682 -76.54461163211396,3.4564448871087508 -76.54459904724352,3.456441283648184 -76.54459004778391,3.45643944626533 -76.54458013483942,3.4564358418322865 -76.54457113535857,3.4564331570860554 -76.54456391415354,3.4564301413074916 -76.54456030805076,3.4564286347745794 -76.54454772318073,3.456425031313325 -76.5445387236983,3.456422275124209 -76.5445297242177,3.4564195903775827 -76.54451714020175,3.456414149304354 -76.54450722633483,3.456409626969127 -76.54449822685444,3.456406942222199 -76.5444962676772,3.456406742413439 -76.54448922741832,3.456406022739816 -76.54447847125083,3.456403267498902 -76.54446947172457,3.4563987451401537 -76.54446047222139,3.4563951415870906 -76.54444964491454,3.4563906192743374 -76.54443973192515,3.4563851781326016 -76.54443073242221,3.456381574579254 -76.54442264728263,3.456378889808525 -76.54441182006612,3.456377970371514 -76.54440945771422,3.4563777289732673 -76.54440878275655,3.45637766026072 -76.54440282063037,3.456377051792642 -76.54439382121755,3.4563770511151213 -76.54438397765983,3.456377051363114 -76.54437497826993,3.4563779694911867 -76.54436415112214,3.456379805566612 -76.54435247980474,3.4563806532234733 -76.54434348037077,3.4563798042779394 -76.54433265310861,3.456377049037148 -76.54432274016573,3.456373444601389 -76.5443137406405,3.456368923145486 -76.54430382767495,3.456364400808091 -76.54430159668954,3.4563631528798724 -76.5442957424902,3.456359878424725 -76.54428674298804,3.4563562748699996 -76.54427774350698,3.4563535186783856 -76.54426783056456,3.4563499151463835 -76.54425798696327,3.456348148319753 -76.54425190606023,3.4563481484720895 -76.54424807411037,3.456348148568065 -76.54423907469781,3.4563481478890687 -76.54422824667115,3.4563508322304983 -76.54420372201066,3.4563362368544848 -76.54408656561749,3.456070647028195 -76.54399878234028,3.4559103799974005 -76.54400152421728,3.455900488297887 -76.54400419677454,3.455889608160392 -76.54400419738663,3.4558778798215646 -76.54400419734155,3.4558760431143303 -76.54400328370224,3.455867918578725 -76.5440032843577,3.4558579564088867 -76.54400328411322,3.4558479942390683 -76.54400237130797,3.455837184728653 -76.54400237194092,3.4558263046573585 -76.54400328603624,3.455816342464875 -76.54400420011078,3.4558055329091797 -76.54390339704494,3.4554084666061504 -76.54379815397084,3.4552420776269432 -76.54379815469551,3.4552348709700205 -76.5437999129587,3.4552258275626655 -76.54379632799,3.455204985409306 -76.54378915693681,3.455191419634788 -76.54377924394305,3.4551851311226587 -76.54376757259679,3.455184212603204 -76.54375491766052,3.455185129910648 -76.54374233201963,3.455186048120561 -76.54373241834392,3.4551887324338963 -76.54372074708499,3.4551914167901536 -76.54370907584995,3.455195089585971 -76.54369824875701,3.4551986927270972 -76.54368924933303,3.4551977741413333 -76.54368207845583,3.455191415022906 -76.54367216458503,3.4551860444111355 -76.54365957984228,3.4551868920816866 -76.5436496662329,3.455192331907222 -76.54360192651176,3.4552049756941647 -76.54356142847881,3.455212251161702 -76.54354884294617,3.4552176910511356 -76.5435407579701,3.4552212932194974 -76.5435281724797,3.4552284992776823 -76.54351825799127,3.4552348579076675 -76.54350834523638,3.4552384601201016 -76.54349843158148,3.4552420632367906 -76.54348858810151,3.455244818084116 -76.54347684664586,3.4552475024390708 -76.54346608880446,3.4552493385025067 -76.54345434730467,3.4552501861499167 -76.5434426769018,3.455251103429367 -76.54343184882103,3.4552511036911824 -76.5434210918355,3.455251103046819 -76.54340843687604,3.4552511024481705 -76.54339859330786,3.4552501829756923 -76.54338685174554,3.4552484161856793 -76.54337426695952,3.455247497683414 -76.54336168219544,3.455247497082447 -76.54334818307017,3.455246577697533 -76.54333918360392,3.455243892035077 -76.54332659875402,3.455240288557348 -76.54331577150764,3.4552375324004068 -76.54330585772418,3.455235765565425 -76.54329685832205,3.45523576578173 -76.54328785885438,3.4552330095805432 -76.54327886031021,3.4552312427232916 -76.54326810328124,3.45522940536992 -76.54325727517886,3.4552284868239327 -76.5432446903932,3.4552275674156046 -76.54323386317067,3.4552258006017667 -76.5432239494076,3.455224882033486 -76.54321494998378,3.4552239625388728 -76.54320419297677,3.455223043990575 -76.54319336568909,3.455218521663199 -76.54318436624528,3.455216754805067 -76.5431744533388,3.4552139986246395 -76.54316636819085,3.455210395037211 -76.54315469678133,3.455206791535361 -76.54314295603307,3.4552013504234123 -76.54313037114106,3.4551959102357896 -76.54312228597172,3.455191387842178 -76.54310970112333,3.45518778436155 -76.54309887387981,3.455185098740355 -76.54308720249082,3.4551823426008954 -76.5430763752691,3.455180575785246 -76.54306561824106,3.455178738429564 -76.54305479103937,3.4551778198812326 -76.54304487723537,3.455175134237701 -76.54303496435132,3.4551732968616085 -76.54302420736666,3.455173296212727 -76.54301429362589,3.455173295543712 -76.54300529422434,3.4551732957572407 -76.54299629484436,3.455174213872153 -76.54298729548589,3.455176049888447 -76.5429773818081,3.4551787341938844 -76.54296662488797,3.4551814890574293 -76.54295488255318,3.45518509221174 -76.5429449688967,3.455188694418308 -76.54293512635694,3.4551932154288965 -76.54292521272183,3.455197737345399 -76.54291712686512,3.455202258314274 -76.54291079861301,3.4552076980473685 -76.54290179935816,3.45521398611106 -76.5428927992049,3.455220343808591 -76.54288471341057,3.4552275497520273 -76.54287662765906,3.455236593307003 -76.54287029947083,3.455244788552904 -76.54286439421726,3.455251392156689 -76.54286221371902,3.45525383120342 -76.54285497202525,3.455259200419429 -76.5428477996499,3.4552655589777963 -76.54284147158646,3.4552791232688365 -76.54283697132296,3.4552936072269396 -76.54282262759644,3.4553116933886527 -76.5427973863656,3.455324338414089 -76.54278747258053,3.4553225010354365 -76.54277847401504,3.455319815367624 -76.54276863042539,3.4553179779871255 -76.54275963110783,3.455321651612868 -76.5427542172344,3.455328857492489 -76.54274880250362,3.4553379009837077 -76.54274521643015,3.4553460256262123 -76.5427416304206,3.455356905781775 -76.54273980203543,3.4553695520651515 -76.54273712946518,3.455380433103617 -76.54273530105861,3.4553921605811753 -76.5427353003899,3.4554021227511975 -76.54273438630136,3.455412932305853 -76.54273438567527,3.4554247311831388 -76.54273438498524,3.4554337745473536 -76.5427343842333,3.4554401510234665 -76.54273438435752,3.4554455028863953 -76.5427332641061,3.4554530170439586 -76.54273262614775,3.4554573009005285 -76.54273171122317,3.4554708659682576 -76.54273079719847,3.4554844310359605 -76.54272988223121,3.4554961593964157 -76.54272988158375,3.4555070394678813 -76.54272988082482,3.455513115704294 -76.54272988095599,3.455518767806905 -76.54272988034954,3.455531414951725 -76.5427298805807,3.455541376217361 -76.54272987995293,3.455553104556375 -76.54272987928418,3.455563066726365 -76.54272720673458,3.4555748647618865 -76.54272270646634,3.4555892781811357 -76.54271820611602,3.455600158357982 -76.54268762006707,3.45564897696229 -76.54265429110048,3.4557023173117196 -76.54264796288602,3.4557095937502877 -76.54264261920495,3.4557167996275906 -76.54262729099698,3.4557376413222802 -76.5426209628849,3.455749368904495 -76.54261646255225,3.455761097348388 -76.54261020461568,3.4557719775656706 -76.54260479080217,3.4557819389574433 -76.54259846262757,3.4557909815646894 -76.54259037684741,3.4557991063113636 -76.54258137676963,3.4558090677865088 -76.5425742053078,3.455816273705964 -76.54256696273103,3.4558226322638 -76.54255887688849,3.4558280720353944 -76.54254987756369,3.4558316751208973 -76.54254672597602,3.4558318895218822 -76.54253637847312,3.455832592431714 -76.54252562148098,3.455832591777211 -76.54251387993253,3.4558316732439764 -76.54250220855836,3.455829835903172 -76.54249320998888,3.4558271502327007 -76.54248421047735,3.4558226278549085 -76.54247612528465,3.4558171875543877 -76.54246979765529,3.455810828407296 -76.54246262678316,3.455804540722261 -76.54245538485625,3.455800018303496 -76.54244462861875,3.455793659258722 -76.54243380134916,3.455790055728522 -76.54242388751948,3.4557864512727496 -76.54241313046482,3.455783696008246 -76.54240230323745,3.4557819291849414 -76.54239063278504,3.4557810097441934 -76.54237980469814,3.4557810090896686 -76.54236897749024,3.4557800905335396 -76.54235913483846,3.45578008985606 -76.54234922109134,3.4557800891801174 -76.54233663542021,3.4557800885655787 -76.54232313633017,3.4557810067776864 -76.542309637261,3.455782842891063 -76.54229972353318,3.455783690482157 -76.54228981072775,3.455785526512829 -76.54227722511759,3.4557882108723184 -76.54226639801404,3.4557918845353313 -76.54225472586442,3.455795486775024 -76.54224481309889,3.4557990898785813 -76.54223489943334,3.455802692077719 -76.54222589922843,3.4558072139659677 -76.54221331368022,3.4558126529333286 -76.54220248661616,3.45581809276463 -76.54219440079076,3.4558243798963435 -76.54218722840676,3.455830738449681 -76.54218181452613,3.455837944325995 -76.54217548632799,3.455846140471544 -76.54216922834426,3.4558551830743314 -76.542162901065,3.4558642265829937 -76.54215390094059,3.4558723504424966 -76.54214764283356,3.455875953461604 -76.54214490073464,3.455876872329974 -76.54213414382333,3.455880474547297 -76.54212514449642,3.4558840776287694 -76.54211698845543,3.455889517398199 -76.5421079882284,3.4558931195751925 -76.5420981456567,3.4558967226756168 -76.54208731765127,3.4559003963366037 -76.54207831830328,3.455903080611835 -76.54206931885344,3.4559012432049094 -76.54205849156332,3.4558967208646227 -76.54204949203411,3.455891351119472 -76.54204140684327,3.4558859099108945 -76.54203240819194,3.45587955082152 -76.54202790840685,3.455875948047369 -76.54202432298227,3.455873263153911 -76.54201623777111,3.4558669040436527 -76.54200899668548,3.455859696646628 -76.54200091147453,3.455853337536237 -76.54199191196508,3.4558488160580865 -76.54198199901577,3.455844293696198 -76.54197215632215,3.4558424563074355 -76.54196224267567,3.455846977309521 -76.54195591445497,3.4558542537434755 -76.54195232837284,3.455862379287278 -76.54195049991617,3.4558723405942473 -76.54194965585235,3.4558759434896156 -76.54194874169441,3.4558840689729817 -76.54194782665708,3.4558931123578285 -76.54194515497629,3.455903992489644 -76.54194332653846,3.4559148020641497 -76.5419369983567,3.455923844666991 -76.54192799806862,3.4559247627717964 -76.54191815539478,3.455923844188277 -76.54191000002956,3.45591932178596 -76.54190100045992,3.455912115332135 -76.54189291614918,3.455905756220806 -76.54188483094018,3.4558994676476664 -76.54187400363045,3.455894026499464 -76.5418650041212,3.4558895050201097 -76.54185691897239,3.4558859014215453 -76.5418470060438,3.4558822969597074 -76.54183716242963,3.455879541668101 -76.5418263351613,3.455875938130945 -76.54182542172134,3.455875937247143 -76.54181642225336,3.455873252474583 -76.54180383739919,3.4558695775340835 -76.5417957522712,3.455866892740792 -76.54178583846353,3.4558642079884647 -76.54177592557464,3.455862369694898 -76.5417633398616,3.455860532365476 -76.54175342699476,3.45585968432005 -76.54174442758665,3.455859683617289 -76.54173275627309,3.4558605312418056 -76.54172375692603,3.45586328605191 -76.54171292889761,3.4558659703645804 -76.54170125768557,3.4558714102090358 -76.54169225837738,3.455875931187864 -76.54169134405781,3.455876849109752 -76.54168325818948,3.4558813709724254 -76.54167334458026,3.455887658140512 -76.54166617307193,3.4558930978840947 -76.54165801702823,3.455898537649582 -76.54164817359535,3.4559039774526163 -76.54163825998566,3.455910264620336 -76.5416301741168,3.4559147864825555 -76.54162117482811,3.4559202262665067 -76.54161217465962,3.4559265839518556 -76.54160401863402,3.455932871984436 -76.54159684712495,3.455938311727493 -76.54158876129607,3.4559446693922844 -76.54157884766693,3.4559501091961575 -76.54156950994854,3.455953216703518 -76.5415680196573,3.455953712312972 -76.5415590202483,3.4559537116084513 -76.54154826325473,3.4559537109428424 -76.54153926384573,3.4559537111424703 -76.54153117865725,3.4559482699295243 -76.54152795230657,3.4559454186283207 -76.54152302323473,3.455941063453378 -76.54151402456615,3.455933785553262 -76.54150685283811,3.455929264030006 -76.54149785425031,3.4559256604485964 -76.5414879404227,3.455922055983011 -76.5414798552549,3.455917534479756 -76.5414726843482,3.455909409175593 -76.54146635670475,3.4559021312159635 -76.54145827235833,3.4558940059318743 -76.5414492727923,3.455886799473725 -76.54143844546512,3.4558804404190555 -76.54142944685796,3.4558759180311855 -76.5414213616507,3.4558695589158193 -76.5414150340295,3.455863270299878 -76.54140969090356,3.455855145859262 -76.54140603514662,3.4558461016712956 -76.54140427826486,3.4558370583458102 -76.54140336460759,3.4558270961959385 -76.54140245093032,3.455816216144597 -76.54140153817303,3.4558062539946994 -76.54139978037296,3.4557963633059923 -76.54139886671577,3.455786401156107 -76.54139703959872,3.455775520220535 -76.54139528269715,3.455765558993552 -76.5413952824999,3.455756515629342 -76.54139436972427,3.4557457052118608 -76.54139437036687,3.4557339063345505 -76.541394370991,3.4557212600940113 -76.5413934572554,3.455707695067799 -76.5413934578595,3.4556941300214477 -76.54139254412392,3.455680564995227 -76.54139254562799,3.455666999948847 -76.54139254537222,3.4556552716097793 -76.54139254607496,3.455646228245528 -76.54139254675766,3.4556362660754694 -76.5413917041375,3.4556236198534718 -76.54139170474163,3.4556100548070963 -76.5413917053658,3.4555974076621867 -76.54139170596994,3.4555838426158028 -76.54139170659258,3.455571125836981 -76.54139170721675,3.455558478692062 -76.54139079348133,3.4555449136658 -76.54139079406546,3.4555304298135923 -76.54139079465114,3.455516017403959 -76.54139079533387,3.4555060552338728 -76.54139079601659,3.4554960930637857 -76.54139079669935,3.455486131798031 -76.54139079738206,3.455476169627939 -76.5413907971664,3.455466278900442 -76.54139079711685,3.455464006303002 -76.54139079784912,3.455456316730345 -76.54139079853185,3.4554463545602467 -76.5413907992146,3.4554363932944825 -76.54139079989733,3.4554264311243794 -76.54139079970014,3.4554173877601047 -76.54139080038442,3.4554074961282395 -76.54139080098858,3.455393931081801 -76.54139080163128,3.4553821322044036 -76.54139080223545,3.455368567157959 -76.54139080287969,3.455356839723133 -76.5413908035424,3.455345958747202 -76.54139080416661,3.455333312506559 -76.54138989050999,3.4553233503565632 -76.54139896330108,3.4552634270162326 -76.54137801195795,3.4551471289079445 -76.5413665588143,3.455123919365302 -76.54132758082531,3.455051112999597 -76.5412832983811,3.4549683970296474 -76.5412583258363,3.4549217509984396 -76.54122332946535,3.454861316767761 -76.54115901197139,3.454750398592561 -76.54112740501971,3.4547008226519287 -76.5410792164442,3.454640134583624 -76.5410565324999,3.4545951398153805 -76.54103154343018,3.4545322998253005 -76.54101338503017,3.454475327021731 -76.54098124385597,3.4541882560571584 -76.54096253109577,3.4539201496401724 -76.54097947510857,3.4537498482498963 -76.54128309850037,3.4538435218652612 -76.54130805875855,3.453781447663917 -76.54135129995531,3.453741673093269 -76.54139538569818,3.453679290090524 -76.54142955786791,3.4536241130572214 -76.5414520588683,3.453575293765635 -76.54147364619065,3.4535155944216704 -76.54147560523717,3.453510117716763 -76.54148668280351,3.4534791566087577 -76.54149262077941,3.453446335394161 -76.541489649937,3.4533985964421734 -76.54148667973358,3.4533389220574215 -76.54148370966118,3.453285215388934 -76.5414807386239,3.4532285253143833 -76.54147182992475,3.453177802182958 -76.54146886011476,3.4531360309469723 -76.54147182724887,3.45305547077986 -76.54146885665625,3.4529778941497793 -76.5414747938465,3.452909268445263 -76.54147182294157,3.4528585460866292 -76.54148072902612,3.4527899203163326 -76.54147775869484,3.4527242791186885 -76.5414718175904,3.4526138814697984 -76.54144938250077,3.452547908809997 -76.54142265851405,3.4524912192580617 -76.54139593446551,3.4524315462992234 -76.54137320011532,3.4523843666604073 -76.54135482780495,3.452339051667042 -76.54133812513561,3.4523054857762805 -76.54132613264612,3.452267597957839 -76.54130813499071,3.4522350268650204 -76.54128472347105,3.452209733086059 -76.5412586409569,3.452185285823837 -76.54123028902511,3.4521711543767655 -76.54121250435021,3.4521659123261483 -76.54119114698736,3.4521635922642395 -76.54145322152725,3.4520075251702136 -76.54151156839677,3.451571266529292 -76.5413855784576,3.4515441301694376 -76.54130458465785,3.4515260388863904 -76.54125059037123,3.4514898629899284 -76.54121459462667,3.451444644237321 -76.54116060105318,3.4513994240662074 -76.54107061034011,3.4513270727681884 -76.54099861804998,3.451281852072866 -76.5408406012484,3.4511709865259617 -76.54056969851997,3.450942798341062 -76.54044968941828,3.4508604908713094 -76.54028396440775,3.4507743562824675 -76.54011062045161,3.450726505099665 -76.53991060800456,3.45068822592786 -76.5396782145382,3.4506729166111523 -76.53934676715726,3.4506690951849968 -76.53903436909181,3.4506844144586144 -76.53877721214978,3.450718874660044 -76.5385418124548,3.450775294383039 -76.5384698161103,3.4507933770514243 -76.53824482803356,3.450865712826789 -76.53814583229105,3.4509109242614646 -76.53795880471375,3.451002036002931 -76.53789385858543,3.4507300426074496 -76.53782187656186,3.4504949109957215 -76.53757892616039,3.449879946643096 -76.53756053431837,3.4498368155456176 -76.53752493680308,3.449753335971798 -76.53726399414036,3.4490208071903585 -76.5372280009043,3.448948458185187 -76.53698505543962,3.448261146729502 -76.53695806143472,3.448179755095192 -76.53688607849834,3.447971752591165 -76.53680509938015,3.4476823599409605 -76.53668813076358,3.4472663571524103 -76.53667554158159,3.447211523820544 -76.53666113890395,3.447148791138948 -76.53654417939883,3.446570007735704 -76.5365081978449,3.446271573638057 -76.53650820833283,3.4460907054078205 -76.53652623452342,3.445584276588977 -76.53652623804817,3.445525771434301 -76.53652624006523,3.445484798654056 -76.5366342799237,3.4445985523392366 -76.53664328610087,3.444471945054359 -76.53665231155266,3.4439926455645726 -76.53666132609102,3.443721344410074 -76.53666133356008,3.4435766496374374 -76.5366433536594,3.443242043561663 -76.53664335559671,3.4431965879825293 -76.53664335978672,3.44312447888817 -76.53664337278981,3.4428803070777314 -76.5366345116514,3.4427466218475944 -76.53663094523294,3.442692816587683 -76.53662538947044,3.44260900456545 -76.53659841017019,3.4422653543627013 -76.5367680417331,3.4412312261750557 -76.5370418499598,3.440393766767411 -76.53728589628571,3.4397118347224733 -76.5377780430255,3.438752935968974 -76.53860365540031,3.4377851021605497 -76.53863782475447,3.437745045722671 -76.5393794727201,3.436875638124754 -76.53950546988331,3.4367309507801664 -76.54003645867564,3.4360708103680513 -76.54011702667704,3.435970807151563 -76.54018945597316,3.435880906442542 -76.5404684504112,3.4355191849136495 -76.54054944849506,3.4354197115922864 -76.54093644024012,3.434922344361596 -76.54100843901482,3.43482287028879 -76.54153942712792,3.4341446422870763 -76.54177342214908,3.4338371788562223 -76.5421964126905,3.4332855518998224 -76.54258340272679,3.432788183987837 -76.54262886090335,3.4327342030688217 -76.542682400127,3.4326706251372454 -76.54279939705387,3.4325259357504474 -76.54311439347532,3.432010478037993 -76.54327639402575,3.4317030096020726 -76.54342039243606,3.431467888519178 -76.54359139175776,3.431151377347073 -76.54365439216724,3.431033816549794 -76.54387039198481,3.4306178307942576 -76.54419439181257,3.4299938511604036 -76.54466239145012,3.429089533288144 -76.54473439052352,3.4289629288195895 -76.54504038939007,3.428384165282181 -76.54509150989044,3.428275391228026 -76.54519339001052,3.4280586099980335 -76.54540938940178,3.4276426238772086 -76.5455443879781,3.427389415052732 -76.54561638856826,3.42722663703733 -76.54568838979829,3.4270548156467053 -76.54581439149877,3.4267563892674597 -76.54585939284703,3.4266297836157706 -76.54596739617814,3.4263313567872205 -76.5460213976993,3.4261776207787467 -76.54621040259089,3.425662155407056 -76.54643540960384,3.425029127925233 -76.54649841247878,3.424830175698193 -76.54661541428342,3.424522705173716 -76.54664643990287,3.424433081818495 -76.54668741685566,3.4243147102214517 -76.54702942437882,3.4233922987736483 -76.5470654250085,3.4232837800480604 -76.54739843206902,3.4223704111694015 -76.54744823038918,3.4222425383234043 -76.54763241277468,3.4222980738832933 -76.54824434395154,3.422488011428228 -76.54835233233113,3.4225241899114156 -76.54893726713327,3.4227050826157015 -76.54906325312406,3.422750304757304 -76.54960319242713,3.4229221523095656 -76.55022412500077,3.4231030458376535 -76.55034111110193,3.423148267184518 -76.55075506588437,3.423283935478732 -76.55120501568233,3.423428647615882 -76.55142999169166,3.4234919602346623 -76.55181694976935,3.4236095394851236 -76.55206892196767,3.423690940520299 -76.55219490823092,3.423736162245334 -76.5528210599662,3.4239314672216317 -76.55282170038453,3.4239488530777025 -76.55281872736482,3.4239573883102175 -76.55281573544676,3.423965918117339 -76.55281272733,3.423974440690302 -76.55280970031482,3.423982956933533 -76.55280665620114,3.4239914677513115 -76.55280359498884,3.4239999713349594 -76.55280051577812,3.4240084694931836 -76.55279741946875,3.4240169604172777 -76.55279430516093,3.424025445011612 -76.55279117285461,3.424033923276182 -76.55278802434961,3.424042394306593 -76.55278485784615,3.4240508599115786 -76.55278167334417,3.4240593182824637 -76.55277847174362,3.424067770323557 -76.55277525304446,3.4240762151305195 -76.55277201634684,3.4240846536077187 -76.55276876255058,3.4240930848507873 -76.55276549165576,3.424101509764063 -76.55276220366233,3.4241099274432067 -76.55275889767042,3.4241183387925864 -76.5527555745799,3.424126742907837 -76.55275223349088,3.424135140693321 -76.55274887620314,3.424143530340307 -76.55274550091691,3.424151913657528 -76.55274210853209,3.4241602897406183 -76.55273869814876,3.4241686594939416 -76.5527352715667,3.4241770211087674 -76.55273182698618,3.4241853763938273 -76.55272836620689,3.424193723540387 -76.55272488742912,3.424202064357181 -76.55272139155272,3.424210397035506 -76.55271787857774,3.4242187233840338 -76.5527143476042,3.424227041594122 -76.55271080043195,3.424235352570046 -76.5527072361611,3.424243656311836 -76.55270365479164,3.424251952819493 -76.55270005542361,3.4242602411887093 -76.55269643985693,3.4242685232280974 -76.55269280719156,3.4242767962246767 -76.55268915742762,3.424285062891458 -76.55268548966511,3.4242933214197993 -76.55268180570386,3.4243015718096372 -76.55267810464402,3.42430981496534 -76.55267438648555,3.424318050886908 -76.55267262728833,3.4243219260298576 -76.55267065212833,3.4243262786699717 -76.55266689977257,3.4243344983145945 -76.5526631312181,3.42434271072505 -76.55265934466509,3.4243509149970626 -76.55265554191331,3.4243591111305722 -76.55265172296282,3.424367299125577 -76.55264698256686,3.4243773998241576 -76.55255202076022,3.4245528498026676 -76.55245447768091,3.4247194735292252 -76.55242884527345,3.424794248580096 -76.55235684421213,3.4249841572146 -76.55230284316796,3.425146936945642 -76.55223983935295,3.425418236498225 -76.55223737045985,3.4254324111570504 -76.5522357617093,3.425441308981394 -76.5522340908644,3.4254501950514156 -76.55223235792513,3.4254590693671125 -76.55223056199158,3.4254679310241793 -76.55222870396359,3.425476779118249 -76.55222678384122,3.425485614553656 -76.55222480252432,3.425494436426036 -76.55222275911295,3.425503242926741 -76.55222065360714,3.425512035864449 -76.55221848600681,3.425520812526146 -76.55221625721194,3.4255295747204757 -76.55221396722243,3.425538319734427 -76.55221161603832,3.425547049376674 -76.55220920365959,3.4255557618385426 -76.55220672918625,3.4255644562157253 -76.5522041944182,3.425573133412497 -76.55220159935536,3.4255817925245218 -76.55219894309785,3.42559043355183 -76.55219622564562,3.425599054685746 -76.55219344879848,3.4256076568305467 -76.5521906107566,3.425616239081953 -76.55218771331978,3.425624800535572 -76.5521847555881,3.4256333411914284 -76.55218173756155,3.425641861049524 -76.55217866014002,3.4256503592054917 -76.5521755233235,3.42565883565933 -76.55217232711196,3.425667289506701 -76.55216907150538,3.425675719843269 -76.5521657565038,3.4256841275733687 -76.55216238300704,3.425692511792634 -76.55215895101513,3.4257008706923893 -76.55215545962815,3.425709206081338 -76.55215191064588,3.425717516150747 -76.55214830226852,3.425725801805011 -76.55214463719572,3.425734060331029 -76.55214083628447,3.425743794739372 -76.55213183624865,3.425770924240266 -76.55211383587945,3.425816140776987 -76.55208683638263,3.425861356706379 -76.55206883751377,3.425897529873036 -76.55203283888584,3.425942745193655 -76.55202383915451,3.4259517879552353 -76.55199684085943,3.4259789171437762 -76.55190684654306,3.42605126163141 -76.5515648670851,3.4263587229376236 -76.5513938762138,3.4265214982703633 -76.55134887929823,3.426566712951536 -76.55127688314468,3.4266390577030923 -76.55121388578986,3.4267294888981543 -76.55096189945621,3.4269646073744275 -76.55092590135138,3.427000779284078 -76.55089484769205,3.427018610178464 -76.55077304827702,3.4270569488853284 -76.55076413737112,3.4270582170478674 -76.55075522106426,3.4270594390893114 -76.55074629845656,3.4270606150096903 -76.55073737044795,3.4270617466176487 -76.55072843613848,3.4270628330088777 -76.55071949642809,3.427063873279012 -76.5507105522167,3.42706486833236 -76.55070160260438,3.4270658181689493 -76.55069264849107,3.4270667227887537 -76.5506836898767,3.4270675812874325 -76.55067472766129,3.4270683945692966 -76.55066576094487,3.427069162634374 -76.55065679062731,3.427069884578299 -76.55064781670869,3.4270705613054067 -76.55063883918898,3.4270711919113626 -76.55062985896808,3.427071777300474 -76.550620876046,3.4270723165684047 -76.55061189042274,3.4270728106194905 -76.55060290299897,3.4270732829664627 -76.55059391197256,3.4270736594537516 -76.55058491734346,3.427073939177021 -76.55057592001161,3.427074122136243 -76.55056692087696,3.427074210140062 -76.55055792263919,3.4270742004753814 -76.55054892349852,3.42707409585527 -76.55053992705459,3.427073893566604 -76.55053093240751,3.4270735963224213 -76.55052194225702,3.4270732023139647 -76.55051295570316,3.4270727115412614 -76.55050397634567,3.4270721258128725 -76.55049500238468,3.42707144332018 -76.55048603651993,3.427070664967439 -76.55047708414949,3.427069744633296 -76.55046811648567,3.4270689897932005 -76.55045913712817,3.4270684013513786 -76.55045014787675,3.427067978403435 -76.5504411523311,3.4270677218535943 -76.55043215409086,3.427067630797406 -76.55042315495588,3.427067707043488 -76.55041415942567,3.4270679487830256 -76.55040516930012,3.4270683569202993 -76.55039618817881,3.42706893055086 -76.5503872196614,3.4270696696745957 -76.55037826554776,3.427070575195788 -76.55036933033738,3.4270716453056207 -76.5503604149302,3.4270728809084052 -76.55035152472567,3.4270742810996357 -76.55034266152357,3.427075844070584 -76.55033383072394,3.4270775888121547 -76.55032498192288,3.427079232268474 -76.55031611422046,3.4270807744395673 -76.5503072303165,3.4270822171340236 -76.55029833111082,3.4270835576388055 -76.55028941660346,3.427084796858247 -76.5502817494756,3.4270892464347487 -76.5502781167741,3.427097360258638 -76.55027812155258,3.427106400914518 -76.55027877066864,3.427115418941898 -76.55028006052117,3.4271243673153715 -76.5502843887334,3.4271414392525634 -76.55036498708314,3.427557300581987 -76.55036678088636,3.427566162123156 -76.55036857558957,3.4275750245686307 -76.5503703702928,3.427583886109761 -76.55037216499603,3.4275927476508867 -76.55037396059923,3.4276016091919796 -76.55037575530254,3.4276104707330934 -76.55037755090581,3.4276193322741757 -76.55037934740902,3.427628193815224 -76.55038114301234,3.427637055356296 -76.55038293951561,3.4276459168973323 -76.55038473601893,3.427654778438365 -76.55038653342216,3.4276636390750266 -76.55038832992552,3.427672500616048 -76.55039012732887,3.4276813621570374 -76.5503919247322,3.4276902227936827 -76.55039372303551,3.4276990843346327 -76.55039552133881,3.4277079449712393 -76.55039731964219,3.4277168065121772 -76.55039911794557,3.4277256671487746 -76.55040091624899,3.4277345277853657 -76.55040271545238,3.4277433893262605 -76.55040451465577,3.427752249962812 -76.55040631385921,3.427761110599359 -76.55040811396258,3.4277699712358727 -76.550409914066,3.427778831872381 -76.55041171416944,3.4277876925088844 -76.55041351427292,3.4277965531453813 -76.55041531527635,3.4278054137818446 -76.55041711627982,3.427814274418304 -76.55041891728328,3.4278231341504197 -76.5504207182868,3.427831994786869 -76.5504225201903,3.427840855423283 -76.55042432209378,3.4278497151553555 -76.55042612399733,3.4278585757917592 -76.5504279268008,3.427867435523793 -76.55043138479948,3.427884434235967 -76.55043090362531,3.427893464054864 -76.55043080221544,3.42790250652258 -76.55043107876956,3.4279115453611078 -76.55043173508699,3.427920563387989 -76.55043276846753,3.427929547038255 -76.55043417801073,3.427938477320858 -76.55043752437065,3.427953872647179 -76.55044647494998,3.4279548101640627 -76.55045542373003,3.4279557648633188 -76.55046437071074,3.4279567349362736 -76.55047331679208,3.4279577212872363 -76.55048226017418,3.427958723916264 -76.55049120175697,3.4279597428233286 -76.55050014244038,3.427960778008401 -76.55050908042453,3.4279618285672004 -76.55051801660943,3.427962896308374 -76.55052695099499,3.4279639803275836 -76.55053588358129,3.427965080624831 -76.55054481346835,3.4279661972001416 -76.5505537415561,3.427967330053491 -76.55056266784456,3.427968479184875 -76.55057159233368,3.4279696436899605 -76.55058051412362,3.427970825377447 -76.55058943411424,3.4279720224386336 -76.55059835230558,3.4279732366821944 -76.55060726779769,3.427974466299483 -76.55061618059058,3.4279757130991744 -76.55062509158418,3.427976975272566 -76.55063400077847,3.427978253723995 -76.55064290727357,3.427979549357827 -76.55065181106943,3.427980860365387 -76.550660713066,3.4279821876509837 -76.55066961236334,3.4279835303103106 -76.55067850896147,3.4279848901520387 -76.55068740376032,3.4279862662718052 -76.55069629496002,3.427987657765329 -76.55070518436045,3.4279890664412274 -76.55071407196156,3.4279904904908265 -76.55072620107221,3.4279924615616224 -76.55103637478942,3.4280541971084233 -76.55104489527345,3.4280571069921537 -76.55105338336355,3.4280601100235413 -76.55106183905976,3.4280632071069244 -76.55107025966224,3.428066395529379 -76.55107864607095,3.4280696761952147 -76.55108699558613,3.428073049104519 -76.55109530820778,3.4280765133529556 -76.55110358303592,3.4280800680362167 -76.55111181917067,3.4280837131543334 -76.55112001481218,3.4280874487073634 -76.55112816906053,3.4280912737909994 -76.55113628191569,3.428095187500907 -76.5511469307747,3.428100492903858 -76.5511546926842,3.4281050649821108 -76.55116212254201,3.4281101652036914 -76.55116918435078,3.4281157682483303 -76.5511758439129,3.4281218478913655 -76.55118206973046,3.4281283751950355 -76.55118783210527,3.4281353194128488 -76.55119760114266,3.4281498734967175 -76.55120219905429,3.428157642507083 -76.55120593036256,3.4281658664267245 -76.55120875186847,3.4281744493973316 -76.55121063027195,3.4281832892299167 -76.55121154217186,3.428192281926496 -76.55121147766567,3.4282013198713033 -76.55121043764997,3.428210298161231 -76.5512084347201,3.428219110084122 -76.55120374026384,3.428231657004801 -76.55119914374636,3.42823943173662 -76.55119461742343,3.4282472471613192 -76.55119016039521,3.428255104183268 -76.5511857735615,3.4282630000894265 -76.55118145782227,3.428270935784102 -76.55117721317745,3.428278910362961 -76.55117304052696,3.428286922017302 -76.55116893897087,3.428294971651489 -76.55116490940908,3.428303058361159 -76.55116095184155,3.428311180337639 -76.55115706716816,3.428319337580901 -76.55115325628887,3.428327530090917 -76.55114845647937,3.42833812636005 -76.55114495517502,3.4283464563193045 -76.55114170675,3.428354890269175 -76.55113871660355,3.4283634191661214 -76.55113598563531,3.4283720357754244 -76.55113351744473,3.428380731957936 -76.55113131473128,3.428389499574542 -76.55112937839466,3.428398331390519 -76.55112771023441,3.428407217458107 -76.55112631295003,3.4284161505425232 -76.55112518654126,3.4284251225047395 -76.55112433370762,3.4284341252056363 -76.55112375354888,3.4284431496018746 -76.55112344696475,3.428452187554396 -76.55112341575474,3.428461230019772 -76.55112365811883,3.428470269763367 -76.55112417405672,3.428479297741811 -76.55112541815626,3.4284924322906405 -76.55112528345603,3.4285014747593268 -76.5511251991511,3.4285105181307323 -76.5511251652414,3.4285195615005213 -76.55112518172695,3.4285286048686925 -76.55112524860775,3.428537648235247 -76.55112536498385,3.4285466906958764 -76.55112553265508,3.4285557322505222 -76.55112574982162,3.428564772899244 -76.55112601648347,3.4285738126420386 -76.55112633444043,3.4285828505745144 -76.55112670189264,3.4285918857923896 -76.55112711974009,3.4286009201043113 -76.55112758798266,3.4286099507972683 -76.55112810572052,3.428618978775625 -76.55112867385357,3.42862800494369 -76.55112929238173,3.428637026588453 -76.55112996130504,3.4286460446142506 -76.55113067972363,3.4286550599254486 -76.55113155296516,3.4286652571999654 -76.55113073702785,3.4286742580909673 -76.5511309343962,3.4286832942186147 -76.55113214416667,3.4286922507321522 -76.5511343492373,3.4287010136856795 -76.55113752350698,3.4287094709422563 -76.55114162467635,3.4287175148871416 -76.55114660144696,3.428725043331904 -76.55115239082174,3.4287319613231797 -76.55116226047578,3.428740868724563 -76.551141757857,3.42897227833378 -76.55186188064167,3.4293197265012307 -76.55188352215724,3.429330168167924 -76.55181973245561,3.429494361659918 -76.55169655956979,3.429868862430214 -76.55160058081293,3.4301485326323666 -76.55149500362108,3.4304603486923404 -76.55135582872776,3.431021297055396 -76.55128543690749,3.4314070514323207 -76.55117185185763,3.4319969331899585 -76.55113985765153,3.4321287322633136 -76.55105667878489,3.4322894609011527 -76.55096389812118,3.43257556076103 -76.55084392274036,3.432975777926627 -76.55080872924445,3.433107577088591 -76.55069035940276,3.433342240863406 -76.55057199389019,3.4334579635364 -76.55038325211885,3.4335801119059104 -76.55008254524456,3.433740831871724 -76.54982022504727,3.433924055888866 -76.54971145559765,3.434052636924608 -76.54964107421772,3.434187648418967 -76.54959065133117,3.434325162503597 -76.54957847441413,3.43432210259926 -76.54952899733468,3.43428066649102 -76.54945478026919,3.4342599458696195 -76.5493888084023,3.4342433695681622 -76.5493578843736,3.4342412959556574 -76.54934922343057,3.4342376689228327 -76.54916846735611,3.434696149603861 -76.54840677174637,3.434451966899709 -76.54811128626038,3.434352974133584 -76.54809679107305,3.434347153337154 -76.54808846311006,3.434343727045965 -76.54808015584379,3.434340248302572 -76.54807187107416,3.4343367189155942 -76.54806360700127,3.434333137980749 -76.54805536542499,3.4343295054979848 -76.54804714724526,3.434325822371613 -76.54803895066219,3.4343220876973493 -76.54803077747569,3.4343183023794794 -76.54802262858566,3.434314466417977 -76.54801450219226,3.4343105798128954 -76.54800640099528,3.434306643468493 -76.54799832319485,3.4343026564804875 -76.54799027059084,3.434298619753164 -76.54798224228331,3.43429453238221 -76.54797424007215,3.4342903961762494 -76.54796626305742,3.4342862102309724 -76.54795831213903,3.4342819745463538 -76.54795038731697,3.4342776891223927 -76.54794248859132,3.434273354863428 -76.54793461686194,3.434268971769433 -76.54792677212889,3.4342645407447474 -76.54791895529202,3.4342600599806707 -76.54791116545148,3.434255531285903 -76.54790340440708,3.4342509537560577 -76.54789567125894,3.4342463291998326 -76.54788796690696,3.434241655808531 -76.54788029135116,3.434236935390827 -76.54787264459154,3.434232167042384 -76.54786502752799,3.4342273507631766 -76.5478574401606,3.4342224883618795 -76.54784988248929,3.43421757802982 -76.54784235541405,3.434212621575646 -76.54783485893483,3.434207618095021 -76.54782739395161,3.4342025684922586 -76.54781995956442,3.4341974718630466 -76.54781255667326,3.4341923300160335 -76.54780518527807,3.4341871420468846 -76.5477978462788,3.434181907955574 -76.54779053967547,3.4341766295507767 -76.54778326546806,3.434171305023819 -76.54777602365658,3.4341659352790397 -76.5477688160409,3.434160521220722 -76.54776164082118,3.434155062848922 -76.54775449979725,3.434149559259249 -76.54774739296911,3.434144011356042 -76.54774032033681,3.434138420043637 -76.54773328190029,3.4341327844177014 -76.54772627855957,3.4341271062868803 -76.54771930941465,3.4341213838425295 -76.5477123762654,3.4341156179889327 -76.54770547911183,3.434109809630427 -76.54769861705405,3.4341039587670417 -76.54769179099196,3.434098065398751 -76.54768500182549,3.434092129525528 -76.54767824955466,3.4340861520517123 -76.54767153327954,3.434080132072993 -76.54766485479998,3.434074070493656 -76.5476582132161,3.434067968218066 -76.54765666891234,3.4340665312708607 -76.54763190404002,3.4340997102837028 -76.54759590554426,3.434135882065451 -76.54748790925423,3.4342805717784537 -76.5473709134731,3.434416217460338 -76.54729891578722,3.4344976052748133 -76.54722691808914,3.434578992179462 -76.54714592207019,3.434660379330011 -76.54693893068175,3.4348683680804366 -76.5469479285891,3.4348864554709837 -76.54696592344438,3.43498593382648 -76.54698391910867,3.435049237805899 -76.54701091228412,3.435148716814594 -76.54703790506368,3.4352662825577758 -76.54704690127394,3.435320543418187 -76.54705589903571,3.4353657600063396 -76.5470558962816,3.435429064484777 -76.54704689406178,3.4354833240373037 -76.54704689235912,3.435519497508146 -76.54698388851233,3.435736536466773 -76.54695688638975,3.4358360124517624 -76.54694788571219,3.435881229539623 -76.54692088293012,3.435989748890983 -76.54686688141875,3.436125397282421 -76.54685788113919,3.436152527634023 -76.54683988138885,3.4361706130579077 -76.54681288200918,3.436206785465006 -76.54678588328056,3.43623391450373 -76.54675888455041,3.436261043541685 -76.54665088977765,3.4363424295831013 -76.54664189079875,3.436351472293095 -76.54654289564185,3.4364147713403415 -76.5464169026251,3.436505200309848 -76.54635390565784,3.4365504143361894 -76.54631790767992,3.436577542701249 -76.54629090868463,3.4365956283583614 -76.54623691117443,3.436649886405357 -76.54618291365816,3.4367041444492714 -76.54611991534821,3.436767445195198 -76.54610191647238,3.4367855315093907 -76.54603891773161,3.436866918984962 -76.54600291931207,3.4369121340731024 -76.54597591921946,3.436957349823795 -76.54595791901576,3.4369935228702633 -76.54593091915766,3.4370477819871135 -76.54589491940354,3.437111083806072 -76.54587691787086,3.437165343585906 -76.54582291638464,3.437310035283783 -76.5457959134363,3.437418555505557 -76.54576891048191,3.4375270748220266 -76.54575990798256,3.437608465367207 -76.5457419055818,3.437698897709243 -76.54572390426667,3.4377622008530153 -76.54567890457068,3.437834546268623 -76.54573289649849,3.4379068963012847 -76.54574189464924,3.437934026165032 -76.54575989095234,3.4379882877008883 -76.54576888735457,3.4380515919379424 -76.54578688233678,3.4381239402077464 -76.54584986310216,3.4384495051819175 -76.54592183985324,3.4388202876495235 -76.54593983377923,3.438919766016497 -76.54595783011233,3.4389740266429274 -76.5460028237759,3.439046375993939 -76.54606581438767,3.4391277700356824 -76.54611980839526,3.4391729890380605 -76.54614680507154,3.4392001202216087 -76.54617380174935,3.439227251404364 -76.54628178930629,3.43929960356364 -76.54656975898702,3.439462398037245 -76.54666874824565,3.4395347494936397 -76.54672274140452,3.4395799684610138 -76.54678573341798,3.439643275719506 -76.54686672289537,3.4397337125764134 -76.54692071592002,3.439806062537215 -76.54702870214545,3.4399236314441795 -76.54706469682641,3.4399688499882517 -76.54744264684761,3.440421036649665 -76.54764062170663,3.440647129664864 -76.54769461252036,3.44076469641279 -76.54779359865215,3.440909395585734 -76.54783859164536,3.4409817439408017 -76.54786558610843,3.441054092811061 -76.54788358259111,3.441108353397437 -76.54791057603487,3.4412078323658624 -76.54794656772982,3.4413344411734785 -76.54795556623417,3.4413706152844314 -76.5480185514075,3.4415967030541808 -76.54803251282232,3.4416575129595923 -76.54804554449771,3.4417142687504327 -76.5481895088087,3.442284008411945 -76.54827048796098,3.44262766120614 -76.54837713380618,3.443056411314558 -76.54841843770663,3.4432068582557953 -76.5484966948275,3.4434919010471248 -76.54857268731939,3.443669026696979 -76.54858204182189,3.4436908308807297 -76.54858541783705,3.4437038387587613 -76.54859441575294,3.443749056227519 -76.54862141162282,3.443803317434612 -76.54867540310657,3.443902797384599 -76.54888237338426,3.4442374120493633 -76.54889137231724,3.444255498512591 -76.54891836731845,3.4443097606147663 -76.54893636392315,3.444364021176492 -76.54895435989793,3.4444273260080127 -76.54895435727377,3.4444906295690685 -76.54896335458284,3.4445448903992317 -76.54896335132742,3.4446172373259705 -76.54895434876954,3.4446895845218974 -76.54891034511994,3.444910632827522 -76.54879491809636,3.4450890401713563 -76.54859684544107,3.4452830271439034 -76.54843638472282,3.445363641720746 -76.5482433328582,3.4454089826696532 -76.54794748869864,3.445441722813224 -76.54779675804669,3.445462324321929 -76.54775740600473,3.445467265841476 -76.54656948817123,3.4456028646290218 -76.54653349027129,3.445611906267984 -76.54647949374768,3.445620946588788 -76.54645249515775,3.4456299888831263 -76.54640749753204,3.445657117494522 -76.54636249990375,3.4456842451994505 -76.54631750161612,3.4457204171724145 -76.54628150329496,3.445747545533475 -76.54625450362731,3.4457837179196407 -76.5462275033,3.4458289336708425 -76.54620050297014,3.44587414942125 -76.54618250219391,3.4459284091979643 -76.54617350073055,3.4459826687313564 -76.54616449860798,3.446045972534724 -76.54616449580031,3.446109276095075 -76.54617348818611,3.446253970608387 -76.54618248362303,3.446344404926892 -76.54618247908456,3.4464438828539645 -76.5461374786038,3.4465343150122294 -76.54611947757051,3.4465795305171234 -76.54611037189026,3.44660697647289 -76.54610147677674,3.4466337902916284 -76.54606547733788,3.446688048741243 -76.54598447690573,3.446814652608874 -76.54596647718012,3.446841782283751 -76.54593947680968,3.4468869980260712 -76.54591247733664,3.4469322137675737 -76.54589447628538,3.4469774301722884 -76.54588547545704,3.4470226463363365 -76.5458764730671,3.447076906770224 -76.5458854706491,3.447113080896648 -76.54588546848427,3.447167341090131 -76.54590346497258,3.447221601707061 -76.54591246297811,3.4472396891019934 -76.54593046012968,3.4472849072570853 -76.5459574557106,3.447330125170827 -76.54598445219402,3.4473753430837144 -76.54602944709629,3.4474115189556933 -76.54607444200195,3.4474476948254846 -76.54611943756957,3.4474748273275795 -76.54619143136927,3.4475110033679406 -76.54624542603007,3.447529093159548 -76.54634441782783,3.447565271169502 -76.54650640363377,3.4476195386999766 -76.54657839484203,3.4476918890767423 -76.54661439004245,3.4477461509938263 -76.5466413842006,3.447836585714302 -76.5466413824862,3.447872760080212 -76.5466323810314,3.4479270196156833 -76.54661438064973,3.447963192667624 -76.5465963802667,3.447999365719207 -76.54659637961271,3.4480084090845815 -76.54656938054815,3.448035537208678 -76.5465333821477,3.44806266648292 -76.54650638307984,3.4480897955095546 -76.54647038443079,3.448107880511728 -76.54642538734527,3.4481259648537366 -76.54637139067906,3.4481350060733265 -76.54635339200885,3.4481350056588296 -76.54627239709293,3.448135001528552 -76.54605641239102,3.4481440353531965 -76.54581343034012,3.4481440246741015 -76.54569643741968,3.4481530621051766 -76.5455884449687,3.4481711444583336 -76.54549845094934,3.448180183864881 -76.54528246422943,3.448216347609596 -76.54519247043541,3.4482344303525445 -76.54505747838796,3.4482615539988473 -76.54498548302766,3.4482705937958595 -76.54481449318043,3.4483158032565573 -76.54472373866722,3.4482524070607026 -76.5446487252466,3.4482026225298505 -76.5445924640355,3.4481642547667026 -76.54457148722717,3.44815399831309 -76.54448027919793,3.448127385089738 -76.54437730221123,3.4481155535341723 -76.54423901706757,3.4481332865160335 -76.54406836427067,3.4481983243171173 -76.54373000059192,3.4483697921435934 -76.54335067379505,3.448549470402356 -76.5433180794555,3.448564910018939 -76.54273550584412,3.4488161946400178 -76.54252954541272,3.448907840379807 -76.54253783348109,3.448932828815086 -76.54256484688119,3.449014280876527 -76.542685480394,3.4489758500955885 -76.54302678442639,3.448875341338701 -76.54326510837434,3.4487896108861777 -76.54357993287877,3.4486624915572914 -76.5437093934722,3.4486122344229337 -76.54382708233798,3.4486122405850077 -76.54389769533411,3.448635896293171 -76.54393594066211,3.448706857734875 -76.54398300895888,3.448851733999513 -76.5440241936443,3.449002523863539 -76.54406537995354,3.449108965061666 -76.5441389324436,3.449179927426662 -76.54423602258709,3.4492449775501974 -76.5443389969571,3.4493277678856233 -76.54434980186484,3.4493395312239974 -76.54440960684508,3.449404642855048 -76.54444196846838,3.44947560351842 -76.54446844467031,3.449552476881217 -76.54447726956609,3.449593869949752 -76.54447748926917,3.4495986303716477 -76.54448000234727,3.4496530324802124 -76.54448145509778,3.4496632532548777 -76.54448142929138,3.4502149003373415 -76.54447242477538,3.450332464310544 -76.54448177112815,3.451181085305096 -76.54454083476023,3.4511773787450797 -76.54460342200358,3.4511522248477724 -76.5447077341568,3.4511019166684935 -76.54481204714212,3.45101387232466 -76.5449080153205,3.4509384066000863 -76.5450123281198,3.4508797124750092 -76.54512498511325,3.45082101902647 -76.54523764083369,3.450783288988823 -76.54534195061655,3.450783293500625 -76.54557253461503,3.450806054111859 -76.54571921195299,3.4508883602219513 -76.54582398406076,3.451049149364926 -76.5458639937722,3.4513343615534735 -76.54588717168438,3.4515400522653117 -76.54589828941661,3.4516387150770838 -76.54595353669244,3.4518818146139485 -76.54608117762264,3.4524273539612262 -76.54615737919437,3.452672367396707 -76.54626977762763,3.4530666857889947 -76.54639360540516,3.453495459070217 -76.54641265921923,3.453673477176416 -76.54645838450858,3.453983573791167 -76.54650981903747,3.454094595051813 -76.54660697017769,3.454194129979726 -76.54666208347022,3.4542313075400983 -76.54687937243747,3.454377883602938 -76.5470534326524,3.4544514555565224 -76.54726178028858,3.45451425857734 -76.54742250475698,3.454538180961307 -76.54758025178005,3.454514249537768 -76.54770036005156,3.454470086449808 -76.547841339361,3.4545399016881158 -76.54793229849199,3.4545867961385905 -76.54803992549598,3.454636561364395 -76.54810564444158,3.454666229826555 -76.54815231513,3.4546911130915023 -76.54818500894817,3.454719131192198 -76.54805519335383,3.4548062261853394 -76.5480195564559,3.454862495935002 -76.54797882784072,3.4549238807574882 -76.54796355266193,3.455000613238609 -76.54796864013036,3.455067116180821 -76.54799409008453,3.4551489660255785 -76.54819261631656,3.455409868530282 -76.54840132263071,3.4556963498458653 -76.54854825110992,3.455900282405702 -76.54841476085467,3.45595390444935 -76.54803131507968,3.4560833940229325 -76.54788792822296,3.456140691502843 -76.5466828497281,3.4567713428176217 -76.54669904391432,3.456860351677087 -76.5467104749564,3.4569254337362767 -76.5467129722721,3.4570889006039005 -76.54671388508608,3.4570988627480137 -76.54671388538215,3.4571096722805335 -76.5467138847802,3.4571205523513115 -76.54671392259004,3.4571210009011 -76.5467147985174,3.4571313627628983 -76.54671564113595,3.457141324004606 -76.54671095772245,3.4571699707970254 -76.54636665155395,3.4572345842371477 -76.5463823689895,3.4572991868846628 -76.54628522147371,3.457345129819727 -76.54614378293772,3.457310678441777 -76.54612083171894,3.4572100417990295 -76.54611091790811,3.4572082044554686 -76.54610100497457,3.4572055188442703 -76.54609291982341,3.4572028340879526 -76.54608392030474,3.457199160012264 -76.54608320753957,3.457198745845448 -76.54607309293398,3.4571928715493785 -76.54606500773393,3.4571883491813287 -76.54605242282379,3.4571838269345263 -76.5460425099133,3.45718198959022 -76.54603168181082,3.457181988977618 -76.54602092480374,3.4571819883629784 -76.54600918326008,3.4571819877747134 -76.545998426253,3.4571819871598186 -76.545987599026,3.4571810686452777 -76.54597768524206,3.4571802206442976 -76.5459669281861,3.4571783824175504 -76.54596595443846,3.4571779926747386 -76.54595792956995,3.457174778878868 -76.54594984347065,3.457170257414187 -76.54594168802707,3.457163898339802 -76.54593718900101,3.4571557729983042 -76.54593360339176,3.457146729730863 -76.54592819085154,3.457135848900921 -76.54592284770456,3.457128642387742 -76.54591560572698,3.457123201190035</coordinates>
                        </LinearRing>
                    </outerBoundaryIs>
                </Polygon>
            </Placemark>
            <Placemark id="nur_upu_unidades_planificacion_urbana.11">
                <ExtendedData>
                    <SchemaData schemaUrl="#nur_upu_unidades_planificacion_urbana_1">
                        <SimpleData name="upu">11</SimpleData>
                        <SimpleData name="nombre_upu">SANTA ELENA</SimpleData>
                        <SimpleData name="area_ha">467.152588044</SimpleData>
                        <SimpleData name="estado">Adoptada</SimpleData>
                        <SimpleData name="url1">http://idesc.cali.gov.co/download/upu/acuerdo_0433_2017_upu_11.pdf</SimpleData>
                    </SchemaData>
                </ExtendedData>
                <Polygon>
                    <outerBoundaryIs>
                        <LinearRing>
                            <tessellate>1</tessellate>
                            <coordinates>-76.51975875724789,3.4324435983321715 -76.52011106351543,3.4291962990955667 -76.52012758240069,3.4291299189597657 -76.52014916421824,3.429043193956562 -76.52050173610624,3.4256461424588696 -76.52050683591273,3.425608687531441 -76.52063649433174,3.4246564079424004 -76.52065417398276,3.42452655327622 -76.52090845670212,3.422383768072163 -76.52090860518673,3.422382517373879 -76.5210639576799,3.421073389836463 -76.52124256861106,3.419568261610475 -76.52125352565395,3.419256754525124 -76.52125807908793,3.4191273113159553 -76.52145559781863,3.4162776731826985 -76.52156775446647,3.414392031337489 -76.5216061687874,3.4137461834602636 -76.52183232201617,3.4116130242306184 -76.52184122461813,3.411534868674715 -76.5220191422729,3.4099729168733695 -76.52230202432388,3.407489460380863 -76.52255791367642,3.4055154079686667 -76.52258687361942,3.4053053294177764 -76.52260616431343,3.405151251981668 -76.52245958748654,3.4049556395724263 -76.52239530053161,3.40475465070028 -76.52237256250727,3.404526480074791 -76.52250827757501,3.404738235848951 -76.52264111377652,3.4048721055468905 -76.52269320870842,3.404924605838624 -76.52322614318943,3.405473999448805 -76.52334162049556,3.4055581269196247 -76.52341236215591,3.405594555232547 -76.5242808311267,3.405675001214165 -76.52455979659437,3.40571119348534 -76.52499174066924,3.4057926136092 -76.52535169081112,3.4059192453454794 -76.52613458483172,3.406163469195419 -76.52680949261814,3.4063805548525017 -76.52692335294216,3.406420503209581 -76.52695458835666,3.4064314626670815 -76.527059116763,3.40646813646435 -76.5277633617631,3.406715222642606 -76.52849226249843,3.4069684847228565 -76.52859579126063,3.4070080006927523 -76.52920316406805,3.407239831348511 -76.53016603536861,3.4075473674416292 -76.53029742315469,3.407579246722902 -76.53042700215451,3.4076106864967675 -76.53093356234508,3.4077688380043707 -76.53161484443174,3.4079815386847647 -76.5316645908712,3.407997715801412 -76.53192080395851,3.4080810348290638 -76.53254172205119,3.4082709833376117 -76.5331086482789,3.4084518842551854 -76.5334865982743,3.4085694711264023 -76.53425149699065,3.4088317735075964 -76.53443999648385,3.4088877538012325 -76.53464744611034,3.40894936056641 -76.53540334722729,3.4092026187829667 -76.53642021567201,3.4095282380962924 -76.5364872521292,3.4095522200108532 -76.5369511457994,3.409718178890327 -76.53742808359146,3.4098809856990244 -76.53784203090177,3.4100166587658007 -76.5383729621397,3.4101885120216475 -76.5387180082796,3.410285459549701 -76.53868139351277,3.410397093447135 -76.53847246699665,3.4110382661826972 -76.5384629060791,3.411065726562984 -76.53821989324503,3.4118253599159356 -76.53794987949857,3.412639251210179 -76.53776986890554,3.4131999327055462 -76.53740984932459,3.4142941645570763 -76.53723883921457,3.4148186731935173 -76.53707683003066,3.415307008150897 -76.53692215661374,3.415790493895212 -76.53675280908125,3.4163198505542858 -76.53659510176398,3.4168032729848155 -76.53647425702448,3.4171736987467636 -76.53622177524154,3.4179476337608543 -76.53584375039398,3.4190961245507623 -76.53545672571742,3.4202536586792562 -76.5352914394233,3.420765327948866 -76.53528431788817,3.420787373084471 -76.53512370171896,3.4212845873238775 -76.53479879477203,3.422293591868283 -76.53401333649676,3.4246605861588004 -76.53357038351416,3.4260382222602512 -76.53336848920871,3.4266661360256276 -76.53336529103116,3.4266747797217096 -76.53325050132722,3.4269904355665703 -76.5334479427981,3.4270869745121915 -76.53340008229439,3.4272606150965537 -76.53334237959285,3.427515687739029 -76.5333440490774,3.4275265081088007 -76.53330470069339,3.42769028316056 -76.53323810065052,3.427957926197601 -76.53315939105252,3.4282742326660283 -76.53302013860197,3.428791271075543 -76.53290115382784,3.429301950804336 -76.53341336520843,3.430038499355275 -76.5335663386666,3.4302555499032175 -76.53363832485579,3.430391204885312 -76.53377328335344,3.4308976434634424 -76.53380027154112,3.4310694698181514 -76.53396221975244,3.4317115603320554 -76.53399821002232,3.431829126336677 -76.53420514517842,3.4326430437899704 -76.53421414076797,3.4327063481479914 -76.53423213555037,3.4327696532810292 -76.53424113255682,3.4328058275318507 -76.53426812370917,3.4329233927481786 -76.53433110587001,3.43314043811846 -76.53440308430785,3.433402701101083 -76.53442107770715,3.4334931363358927 -76.5344210734809,3.433574526654911 -76.53433837239646,3.4338086932282046 -76.53433337866687,3.4338036136402463 -76.53427707614672,3.433746342798887 -76.53380012628743,3.433592577916893 -76.53364714275958,3.433538308062727 -76.53324682161261,3.4334105722786914 -76.53308020257552,3.4333574076142326 -76.53286617831071,3.433290354728376 -76.53251326181619,3.4331855492912386 -76.53236927683129,3.433140323391036 -76.53199131733592,3.4330227370765893 -76.53167635058814,3.4329141968646715 -76.53122639842907,3.432778518918951 -76.5310374184095,3.4327242472373456 -76.5298610620524,3.4323451632268784 -76.52981720554902,3.432078990169308 -76.52979556703772,3.432082089541951 -76.52964257998707,3.432082080160755 -76.52955258813365,3.432082073779779 -76.52940860116817,3.4320820651803365 -76.52924661501365,3.4320910982839488 -76.52909362796133,3.4320910888145764 -76.52893164262345,3.432091078495407 -76.52884165076904,3.4320910729515934 -76.52882937678757,3.432091952978036 -76.52871566134957,3.4321001083643283 -76.52808571573303,3.4321091117011386 -76.52751543699063,3.431936330709147 -76.52743824957534,3.4319903093319932 -76.52720379135341,3.432154271801985 -76.52686180582451,3.4323893782123758 -76.5265558185773,3.4326063993435705 -76.52625883123058,3.432814377857109 -76.52593484537381,3.4330404413595574 -76.52558385916981,3.433284589823146 -76.52535600929802,3.433442764043755 -76.52508887977304,3.4336282059631746 -76.52423391396808,3.434225442772831 -76.52414391764783,3.4342883099031805 -76.52397292328237,3.4344149059389895 -76.52377493214642,3.434541500226619 -76.52362193782005,3.434640966935759 -76.52332495267913,3.4348037276828243 -76.52309096538157,3.434912231576208 -76.52284797881818,3.4350207354335054 -76.52260499306138,3.4351111524910833 -76.52230801108743,3.435210609338423 -76.52223601650115,3.435228691683509 -76.52216402101226,3.435246773118809 -76.52182204553489,3.43531909616547 -76.52151606775368,3.435373335029377 -76.52106317142918,3.4354360764587186 -76.52099410694379,3.435445644376613 -76.52036415364041,3.4355360338279883 -76.52010317270776,3.4355721882213324 -76.51952721636103,3.4356535364872287 -76.51938055066874,3.4356719495192003 -76.51938074595431,3.4356699093354806 -76.51940595218375,3.435406678608977 -76.51944188461104,3.4351019505869305 -76.51974897238415,3.432497657776493 -76.51975671982211,3.4324548537078083 -76.51975875724789,3.4324435983321715</coordinates>
                        </LinearRing>
                    </outerBoundaryIs>
                </Polygon>
            </Placemark>
            <Placemark id="nur_upu_unidades_planificacion_urbana.12">
                <ExtendedData>
                    <SchemaData schemaUrl="#nur_upu_unidades_planificacion_urbana_1">
                        <SimpleData name="upu">12</SimpleData>
                        <SimpleData name="nombre_upu">VALLE DEL LILI</SimpleData>
                        <SimpleData name="area_ha">1617.03793907</SimpleData>
                        <SimpleData name="estado">Adoptada</SimpleData>
                        <SimpleData name="url1">http://idesc.cali.gov.co/download/upu/acuerdo_0433_2017_upu_12.pdf</SimpleData>
                    </SchemaData>
                </ExtendedData>
                <Polygon>
                    <outerBoundaryIs>
                        <LinearRing>
                            <tessellate>1</tessellate>
                            <coordinates>-76.52445458985248,3.363735769814243 -76.52442275842067,3.363747765987594 -76.52437990299153,3.3637932281430842 -76.52435626609675,3.3639235614583165 -76.52439160062308,3.3641296012147937 -76.5244322982093,3.3643114372401612 -76.52443464417463,3.3643219176062162 -76.5244725638721,3.3644913434071535 -76.52454453199758,3.3647988235268103 -76.52461795965725,3.365087371313131 -76.52464348990259,3.365187697580075 -76.5247039359656,3.365400366917068 -76.52471546150267,3.3654409173918163 -76.52480542949806,3.3657212690722926 -76.52485041218507,3.3658659665996367 -76.52492238474818,3.3661101439150545 -76.52500335678248,3.366345277801126 -76.525075329419,3.366589454198367 -76.52513382727021,3.366759327516851 -76.52513296750921,3.366867288313948 -76.52512943403346,3.3673109557216074 -76.5251260714286,3.3677332798400688 -76.52512445982333,3.3679356481135962 -76.5251235164224,3.3680541082741606 -76.5250725184183,3.3697519572008057 -76.52505695351202,3.370337075775656 -76.525042772337,3.370870152393518 -76.52503170593576,3.3712861579062814 -76.52501127612499,3.3724214676174245 -76.52500498884244,3.372831574097649 -76.52500364574355,3.372919157434346 -76.52499015806798,3.37379885774219 -76.52498888243663,3.3738820740285105 -76.52498352802091,3.374231298648201 -76.52651144913975,3.3742415447582963 -76.52685022128495,3.3742438161242534 -76.52687946000921,3.3742925380487367 -76.5273529941543,3.3742962598130966 -76.52915291939966,3.3743104056471176 -76.52938501186719,3.3743329260989965 -76.52941197898122,3.37412965599046 -76.52950443076708,3.3728144275232004 -76.52953413229011,3.372391899717949 -76.52967853850296,3.3703375542951286 -76.52974908181547,3.3693339852359463 -76.5297625230339,3.3691427718608726 -76.52976252132524,3.3689607973305224 -76.52978420277124,3.368792807278133 -76.52978802599691,3.368763185647069 -76.53085215560908,3.368283674983873 -76.53085782553754,3.3682755295503393 -76.5310103034754,3.3680564764291847 -76.53106311020333,3.367999687042749 -76.53141169960827,3.368178071136313 -76.53445806054766,3.369750057665423 -76.53606517166169,3.3705683480213264 -76.53714264082895,3.3711139073908565 -76.53860084233624,3.3718675575712687 -76.53940082935391,3.3722946458220413 -76.54032509433377,3.3727577660343493 -76.54069009621396,3.372940657262716 -76.54095437805596,3.3730698590266535 -76.54129366073055,3.3733175002607894 -76.54154365925781,3.3735328403591485 -76.54175437411581,3.3737804832992295 -76.54192223212804,3.3740281280418074 -76.54205437736795,3.3742793619595366 -76.54210319891241,3.3744145286513803 -76.54222938481796,3.3747638860550877 -76.54235439294229,3.375277124873251 -76.54238454539716,3.3754273528114025 -76.54239417413348,3.3754753268171833 -76.54243318407777,3.3756700416489474 -76.54247475084408,3.375877521150154 -76.54263126332987,3.3766587452750536 -76.54269408294792,3.3769723049216416 -76.54292800338531,3.3779128308446715 -76.54304496329125,3.3784011805344427 -76.54308994967808,3.378563963921711 -76.54322490388918,3.379106575242945 -76.54334883614953,3.3795892925024815 -76.54336885647245,3.3796672730830113 -76.54341384111964,3.379866230868238 -76.54347681927494,3.380128492777091 -76.54362077237073,3.3806982339440594 -76.54362446313506,3.3807149306452717 -76.54380070740282,3.381512149947815 -76.54392666575686,3.38202763031064 -76.54397164858065,3.382253717288192 -76.54406161974863,3.3826335442105178 -76.54413359380047,3.382950067915767 -76.54419657211076,3.3832394598915134 -76.5443135308077,3.3837730253492375 -76.54434951734272,3.3839448522555373 -76.54440349341223,3.384306591452812 -76.54454742392004,3.3853737190839266 -76.54463738567641,3.3859344143733923 -76.54463992736444,3.3859522062502947 -76.54464789804135,3.38600800911473 -76.54466457202375,3.3861247496544506 -76.54488927066996,3.387697890089447 -76.54496892689589,3.3882365803293175 -76.5450871837609,3.3890363229192233 -76.54517714261006,3.389669366027396 -76.54531565637778,3.390514571811307 -76.54538080251157,3.3909120943480224 -76.54557116871281,3.3920737074697778 -76.54560879145728,3.3923032780174047 -76.54568993395615,3.3927984070649706 -76.54577090002427,3.393322928884461 -76.54584287196643,3.3937479719861656 -76.54592383753568,3.3942815362525005 -76.54595419288208,3.3944379144065793 -76.545995811799,3.3946523190804307 -76.546049787776,3.3950321448474257 -76.54611276396399,3.3953938836185977 -76.54616674002997,3.395773709372541 -76.54625326421503,3.3962607687858886 -76.54625677613255,3.396282171648105 -76.54627719175014,3.39627928355314 -76.54716559720109,3.396153576386906 -76.54727358470475,3.3961354947847324 -76.54750755674965,3.396108374415516 -76.54764253989012,3.3960902938245328 -76.54778652277459,3.3960722129601266 -76.5481194827716,3.39603605440128 -76.5482274702436,3.3960179717879444 -76.54864142021725,3.3959637293934004 -76.54870141706952,3.3959544554687993 -76.5486316916991,3.395345147447168 -76.54949662895525,3.395224750898891 -76.54957478702272,3.39520904472578 -76.54965054882531,3.395829232577933 -76.54972129025582,3.3958190801534056 -76.55018023428737,3.395764838447182 -76.55027922221952,3.39575579925595 -76.55072016939637,3.3957015560395156 -76.55083715562589,3.395683474660694 -76.55103513117479,3.3956563518539515 -76.55129609952652,3.3956292324233965 -76.55143108313825,3.3956021070228735 -76.55149407566286,3.395593066147558 -76.5518720301765,3.395547864184158 -76.55203401029169,3.3955207405338457 -76.55222298782817,3.3954936177774515 -76.55292490211384,3.3954122538011395 -76.55296989692606,3.3954032125300064 -76.553007745043,3.3953997557816 -76.55306888479281,3.3953941721480727 -76.55308688307532,3.395385129974047 -76.55393277985003,3.395285683587087 -76.55407676217837,3.3952585593132385 -76.55410375928994,3.3952495168069703 -76.55444571786113,3.395195269000973 -76.55493165873393,3.395141025892106 -76.55511163669202,3.395122945361487 -76.55539060213164,3.39508678170682 -76.55548959051629,3.395068698606179 -76.55588554140314,3.395023495321643 -76.55593053649743,3.3950234972870796 -76.55602052512644,3.3950054135582337 -76.55691141678089,3.3948697930208995 -76.556993254702,3.3948643123558058 -76.55701144220637,3.3948630944292373 -76.55704639990171,3.3948607535842106 -76.55755933751469,3.3947974674671375 -76.55758633402455,3.3947974682380706 -76.55762553074004,3.394786527864276 -76.55774831495391,3.3947522568798516 -76.55788329901357,3.3946980004538676 -76.55811727189652,3.3946166172646586 -76.5581703650379,3.3945937526375047 -76.55817169700757,3.3946672290983093 -76.55818593730963,3.394727830906884 -76.55819885324435,3.3947718897221515 -76.55832850097006,3.394926125725654 -76.55831880083666,3.394918754851673 -76.55830935266106,3.3949111316575658 -76.55830015556297,3.394903760763668 -76.55829020347274,3.3948966521571204 -76.55828050246004,3.3948897967551135 -76.55827029843245,3.3948834568450463 -76.55825907662668,3.3948768637602362 -76.55824784671199,3.3948700093220903 -76.55823662490653,3.3948634162370133 -76.55822412616658,3.394856832245128 -76.5582121394701,3.3948504924041623 -76.558200153674,3.3948441616063856 -76.55819535630185,3.394841780673437 -76.5581884189652,3.3948383372276085 -76.5581769452326,3.394832766052973 -76.55816521140437,3.394826435244909 -76.55815348567491,3.3948200953930083 -76.55814072593031,3.3948124895089067 -76.55813026000861,3.3948053809207237 -76.5581197949967,3.3947985255468724 -76.55810959005133,3.3947916701627627 -76.55809913405844,3.394785330260669 -76.55808968505508,3.3947794976525176 -76.55808075892361,3.394774686020865 -76.55807337075196,3.394771393616112 -76.55806674751112,3.3947688707726678 -76.55805986332356,3.3947668534639703 -76.55805349207009,3.394764846082961 -76.55804686885858,3.39476308197849 -76.55804075949082,3.3947615810161675 -76.55803982180072,3.394761286238661 -76.55803140327681,3.394758363747701 -76.55802706701013,3.3947887921583133 -76.55782086533702,3.396348005397488 -76.55767655374561,3.3974392233727717 -76.5576106785804,3.3979373385638563 -76.55754283676379,3.3984503319801704 -76.55747301839334,3.3989782660205474 -76.55742147233096,3.39936802926277 -76.55741582715447,3.39941071601125 -76.557382640704,3.3996616573344975 -76.55738081535426,3.399675459401123 -76.5573774399489,3.3997011761717535 -76.55736907248574,3.3997644095686335 -76.55725326476565,3.4006401200218037 -76.55711887851109,3.4016563163400173 -76.55706303012416,3.4020786240950462 -76.55702573126747,3.4023606711363716 -76.55694974535322,3.4029352610017014 -76.55678556247624,3.404176763141418 -76.5567652603371,3.404330284203055 -76.55663403263733,3.405322588581412 -76.55661679102921,3.4054529666270583 -76.55585165134715,3.4051620833305924 -76.55584899077996,3.405173545903269 -76.5558362011219,3.405385825077061 -76.5558502611593,3.405586363156699 -76.55582189459426,3.4055831601323114 -76.55579516811814,3.406137835464899 -76.55578615818361,3.40645435473646 -76.55577715402697,3.4066080914938768 -76.55576814929643,3.4067708725274892 -76.55575013925568,3.407105477965246 -76.55575013705536,3.4071687815715377 -76.5557501348551,3.4072320860820824 -76.55572743202879,3.407695672784855 -76.5557231193257,3.407783732779801 -76.55568710064314,3.4084438993612394 -76.55566908891676,3.4088327650185652 -76.55566008031349,3.4091131098797063 -76.55565107276684,3.409348238783954 -76.55565104932742,3.410017450110126 -76.5556510386315,3.4103430123979583 -76.55565103471073,3.410433447019576 -76.55565101438303,3.4110393547294233 -76.55565100662675,3.41124735318019 -76.55565099642304,3.4115367419736935 -76.55565099095554,3.4117085660320394 -76.55564198779742,3.411817086819202 -76.55564198557704,3.4118799454854862 -76.55564198561815,3.4118810795242625 -76.55564198408786,3.4119381495283907 -76.55556939351699,3.4119582953892444 -76.55546367808745,3.411965956269053 -76.55537319900331,3.4119276753524015 -76.55530606435885,3.4118681941093767 -76.55528462357097,3.4118491974762586 -76.55523986018672,3.41183292826363 -76.55520013858492,3.411831858061074 -76.55509795309986,3.4118291053305265 -76.55506080957792,3.411824320916576 -76.55503223722378,3.4118090088040627 -76.55496937757813,3.4117621130433253 -76.5549005421757,3.411728430762702 -76.55485984981902,3.411708519620516 -76.55483604014572,3.4117046924134007 -76.55481318232894,3.4116941649376837 -76.55469222569594,3.411635787056079 -76.55456174567901,3.4115841088266574 -76.55450364924373,3.4115630543000877 -76.5544455524473,3.4115573138154565 -76.55431285163739,3.411561097724189 -76.55421031091974,3.4115640223398604 -76.554170310099,3.411555409932342 -76.55413651739809,3.411538566028755 -76.55406751132556,3.411538563922691 -76.5540084022325,3.4115353167044735 -76.5539274496592,3.411551589456913 -76.55386554464724,3.411576476256484 -76.55378840065147,3.411572650875639 -76.55370649353696,3.411543941007519 -76.55364839555132,3.4114769461007204 -76.55359419476017,3.411375486766264 -76.5535893430942,3.411366403770953 -76.55352981462046,3.4112563407522405 -76.55346552584805,3.411203702399318 -76.55334008657698,3.411134014858169 -76.55329120900215,3.411093561005124 -76.55323945596213,3.4110444391756887 -76.55320207873798,3.411019876843012 -76.5531647019776,3.4109823128531467 -76.5531388259253,3.4109447493752088 -76.55309857450541,3.4108956271468034 -76.55305832248082,3.410855173892912 -76.55301807026576,3.4108089410183027 -76.55299219432064,3.4107742668934846 -76.5529634432017,3.410739592865139 -76.55293756726037,3.410704917834424 -76.55289156499605,3.410667354124792 -76.55277705728814,3.410609301341617 -76.55267705479122,3.410570422720174 -76.55256574346826,3.4105644442531085 -76.55242362078837,3.4105663860787523 -76.55239014638505,3.410566842976962 -76.55226811950422,3.41054650847807 -76.55210145047347,3.410526176338053 -76.55196811471764,3.4105100292541763 -76.55187737184315,3.410487448210434 -76.5518407303907,3.4104783300705876 -76.55162108371782,3.4104376610305147 -76.55157822577739,3.4104286895846423 -76.55149489058839,3.4104251029634765 -76.55121869613033,3.4104125496894753 -76.55110500421202,3.410422722591234 -76.55097377379546,3.410420825847415 -76.5509676931586,3.410420041979974 -76.55093092148151,3.4104188855941886 -76.55088150880769,3.410413687219618 -76.55082750030006,3.410406755373191 -76.55076659598143,3.410403289161263 -76.55070799101097,3.4104032864846765 -76.55062985011456,3.410402128674616 -76.55055170907517,3.4103963515036835 -76.55047012124815,3.4103848002407977 -76.55042070938916,3.410376714293666 -76.55036210417127,3.41036862862986 -76.55029545411307,3.410368626178134 -76.55026902406829,3.4103674703503866 -76.55023340143984,3.410362271514824 -76.55018283958474,3.410356496172597 -76.550136875204,3.410347255265612 -76.55008631327978,3.410339170241015 -76.55000012929668,3.4103149158546158 -76.54991394538789,3.4102929711376855 -76.54979558642214,3.410267560165916 -76.54964734970413,3.410234065311759 -76.54958414066019,3.410227234959994 -76.54958763726543,3.410093898468706 -76.54961320500908,3.4098787929444097 -76.54966433712208,3.4094871093707826 -76.54969629227337,3.409300899031577 -76.54878259222504,3.4091692286316526 -76.54817239393759,3.4090857290431913 -76.54760692251885,3.409005440915169 -76.54736041831919,3.4089753017535402 -76.54739000569185,3.40915800147113 -76.5474042652777,3.4092487811595977 -76.54740440748664,3.409249689110228 -76.54741118940898,3.409292866502937 -76.54734968389181,3.409316586276762 -76.54728015948551,3.409343864837282 -76.54722111150798,3.409364923069831 -76.5471595192742,3.4093770971600743 -76.54707908047273,3.4093886414447527 -76.54697450893444,3.409393255547057 -76.5468607457343,3.4093938284069094 -76.54674123636187,3.409382275151795 -76.54663896427557,3.409361483607892 -76.54655393050125,3.4093360740397642 -76.54648383409436,3.4093095110302833 -76.54641603683609,3.4092794834375573 -76.54636317799795,3.4092540747928757 -76.5463080208253,3.409228667111303 -76.54626435616498,3.409200372473934 -76.54620919899794,3.4091749647866045 -76.54612991072791,3.4091356978668004 -76.54605751610114,3.4091125984988895 -76.5460069551737,3.4091045123537578 -76.54592192006179,3.4090952704710156 -76.54586238912874,3.4090935320987983 -76.54580992797878,3.4090991539378463 -76.54575529474,3.409114894460902 -76.54564219668859,3.409153834571797 -76.54554531570697,3.4091940584058853 -76.54552600682128,3.409202075858792 -76.54542181640119,3.409259276090092 -76.54526657851143,3.4093561744159104 -76.54518821120317,3.409401200672039 -76.54513706358576,3.409430587519919 -76.54504741711554,3.4094820945345305 -76.54493665498607,3.4095512230896747 -76.54466938399138,3.409709771928525 -76.54451765113811,3.409810026945027 -76.544386775707,3.4098949529026004 -76.54427431999393,3.410005671894481 -76.54425828249516,3.4100253307746624 -76.54410279557227,3.410215920068053 -76.54385835043489,3.4104974308578764 -76.54367018934329,3.4107048117039134 -76.54327656517307,3.4111839543679534 -76.54300848042311,3.4114794754914226 -76.54275276868874,3.4117558414854092 -76.54270919699637,3.411779530703482 -76.54256027044457,3.4118420862376566 -76.54247848114825,3.4118764411711826 -76.54240733034591,3.411905747844703 -76.54236909855791,3.411885739349788 -76.5422604524137,3.4117893928218446 -76.54170253681363,3.411319108321862 -76.54159455204326,3.4112557998551223 -76.54148656728697,3.411192490471706 -76.54138757941831,3.41115631190281 -76.54049669308952,3.410857834437574 -76.54019973008471,3.4107673851367997 -76.53971379241158,3.410604578990628 -76.53871818734908,3.410284912422244 -76.5387180082796,3.410285459549701 -76.5383729621397,3.4101885120216475 -76.53784203090177,3.4100166587658007 -76.53742808359146,3.4098809856990244 -76.5369511457994,3.409718178890327 -76.5364872521292,3.4095522200108532 -76.53642021567201,3.4095282380962924 -76.53540334722729,3.4092026187829667 -76.53464744611034,3.40894936056641 -76.53443999648385,3.4088877538012325 -76.53425149699065,3.4088317735075964 -76.5334865982743,3.4085694711264023 -76.5331086482789,3.4084518842551854 -76.53254172205119,3.4082709833376117 -76.53192080395851,3.4080810348290638 -76.5316645908712,3.407997715801412 -76.53161484443174,3.4079815386847647 -76.53093356234508,3.4077688380043707 -76.53042700215451,3.4076106864967675 -76.53029742315469,3.407579246722902 -76.53016603536861,3.4075473674416292 -76.52920316406805,3.407239831348511 -76.52859579126063,3.4070080006927523 -76.52849226249843,3.4069684847228565 -76.5277633617631,3.406715222642606 -76.527059116763,3.40646813646435 -76.52695458835666,3.4064314626670815 -76.52692335294216,3.406420503209581 -76.52680949261814,3.4063805548525017 -76.52613458483172,3.406163469195419 -76.52535169081112,3.4059192453454794 -76.52499174066924,3.4057926136092 -76.52455979659437,3.40571119348534 -76.5242808311267,3.405675001214165 -76.52341236215591,3.405594555232547 -76.52334162049556,3.4055581269196247 -76.52322614318943,3.405473999448805 -76.52269320870842,3.404924605838624 -76.52264111377652,3.4048721055468905 -76.52250827757501,3.404738235848951 -76.52237256250727,3.404526480074791 -76.52231184668373,3.403998882481002 -76.52226314868085,3.4038124253661506 -76.5220996099972,3.403576587995665 -76.52208105688229,3.4035498322968274 -76.52182978774199,3.4032378624591564 -76.52154895995061,3.4028466644820328 -76.52132232659176,3.402549550937577 -76.52079762245714,3.4018414314380077 -76.52044781802451,3.4013858569719595 -76.52025567450639,3.401118455179387 -76.52024299776586,3.401101041252062 -76.52016546871327,3.4009945373938475 -76.52009587579785,3.4008989344174885 -76.52005130610291,3.4008377080317125 -76.51946985333674,3.4000389441904817 -76.51914468271748,3.3996526939683975 -76.51908613696894,3.3995952856287177 -76.51896608576514,3.3994775669143764 -76.51884167733996,3.3993555742777315 -76.51831449333295,3.3989148415709014 -76.51774789487197,3.3984295399886446 -76.5163018390824,3.39720638011799 -76.51617629017119,3.397096830811557 -76.51585348893873,3.396815167013028 -76.5155061418499,3.3965081399238963 -76.51523516539737,3.396225876610127 -76.51490507095517,3.3958247693461048 -76.51443703031299,3.3952156833412164 -76.51402564923278,3.3946660206098636 -76.51348863714674,3.3939479926267397 -76.51334075271119,3.3937532514608213 -76.5132153354826,3.3935880958493763 -76.5131699710488,3.3935283576701516 -76.51270411937534,3.392911290035318 -76.51257397621505,3.3927422655428896 -76.51144061660865,3.391270305740702 -76.51117618474723,3.3909130663010227 -76.51093309614633,3.3905846599990213 -76.51091086940949,3.3905546330520875 -76.51062435164621,3.3900745317232337 -76.51045931350862,3.389664315187115 -76.51042294779234,3.3895589250965794 -76.51040681434948,3.3895121706667806 -76.51001538559022,3.388377776975412 -76.51000293724313,3.38832576566284 -76.51000194923267,3.3883206525264447 -76.51000924996049,3.388318911756194 -76.51004292161123,3.3883169126332335 -76.51007578877054,3.388314960525913 -76.51011204083055,3.388353989423161 -76.51017928877177,3.388347654359151 -76.51021711509321,3.388351878927149 -76.51025284004368,3.3883708866802347 -76.51029486949568,3.3883941177563637 -76.51034950713944,3.388417348964229 -76.51037682637912,3.3884321324621034 -76.51042726179459,3.388436357154927 -76.51047559603921,3.388436357661568 -76.51052813269214,3.388438469838132 -76.51057646700184,3.3884321345495194 -76.5106184958877,3.388423687564879 -76.51064371421766,3.388408904615491 -76.51068784549506,3.3883730028599794 -76.51071306311496,3.388339212538107 -76.51072987561835,3.3883307652907817 -76.51075719423785,3.3883180939884188 -76.51079291955772,3.388301199513198 -76.51085596424586,3.388286416940553 -76.51090429848311,3.3882864174256913 -76.51095263179965,3.3882885295370277 -76.51099886473939,3.3882969774153486 -76.51104299564786,3.3882969778518572 -76.51111444598821,3.388292755297048 -76.51115857695767,3.388286419938039 -76.51119640358564,3.388258965516487 -76.5112279255869,3.388239959355654 -76.51126785444642,3.388199833371118 -76.51130357993378,3.3881639315061647 -76.5113498122504,3.3881428129493965 -76.51137923289123,3.388138589972633 -76.51141285684061,3.3881364777591485 -76.51145488638927,3.388151261366009 -76.51150742293096,3.388163933441081 -76.51155785824004,3.3881787171223188 -76.51163351061142,3.388216731662678 -76.51169235246788,3.3882441869951467 -76.51175959911004,3.3882800898196304 -76.51180583100472,3.388305433401373 -76.51184996164926,3.388335000219181 -76.51191300594876,3.388362454671767 -76.51196344121838,3.388383574122014 -76.51201387656432,3.3883962461507595 -76.51204750044744,3.3884025822383848 -76.51208742801265,3.3884046942186425 -76.51212735655106,3.3883983587783932 -76.51215467508148,3.3883941357596292 -76.51216728428007,3.3883814642889827 -76.51218619807734,3.3883624570826947 -76.51221982122331,3.388349786697933 -76.51223663360561,3.3883540101004566 -76.51226815532004,3.388366681952488 -76.51229547455172,3.388385689557719 -76.51232489492801,3.3884131436946445 -76.51235641655656,3.3884363754956155 -76.51237322886995,3.388449046314616 -76.51240895296638,3.388468053987931 -76.51242996765835,3.388487061536014 -76.51245518562865,3.3885124040048584 -76.51247620023484,3.3885419705993947 -76.51248670703595,3.3885630896866985 -76.51250351928333,3.388584208826583 -76.51254134532864,3.388624334607437 -76.51260018619745,3.3886686856264077 -76.51263170785805,3.3886898039809976 -76.51268424427342,3.3887235949911654 -76.51273888284197,3.3887531618539333 -76.51278301360264,3.388774281210089 -76.51284185464218,3.388799624843659 -76.51294062400387,3.3888481985134473 -76.51300366836743,3.388875653798948 -76.51304149467299,3.3888862131420705 -76.51304841770327,3.3888517371284865 -76.5130571846545,3.388808078483786 -76.51332995260147,3.388022194788431 -76.51359740995677,3.387233114129909 -76.51377996199275,3.386670093723184 -76.51391793457738,3.3862819510976614 -76.51397736798081,3.386119869756132 -76.51399012784952,3.385774372110826 -76.51401563570103,3.3852411973247545 -76.51404326641358,3.384695226166308 -76.51406452950094,3.3841620513382855 -76.51412190575842,3.383163948522102 -76.5141474085189,3.3826990195597215 -76.51421329472112,3.3814194000007216 -76.5142247411544,3.3811317003527313 -76.51424944213417,3.380510868935825 -76.51426224382962,3.380071408730092 -76.51426646515519,3.3799265085037535 -76.51426015651032,3.379175794952401 -76.5142559520251,3.37866394418111 -76.51425390278274,3.3777255524797694 -76.51425609829889,3.376774365310078 -76.51425829768347,3.3757805232120983 -76.51425625433396,3.374765354063029 -76.51426271313188,3.3735753031568287 -76.51426492624722,3.372402313435404 -76.51424591695162,3.371237853264265 -76.51425661944796,3.370052068062075 -76.51425461247118,3.368559171333025 -76.51425258969837,3.367283812194187 -76.51425056701008,3.3659956557325446 -76.51424854825277,3.364656314599625 -76.51425077313071,3.363329769843188 -76.51425113939595,3.36332598880749 -76.5142511504958,3.362859242670031 -76.51427457254691,3.3628997897304367 -76.51434817613809,3.363042656651811 -76.51441163166868,3.3631089893595987 -76.51442617149358,3.3631132452671744 -76.51444362684683,3.3631176449826707 -76.51446124597827,3.3631213239413214 -76.51447900099238,3.363124275812573 -76.51449686039429,3.3631264951701954 -76.51451479628845,3.3631279783966557 -76.51453277628009,3.3631287227787325 -76.51455077247367,3.3631287274119144 -76.51456875337425,3.363127993200342 -76.51458668928655,3.3631265201438363 -76.51460455051533,3.3631243109552305 -76.51471878085769,3.3631090129591534 -76.51486855300686,3.363050349427814 -76.5150132482309,3.362978931058025 -76.51502310616354,3.3629742900505026 -76.51503920280692,3.3629662026453846 -76.51505503579554,3.362957604287409 -76.51507058803206,3.362948504019873 -76.51508584331908,3.3629389099817426 -76.51510078725883,3.3629288330250096 -76.51511540455373,3.362918283097322 -76.51512967990617,3.3629072701463287 -76.51514359981827,3.3628958059283685 -76.51515714899243,3.3628839031041036 -76.51517031393077,3.3628715716211968 -76.51518308203524,3.3628588259490044 -76.51519543890812,3.362845677843858 -76.51520737375107,3.3628321408707893 -76.51521887306622,3.3628182285948105 -76.51528995665711,3.3627263952447377 -76.5153356534116,3.3626600713258648 -76.51543465276929,3.362642221120884 -76.51545265161836,3.3626489865699716 -76.5154684710112,3.3626575841965565 -76.51548301170088,3.3626682183858945 -76.51549601812982,3.3626807001300194 -76.51550725813678,3.3626948087692554 -76.51551653375508,3.3627102928966064 -76.51552367851302,3.3627268784967836 -76.51554379349336,3.3627978447345974 -76.51554604037146,3.3628092457382235 -76.51555130623109,3.362826528573238 -76.51555865525785,3.362843026453365 -76.51556797407149,3.3628584870676104 -76.5155791195964,3.3628726725742317 -76.5155919226611,3.3628853668354672 -76.51560618709827,3.3628963772262086 -76.51562169514398,3.3629055328253616 -76.51563820833742,3.3629126952679123 -76.51565547471984,3.3629177542232727 -76.51566286695122,3.362932418104883 -76.51566636009818,3.3629500979347764 -76.51566475556801,3.3629680508491187 -76.51565818204689,3.3629848226726686 -76.515647174055,3.3629990532833434 -76.51563262245405,3.363009591462955 -76.51554631269484,3.3630504019966256 -76.51553087746079,3.363055874067418 -76.51551474122691,3.363063856577228 -76.51549971000422,3.363073782515364 -76.51548601505608,3.3630854999542636 -76.51547386514972,3.3630988280274305 -76.51546344835577,3.3631135623554687 -76.51545492304989,3.3631294786633887 -76.51545491914516,3.363188153031434 -76.51546137735502,3.3631972968290924 -76.51547300700612,3.363211089856589 -76.51548602064098,3.3632235706964195 -76.51550027338365,3.3632346000796858 -76.51551560506063,3.363244055919845 -76.51553184559987,3.363251831504056 -76.51554881143133,3.363257840919196 -76.51556631358581,3.3632620154345516 -76.51558415679494,3.3632643089278442 -76.51560214219084,3.3632646969809095 -76.51562678563128,3.3632613374899045 -76.51564471883134,3.3632625701938124 -76.51566218589151,3.3632668378541006 -76.5156786801943,3.3632740174782505 -76.51569372571765,3.3632839028748096 -76.51570688693334,3.363296207366455 -76.51571778320454,3.363310574642107 -76.51572609958407,3.363326590513365 -76.51573159581287,3.363343790149259 -76.51573346111945,3.363362604915133 -76.51573576286003,3.363380542475096 -76.51573856941968,3.3633984076904953 -76.51574187719906,3.3634161860918974 -76.5157456834987,3.363433863209874 -76.51574998651897,3.3634514245749982 -76.51575478266057,3.3634688566221715 -76.51576006742431,3.3634861457862923 -76.51576583631099,3.363503277597919 -76.51577208572132,3.3635202375876143 -76.51577881025622,3.363537013998946 -76.51578267954667,3.363554725481897 -76.5157854204261,3.363570975548727 -76.51579083301044,3.3635800189574505 -76.51579800301599,3.363588215914194 -76.51580791485861,3.3636008631326475 -76.51581691244424,3.3636144282498166 -76.51583666410728,3.3636470007997974 -76.51584481856001,3.3636542075106304 -76.51585648783391,3.3636641706612926 -76.51588348152546,3.363698509417866 -76.51589430672736,3.3637103092749054 -76.51590147673507,3.3637184338838098 -76.51590956100016,3.3637256414980925 -76.51592130045992,3.3637365225515827 -76.51592755621513,3.3637446480602606 -76.51593929567133,3.3637563773827703 -76.5159482932602,3.363769942498684 -76.51597437363844,3.3637970754814797 -76.51598512865381,3.363808874432818 -76.51603644542256,3.36384773679905 -76.51604902895373,3.363857699951624 -76.5160760226903,3.3638848320315526 -76.51608776215801,3.363894795179721 -76.51614442039147,3.363952663136529 -76.51615883149917,3.3639698320627973 -76.51620740448713,3.364039498879734 -76.51621281617402,3.36404946109364 -76.5162235711672,3.3640675488101586 -76.51623439542193,3.3640919243903924 -76.51624789227996,3.3641090933112228 -76.51626230246403,3.364132621542148 -76.5162838826706,3.364162509110693 -76.51637118988025,3.364252030834214 -76.51637927415709,3.3642583196369067 -76.51638918694839,3.3642628422748824 -76.5164197667031,3.36427280640406 -76.51643593619902,3.364275562895712 -76.5166779829528,3.3642854727273432 -76.51675271421756,3.3642737500871793 -76.51676796948561,3.3642701481678285 -76.51680846484824,3.3642556671575337 -76.51681837767599,3.3642511464091185 -76.51684628856542,3.364233980368537 -76.51685795883493,3.364223101224537 -76.51686787259257,3.3642104549968694 -76.51687328615827,3.3642014116354164 -76.51687961490093,3.364186009875498 -76.51689311461988,3.3641634023758398 -76.51689761393494,3.364153511645892 -76.51689937229342,3.364142631559596 -76.51690029034867,3.3640883712708054 -76.51689220888122,3.3640521968077715 -76.51687597204105,3.3640115006227025 -76.51686522080622,3.3639481960030437 -76.51686072437204,3.363910184842381 -76.51685889680307,3.3639002931840967 -76.51685081347752,3.3638803687738443 -76.51683548995052,3.363851400953684 -76.51681299638054,3.3638215839320442 -76.51679415708625,3.363801658575386 -76.51677342001513,3.363777282962625 -76.51673742773455,3.363743790655971 -76.51673025771973,3.3637356651488934 -76.51670143733425,3.363690446315549 -76.51668794232366,3.363660630230977 -76.51668618494588,3.3636506680342184 -76.51668794707649,3.3635964077484606 -76.51669068987778,3.3635855276663444 -76.51669603325296,3.3635764852098196 -76.51670236106949,3.363567441852837 -76.51671494558181,3.3635574806173176 -76.51672935768875,3.363550275811723 -76.51675994020833,3.363538549378251 -76.51681126079025,3.3635258363911005 -76.51682201676077,3.3635249890676553 -76.51690841723223,3.3635276807069276 -76.51692999936236,3.3635258449812686 -76.51697140802793,3.363515957101135 -76.51699299016103,3.363513203470788 -76.5170514816701,3.3635041639190852 -76.51710280314931,3.363490602647278 -76.51714329757499,3.3634761225270915 -76.51715770967758,3.3634689168107883 -76.51718112125471,3.363454434820335 -76.5172008767018,3.3634453933153856 -76.51720987526691,3.363440872559726 -76.51721978808459,3.363436350902791 -76.5172404568744,3.3634300649187225 -76.51734759628104,3.3634372791850446 -76.51737543507328,3.3634436403917665 -76.51738984622725,3.3634508480145136 -76.51740692813057,3.3634644140477272 -76.51741416834065,3.3634716207424593 -76.51742583760236,3.3634897084488653 -76.51743216261674,3.3635105516564643 -76.5174321616477,3.3635322413042283 -76.51742674434989,3.3635855827720356 -76.51741507129613,3.363627195857218 -76.51741141139361,3.3636868966368385 -76.5174015650093,3.3637393192823377 -76.51739340867762,3.3637528834246035 -76.51738982271928,3.363763763505922 -76.51738714819147,3.363812584195491 -76.51737273423575,3.363835191699191 -76.51736914827985,3.363845152972793 -76.5173664054856,3.3638559625183935 -76.51736464711807,3.3638713642966507 -76.51736105646516,3.363941874630604 -76.5173646414567,3.3639518368321077 -76.51737181147834,3.363959962334475 -76.51741771478217,3.3639979763406753 -76.51742671331952,3.364003416868412 -76.51745188044598,3.364013380947674 -76.51746179324846,3.364015148056217 -76.51754819285655,3.364020594252791 -76.51755719139483,3.364026034779317 -76.51757518664468,3.3640458895801326 -76.51759051111824,3.364067651621718 -76.5176048511671,3.364083902623032 -76.51761384878202,3.36409746772346 -76.5176273447454,3.3641209959314042 -76.51763275734702,3.3641309581374044 -76.51765975021918,3.364163460133489 -76.51767416043792,3.3641869883434845 -76.51768407231076,3.364199635542677 -76.51769306992783,3.36421320154668 -76.51772006184648,3.3642656975543503 -76.51774881212265,3.3643054767625244 -76.51776772163737,3.3643244832930836 -76.51778754540891,3.3643425719226046 -76.51783794894082,3.3643751454229136 -76.5178469474865,3.3643796680434472 -76.5178721146294,3.3643887133041472 -76.51788294079009,3.3643904804109113 -76.51791527981153,3.3643895644049757 -76.51792519173323,3.364385961548546 -76.51796842989195,3.3643533946376922 -76.51797918679908,3.364341667208568 -76.51798910054346,3.364329020969475 -76.51799901338555,3.36431722299951 -76.51800442784348,3.3643073322668715 -76.51800892804805,3.364297370993419 -76.51801518569664,3.3642774475349215 -76.51802242777305,3.3642629645775735 -76.51802868539308,3.3642539212118896 -76.51803951248712,3.364242194686593 -76.51806018313685,3.3642169022091903 -76.51806559669161,3.364207859745424 -76.51808901105699,3.3641598891852924 -76.51809442461347,3.3641499270093984 -76.51810251075214,3.364135514591939 -76.51810876838421,3.3641210316314107 -76.51815109786222,3.3640106771547735 -76.5181600982654,3.3639908242404046 -76.51816459756483,3.363981781773781 -76.51816909867941,3.3639663800008615 -76.51817992670138,3.3639410874964653 -76.51818527006701,3.3639311262241867 -76.51819792567287,3.363914806567753 -76.51821142536195,3.3638904328770973 -76.51821951150993,3.363870509421534 -76.51822492597613,3.3638551781889015 -76.51824109919605,3.3638045226271487 -76.5182474298039,3.3637511811571823 -76.51825193001842,3.3637348605761783 -76.51825727429467,3.363719529343155 -76.51826993082598,3.3636905634201395 -76.51827527510187,3.3636751616486222 -76.51827977626358,3.3636381407657474 -76.51828428017717,3.363578439984734 -76.51828793722608,3.3635621203058643 -76.51829243742222,3.3635530769342314 -76.5183067802641,3.3635304694165713 -76.51831310807991,3.3635151381854587 -76.51831669494976,3.363494296815213 -76.51833469576427,3.363443710889785 -76.5183436961443,3.3634301467414467 -76.5183742795973,3.363393057187443 -76.51838243499861,3.3633857809004652 -76.51839227762352,3.3633804118664896 -76.5184066897137,3.363374054400889 -76.51844718411735,3.3633586554186814 -76.51846068285793,3.363350530873406 -76.51847326734965,3.363340570519392 -76.51850750506182,3.363324322347598 -76.51851741786676,3.363322486561923 -76.51855791226279,3.3633089242860086 -76.51858490881703,3.363304404458896 -76.51861457614733,3.363296281752918 -76.51863615917779,3.363289995740968 -76.51868656638187,3.3632709938848806 -76.51870547864922,3.3632610335400352 -76.5187153914582,3.3632565127721574 -76.51873964616613,3.3632447862642363 -76.51875405825206,3.363238428793464 -76.51884496166409,3.3631913807623577 -76.51885487447011,3.363187778800685 -76.51886471618913,3.363183258031152 -76.51888812773117,3.363170612710397 -76.51889895478766,3.3631679286531444 -76.5189079533455,3.3631615711707967 -76.51895112122752,3.363129922118517 -76.51896911834012,3.363118194690102 -76.5189979434078,3.363103713568947 -76.51903393942891,3.363081107883628 -76.51906993453207,3.3630693117517683 -76.51909510257956,3.3630602702165193 -76.51911042891004,3.3630557494527507 -76.5191211848748,3.363053984200546 -76.51916167925143,3.3630404218993877 -76.51919141766263,3.3630286248496404 -76.51920133046701,3.3630241040767843 -76.51921482919802,3.363015061617673 -76.51922917108999,3.363007855870467 -76.51924182575817,3.3629978955065196 -76.5192570828126,3.3629825651855145 -76.51927958009497,3.3629680831431052 -76.51929132141217,3.362956285162021 -76.51929940661313,3.362949997308868 -76.51930931941504,3.3629463953425396 -76.51932007537718,3.362945477453049 -76.51936331068241,3.362949084008208 -76.51937947927051,3.3629472482214218 -76.51939297799773,3.362939123663123 -76.51940289080137,3.3629336849848994 -76.51942988643529,3.3629346047287116 -76.51943979922834,3.3629382094323885 -76.51944879686734,3.362943649941519 -76.5194559668989,3.362951775428683 -76.51946313692346,3.3629662593178686 -76.51946679212145,3.362976221511907 -76.51947578975195,3.3629897874997505 -76.51949378410693,3.3630232778772458 -76.51951086511079,3.3630566968106765 -76.5195108623705,3.3630947079549545 -76.5195126188694,3.363110957106075 -76.51951803057894,3.3631263598005434 -76.51954052328897,3.363181540734194 -76.51954951910494,3.3632122746781197 -76.51955401836942,3.363221318065025 -76.51959450727742,3.363279184900345 -76.51960174840205,3.3632863915788165 -76.51965299509727,3.363326243100513 -76.51966199274109,3.3633316130692457 -76.51967190553816,3.3633361356738214 -76.5196979860246,3.3633443335233406 -76.51971422570242,3.3633479373254596 -76.51978979911173,3.3633515466023263 -76.51983746352636,3.3633497126411473 -76.51985370320865,3.363347947384922 -76.51991219467688,3.3633461152365904 -76.5199652726212,3.3633389122167356 -76.5199976808949,3.363337996141496 -76.52012183296942,3.3633425269402086 -76.52017399575283,3.363352492769651 -76.52019473380577,3.363359700353334 -76.52020998904442,3.3633633050511325 -76.52023614152567,3.3633678285600443 -76.52027839060536,3.363394114068007 -76.5202883025043,3.3634049245299282 -76.52029730015033,3.3634175717024197 -76.52031346783903,3.3634374960863336 -76.5203269647597,3.363453747047485 -76.52033870336373,3.36347183471896 -76.52035311453855,3.363485401604116 -76.52037110983471,3.3635071636026934 -76.52039986019692,3.3635424201376596 -76.52042776739623,3.363583118074677 -76.52046917152462,3.363627418895699 -76.52047634156963,3.3636355443752235 -76.52048533922014,3.3636491103535393 -76.52053574190576,3.3636979346720834 -76.52055465146279,3.363716941148656 -76.52059240128995,3.3637476768910775 -76.52061489677197,3.3637612437719926 -76.52062755053733,3.3637721247686008 -76.5206680422275,3.36379833972114 -76.52077777869322,3.363856211018185 -76.52081285775738,3.363868931431051 -76.52082276966533,3.3638734531194996 -76.52085067868413,3.3638897049736007 -76.52087050250088,3.363898750158296 -76.52089566965873,3.363905958629864 -76.52090558246762,3.3639113991250853 -76.52091907940198,3.3639204434066605 -76.5209280779577,3.363924965998703 -76.52094333230869,3.3639304073958503 -76.52096407127901,3.363936767598126 -76.52098565341292,3.3639403722810695 -76.52112604436131,3.3639485067319743 -76.52114671314013,3.363947589720823 -76.52117279544582,3.363941303649898 -76.52124211310375,3.363934031820343 -76.5213410989792,3.3639087455453858 -76.5213915061635,3.3638906623568388 -76.5214230019944,3.363882539563651 -76.5214329147979,3.363878866133011 -76.52144725668705,3.363872579160818 -76.52153365896945,3.3638426997438176 -76.52155074360914,3.363829135557763 -76.52156065641074,3.3638246147609117 -76.5215759818411,3.3638192465934256 -76.52162006213288,3.3638002445919453 -76.52165788572718,3.3637794049802854 -76.52167764114377,3.3637740368061855 -76.5217469605553,3.3637414706007873 -76.52177845726374,3.363721549799727 -76.52181353810109,3.363707068587385 -76.52183962039491,3.363699863690906 -76.52185761839162,3.3636944249770666 -76.52197284566758,3.363637487682691 -76.5220034281139,3.363616647163661 -76.52202501289301,3.3635859159101806 -76.52205742294788,3.363568749712849 -76.52209341803545,3.3635587901800346 -76.5221303264911,3.3635587928341986 -76.52216632158057,3.363550670009599 -76.52223381246236,3.3635226263677698 -76.52230488837397,3.3635009411168224 -76.52234179681437,3.3634937370917046 -76.52237863508553,3.3634973426200236 -76.52241554263728,3.3634964273600683 -76.52245153772209,3.363488304524895 -76.52252444125348,3.3634774297133734 -76.52267200395579,3.363468395969786 -76.52274581997659,3.3634756784424025 -76.52278090081337,3.3634711593848774 -76.5228168958858,3.363459363114329 -76.52289071276394,3.363448557907249 -76.52292846527273,3.3634458050105307 -76.52296354609429,3.3634358463520293 -76.52299869709945,3.363424120615206 -76.52303103694095,3.3634060355779045 -76.52306168954861,3.3633861138329384 -76.52308953099687,3.363361740941598 -76.52311835598734,3.3633382163161127 -76.5231705231295,3.36328395950166 -76.52320026236345,3.3632586677943723 -76.52322276134944,3.363227865068889 -76.52325067207803,3.36320349217267 -76.52332442393622,3.3631193514332853 -76.52336400836504,3.3630569691649503 -76.52345400157857,3.362939410358064 -76.5235098273617,3.362842692121271 -76.52352515538351,3.3628101232376975 -76.52353415651741,3.3627739496810425 -76.52355124194723,3.3627395440806933 -76.52357549743999,3.3627133335708685 -76.52363314735551,3.3626654360203694 -76.52370872675021,3.362583131956134 -76.52375372376724,3.3625243525372714 -76.52380047819995,3.3624674107257 -76.52387971622802,3.3623425747040434 -76.52393012585132,3.3622856328735597 -76.52394446767927,3.362272987462179 -76.52395578329151,3.362258387786218 -76.52396575272805,3.3622455244442544 -76.52397170793427,3.3622378402613684 -76.52398370383213,3.362222362470256 -76.52400399904398,3.3621961754762077 -76.52402066336117,3.3621746747754084 -76.52404130141377,3.362148045557938 -76.52405143732025,3.3621349678863086 -76.52407277732105,3.3621262309977378 -76.52409000769546,3.3621191761927465 -76.52412857806944,3.362103383593312 -76.52413965796707,3.3621029928784845 -76.52416929014677,3.362101948258325 -76.52421000312381,3.362100512017292 -76.5242495147994,3.3620999719783087 -76.52429301642617,3.362099377662121 -76.52428944114658,3.3620570419853766 -76.5242926186443,3.362087133828194 -76.52430847109765,3.3622523084337996 -76.52435370972151,3.3627882805906912 -76.52440847179344,3.363384071057657 -76.52445458985248,3.363735769814243</coordinates>
                        </LinearRing>
                    </outerBoundaryIs>
                </Polygon>
            </Placemark>
            <Placemark id="nur_upu_unidades_planificacion_urbana.13">
                <ExtendedData>
                    <SchemaData schemaUrl="#nur_upu_unidades_planificacion_urbana_1">
                        <SimpleData name="upu">13</SimpleData>
                        <SimpleData name="nombre_upu">MÉLENDEZ</SimpleData>
                        <SimpleData name="area_ha">558.885718485</SimpleData>
                        <SimpleData name="estado">Adoptada</SimpleData>
                        <SimpleData name="url1">http://idesc.cali.gov.co/download/upu/acuerdo_0433_2017_upu_13.pdf</SimpleData>
                    </SchemaData>
                </ExtendedData>
                <Polygon>
                    <outerBoundaryIs>
                        <LinearRing>
                            <tessellate>1</tessellate>
                            <coordinates>-76.54611276396399,3.3953938836185977 -76.546049787776,3.3950321448474257 -76.545995811799,3.3946523190804307 -76.54595419288208,3.3944379144065793 -76.54592383753568,3.3942815362525005 -76.54584287196643,3.3937479719861656 -76.54577090002427,3.393322928884461 -76.54568993395615,3.3927984070649706 -76.54560879145728,3.3923032780174047 -76.54557116871281,3.3920737074697778 -76.54538080251157,3.3909120943480224 -76.54531565637778,3.390514571811307 -76.54517714261006,3.389669366027396 -76.5450871837609,3.3890363229192233 -76.54496892689589,3.3882365803293175 -76.54488927066996,3.387697890089447 -76.54466457202375,3.3861247496544506 -76.54464789804135,3.38600800911473 -76.54463992736444,3.3859522062502947 -76.54463738567641,3.3859344143733923 -76.54454742392004,3.3853737190839266 -76.54440349341223,3.384306591452812 -76.54434951734272,3.3839448522555373 -76.5443135308077,3.3837730253492375 -76.54419657211076,3.3832394598915134 -76.54413359380047,3.382950067915767 -76.54406161974863,3.3826335442105178 -76.54397164858065,3.382253717288192 -76.54392666575686,3.38202763031064 -76.54380070740282,3.381512149947815 -76.54362446313506,3.3807149306452717 -76.54362077237073,3.3806982339440594 -76.54347681927494,3.380128492777091 -76.54341384111964,3.379866230868238 -76.54336885647245,3.3796672730830113 -76.54334883614953,3.3795892925024815 -76.54322490388918,3.379106575242945 -76.54308994967808,3.378563963921711 -76.54304496329125,3.3784011805344427 -76.54292800338531,3.3779128308446715 -76.54269408294792,3.3769723049216416 -76.54263126332987,3.3766587452750536 -76.54247475084408,3.375877521150154 -76.54243318407777,3.3756700416489474 -76.54239417413348,3.3754753268171833 -76.54238454539716,3.3754273528114025 -76.5425377442826,3.3753612341050565 -76.54258298052265,3.375320555957298 -76.54265420563482,3.3751936730101733 -76.54269773314728,3.374999687911935 -76.54274534986544,3.3749350836332352 -76.54279653697124,3.3748585148792687 -76.54284177208737,3.3747699827728654 -76.54289121913195,3.374745726386253 -76.54294176849662,3.3747209291775615 -76.54301081518507,3.374722124018744 -76.54309013169625,3.3747476462110657 -76.54319811435789,3.3747747810661752 -76.54331509498928,3.3748109608858763 -76.54341407922168,3.374847139307486 -76.54354413944833,3.3748848172786 -76.5436534100289,3.374881631409929 -76.54379056291864,3.3748776336694717 -76.54390365521604,3.3748740416331766 -76.54395722444441,3.3748465240503966 -76.54404398907559,3.3747929082763655 -76.54411598059373,3.3747386516783595 -76.54420944191706,3.374644236520796 -76.54425244868656,3.3745498180678424 -76.54430839840711,3.3744636785094366 -76.54434996172212,3.3744040562981183 -76.54439495678825,3.3743678852919405 -76.54442195387396,3.3743407562978676 -76.54446694825562,3.3743136277633936 -76.5444759487197,3.3742774549280523 -76.54447595053509,3.3742412814104625 -76.54446695438162,3.374196063831201 -76.54446695529748,3.37415989031357 -76.54439648121584,3.3740377693500867 -76.54434998244295,3.3739609298022333 -76.54433198993415,3.3738614512611345 -76.54434998882357,3.373816234826318 -76.54439290306773,3.3737673913834114 -76.54449397189576,3.373716764053687 -76.54461309719203,3.3736946997794646 -76.54464051413257,3.3736896212408727 -76.54479408348828,3.373738667797892 -76.5449067439347,3.3737800872687 -76.54498931894744,3.373810445623628 -76.54508336344648,3.3737972833220593 -76.54511074196945,3.3737314820955744 -76.54510760732246,3.37367888678447 -76.5450988326542,3.373531688823499 -76.54510758264072,3.3733765313398822 -76.54511192165454,3.3732995937743864 -76.5451124466642,3.3732074905579115 -76.54511310695217,3.373091425999354 -76.54513691497489,3.3730328034964914 -76.54514762595696,3.372921541621481 -76.54516071836633,3.372825831585581 -76.54520491366499,3.372694892273598 -76.54521071266126,3.372634411811805 -76.5451880886401,3.372433422369674 -76.54518451386332,3.3723054116122997 -76.5451416558443,3.3722240602649087 -76.54509760710397,3.3721343338715997 -76.54502975049006,3.3720721243689264 -76.54490798979845,3.3719894926478706 -76.54484500166073,3.371935228523116 -76.54478201240147,3.371908095437941 -76.54471902314567,3.3718809623486328 -76.54468302999443,3.3718628737723013 -76.54461308868781,3.371847217802349 -76.54448690067385,3.3717988876771554 -76.54445356738108,3.3717749615248755 -76.54442263772843,3.3717184502059556 -76.54441166161716,3.371698394972532 -76.54435832868909,3.3716663338841872 -76.54424404516405,3.371625181165272 -76.54418452181505,3.3715816351259793 -76.5441635687163,3.3715151179597243 -76.54417166237745,3.371452906543481 -76.5442064221044,3.371409358204629 -76.5443478452062,3.3713294374923737 -76.54454878943758,3.3712404221702186 -76.54469449942566,3.371196871062551 -76.5447654495785,3.3711820345335064 -76.54485306517057,3.371130827820782 -76.54497204427696,3.371069072112682 -76.54499782138664,3.3710556926870825 -76.54503256317362,3.3710524841240144 -76.54517924391712,3.3710389388538307 -76.54525898114535,3.3710218638290876 -76.54544875862236,3.370959493115576 -76.54553589809494,3.3709068502648063 -76.54561922714217,3.370838511814463 -76.54569636752899,3.37079352714177 -76.5459068964418,3.370723460788728 -76.54603287948385,3.3706782496313252 -76.54616786179231,3.3706239948400616 -76.54624022261744,3.3705997792768083 -76.54640640709347,3.3705605338277205 -76.54647712000884,3.3705607706857754 -76.54662640331713,3.370624652737906 -76.5467292578085,3.370636853104695 -76.54686568403241,3.3706713046910357 -76.54704639594054,3.3707682059178636 -76.54719496547106,3.3708557752259423 -76.54734496559874,3.3710014888817827 -76.54737639688895,3.371133566574708 -76.54745568313315,3.371210371611613 -76.5475678237083,3.371234773863377 -76.54771639048946,3.3712189781640496 -76.54785781350029,3.3711471914619255 -76.54794946712782,3.371114652605699 -76.5480013796447,3.3710962225387204 -76.54803852047732,3.3710617662101416 -76.54803209029359,3.371005776115388 -76.54799280309156,3.3709045646258056 -76.54793994528853,3.3708428342007233 -76.54786637485812,3.3707947417728206 -76.54779923208622,3.3707444968343085 -76.5477516188247,3.37068736933159 -76.54771562645912,3.3706331073481506 -76.5476706348338,3.370587888090409 -76.54760764688487,3.370542668428252 -76.54752666316956,3.370452230554412 -76.54749637385312,3.3704200505288293 -76.54747494479835,3.3703633437057903 -76.54748167667744,3.3702984907286173 -76.54748928707242,3.3702755501755064 -76.54753351009238,3.370219060378288 -76.54759779272406,3.3701594789927785 -76.54767065471391,3.370135717286807 -76.54772464637446,3.370135720297841 -76.54778763624792,3.370153809813147 -76.54789707232793,3.3702319704760084 -76.54798064315547,3.370290111623508 -76.54806658629204,3.370325646055397 -76.54816706873488,3.3703697839374227 -76.54824421065655,3.370416440152413 -76.54827354894694,3.3704522628550104 -76.54830054375444,3.3704793940313698 -76.54838278340632,3.370589430616585 -76.54841992561516,3.3706045039600383 -76.54844616773758,3.370617264319006 -76.54850849570559,3.3706475705077135 -76.54857420983117,3.3706769993867134 -76.54860349488713,3.370707147359715 -76.5486157442941,3.3707871456469576 -76.54861921210973,3.3708097946911653 -76.54866635433459,3.3708507091931637 -76.5487324629165,3.3708592360861998 -76.54880135160094,3.370851423315297 -76.54890563307917,3.3708241427264283 -76.54895991610802,3.370785379404066 -76.54898919993273,3.3707415914057726 -76.54899991185013,3.370678423084328 -76.54902942853963,3.37059698929677 -76.54903842880167,3.3705608164178806 -76.54904276320552,3.3704910710329283 -76.5490606173157,3.3704279015964156 -76.54906061562392,3.3703697580905465 -76.54903132808134,3.370254189983053 -76.54902416218096,3.3702126783670545 -76.54902078263373,3.370193097740258 -76.54907362167759,3.3702584590245146 -76.54907570819094,3.3702493703664715 -76.54907992530518,3.3702310040424344 -76.54909253342052,3.370205661408375 -76.54910093828431,3.3701803188978423 -76.54910724215682,3.370161311336628 -76.54910724154136,3.3701401923317613 -76.54911564615794,3.3701064014956508 -76.5491240510203,3.3700810589848773 -76.54912405009662,3.370049380929694 -76.54912404874186,3.3700029187571388 -76.54911143878336,3.36996490528122 -76.54909252536243,3.3699290036197396 -76.54908201682697,3.369899437502679 -76.5490525949974,3.3698381938858613 -76.54902737746393,3.3698128514584873 -76.54901056444652,3.3697811738963495 -76.54899375208485,3.3697410480083674 -76.54898534519991,3.3696966986153583 -76.54899164864261,3.36966290784158 -76.54899374938799,3.369648124566854 -76.54900845848856,3.3696164460800704 -76.54901896452385,3.369591103508343 -76.5490357756354,3.3695573124259 -76.5490504839349,3.3694981791413072 -76.5490630911816,3.3694432691766054 -76.54909040748203,3.3693862471500013 -76.54911562412097,3.3693503450939675 -76.5491303334595,3.369327113122097 -76.5491555493805,3.369297545952699 -76.54917656307622,3.369272203069388 -76.54919757658566,3.3692405234892724 -76.5492311985633,3.369196172856466 -76.54925851642741,3.369162382363793 -76.54929633963131,3.369080016852267 -76.54930894676465,3.369052562585768 -76.54932155417725,3.369003988409409 -76.54934046569706,3.3689448549953576 -76.5493530731688,3.3688983924477434 -76.54937408508168,3.368843483133425 -76.54938879412597,3.368780125680258 -76.54941400952774,3.368733663661395 -76.54943292153462,3.368691425087926 -76.54945183270227,3.3686512981433365 -76.54946444097483,3.36863229129595 -76.5494728458158,3.368606947877235 -76.54948125034474,3.3685710454078666 -76.54948545290307,3.3685478146478447 -76.5494896540003,3.3685055765115655 -76.5494917550746,3.3684717867635356 -76.54949805886643,3.3684506675700234 -76.54950436138392,3.368416876792295 -76.54951066529993,3.368399981761527 -76.54952957773327,3.368372526399437 -76.54954638803166,3.3683429594705077 -76.54957790860394,3.36829227309592 -76.5496010229381,3.368250034393261 -76.5496178334827,3.3682289148844315 -76.54964725178856,3.368171893682691 -76.54966406304256,3.3681444383808983 -76.54967877191098,3.3681064240912244 -76.54969348109212,3.36807896885197 -76.54969137833083,3.368055738280141 -76.5496808705723,3.368021948005511 -76.54966195639426,3.3679902705164575 -76.54966405771245,3.3679649272848384 -76.54967036066029,3.367945920623682 -76.54969137443942,3.367924800987425 -76.54973550303984,3.367878337487499 -76.54974811135993,3.367861442265533 -76.549771226369,3.3678424341936215 -76.54980905220692,3.3678213140486726 -76.54985738389526,3.367800194489523 -76.54990991901174,3.3677854096887025 -76.5499540495719,3.367774848398163 -76.55003180098441,3.367745279613167 -76.55008433642263,3.3677114874264418 -76.55011795779025,3.3676798083466695 -76.5501515801193,3.3676502408949776 -76.55017469486033,3.36762278539205 -76.55024404023132,3.3675488672056986 -76.55027556022637,3.3675108523925377 -76.55031758786716,3.367472837256272 -76.55036171673848,3.3674369336829573 -76.55039533840905,3.367415813644299 -76.55043316363776,3.3673756860985673 -76.5504772929516,3.3673545657336486 -76.5505361310221,3.3672933194345487 -76.55054873893327,3.367263752617792 -76.55056765009266,3.3672257381845503 -76.55057395359489,3.3671961715623016 -76.55057815625099,3.367177164055745 -76.5505823579424,3.3671560449199065 -76.55060127012773,3.3671222537445047 -76.55062858710986,3.3670631200439125 -76.5506474985864,3.367035665564154 -76.55066641096171,3.3670082101796557 -76.55067691640764,3.3669659718418785 -76.5506853222329,3.3669448525750982 -76.55068742229831,3.3669089502901848 -76.55069372527575,3.36686248882396 -76.55071263668167,3.366832921809234 -76.55073995462415,3.366805466162146 -76.5507609680306,3.3667737874518204 -76.55077147425084,3.3667568913775083 -76.55078828518883,3.366720988634392 -76.55079248609253,3.3666745272328464 -76.55081349923385,3.3666344001954407 -76.55083241107529,3.3665900499644645 -76.55084081560291,3.3665562600160754 -76.55084291611844,3.3665351409444404 -76.55084922012992,3.366522469163257 -76.55086392938529,3.3664992380688337 -76.55087443617428,3.3664717829424338 -76.55088704283847,3.3664316570700987 -76.55090595519553,3.3664042016807594 -76.55093327312073,3.366376746028147 -76.5509731990134,3.3663514025135965 -76.55099211189078,3.3663408419657666 -76.55101522710224,3.3663302821901104 -76.55106356018184,3.366328168139287 -76.55110348698997,3.3663323910471448 -76.55114551579966,3.366334501353495 -76.55119174740577,3.3663513956436533 -76.5512274719468,3.3663577294039286 -76.5512884146909,3.3663830706462803 -76.5513913856836,3.3664210812313167 -76.55145022670106,3.3664569815809906 -76.55150276292042,3.3664802105435 -76.55156790821465,3.3665118874264 -76.55162885151222,3.366554122585815 -76.55168348944494,3.366594247218509 -76.55175704072687,3.366638594499093 -76.55180957793026,3.366663935074009 -76.55185370866472,3.3666892768213756 -76.55187262158326,3.3667082835881583 -76.55193986876958,3.366733623681389 -76.55201762193553,3.3667631875924564 -76.55210168041042,3.3667927512924063 -76.55213110084064,3.366807533549732 -76.55216682574448,3.3668244281345374 -76.55218784060358,3.366839210663732 -76.55225508683874,3.3668624391056596 -76.55231813026145,3.366870884466835 -76.55236646377533,3.366881441935208 -76.55244421655355,3.366898335131881 -76.55244494004276,3.366898439106991 -76.55251776679096,3.3669088917641847 -76.55257870953305,3.366932120391021 -76.5526585645946,3.3669553492932045 -76.55266997138985,3.366961293129735 -76.5527153043136,3.3669849138424444 -76.55274682564998,3.366991247685631 -76.55278255001568,3.3669912465005356 -76.55278825691562,3.366991246311097 -76.55283718759844,3.3669912446854826 -76.55291283929418,3.3670102495435255 -76.55295911709821,3.3670345131975803 -76.55296117330963,3.367035591099858 -76.55304102852826,3.367063042324506 -76.5531208834708,3.3670820470255705 -76.5531503042056,3.367105276672978 -76.55321334849515,3.367139065143923 -76.55325958066705,3.3671707416435948 -76.55328900133729,3.3671918596574675 -76.5533562481166,3.3672298712357303 -76.55340878463402,3.3672594358859067 -76.55343820578501,3.36726788231111 -76.5534760316843,3.3672784409840184 -76.55351595839862,3.3672784396293225 -76.55356008828014,3.3672763265008796 -76.55359161010408,3.3672699896367573 -76.55364624673078,3.3672678752424847 -76.55368617434448,3.367267873880761 -76.55376182579134,3.3672784312509534 -76.55381015955508,3.3672953244389894 -76.55385849296184,3.3673016585741897 -76.55391733297168,3.367303768183217 -76.55397196967138,3.3673037663041496 -76.55402240475335,3.367324883571992 -76.55407284070381,3.3673713440050155 -76.55410856609465,3.3674009091972006 -76.55414639244012,3.3674241385233863 -76.55417791542355,3.3674515922291426 -76.55421784272468,3.3674684856877746 -76.5542976980129,3.367495937712432 -76.55432922100285,3.3675233914131675 -76.55435023515487,3.3675423971532847 -76.55437755498112,3.367571962627902 -76.55442168596782,3.3676015275153786 -76.55446581717631,3.3676374281926993 -76.55449103598487,3.3676712179001056 -76.5545099502387,3.3677007836646533 -76.55453516902891,3.3677599156340405 -76.55455408365202,3.367800041352206 -76.55458770773585,3.367850725604573 -76.5546171291886,3.367892961677799 -76.5546402464713,3.3679161924045733 -76.55466126078475,3.3679394223003314 -76.55468017468137,3.367958428106781 -76.55471169672346,3.3679837701654383 -76.55474321974069,3.368011223852174 -76.55478314714796,3.3680302289161865 -76.55479575612,3.3680344526341353 -76.55485879986016,3.3680492336209373 -76.5548987271972,3.3680661270509824 -76.5549155394118,3.368070350618629 -76.55493655314253,3.368076685666324 -76.55496807513104,3.3680745720157423 -76.5550269148177,3.3680661225068587 -76.5550794494959,3.3680407783767654 -76.55514039110112,3.3680281046236087 -76.55518452026612,3.3680048724164795 -76.55521814192521,3.36798586384096 -76.55524125660574,3.3679605207523324 -76.5552832842954,3.367928840290521 -76.55531060243841,3.3679098328416575 -76.5553379205054,3.3678887128585346 -76.55537154170747,3.3678570326941157 -76.55539885902111,3.3678147946090355 -76.55542197346757,3.3677831148199537 -76.555438784402,3.3677514361611993 -76.55545769545526,3.36771553326397 -76.55548081027077,3.3676690711649644 -76.55549341713704,3.36763950428564 -76.555514430783,3.3676183845244334 -76.55554595185092,3.367590928592252 -76.55558587752074,3.3675613607266324 -76.55562370209397,3.3675339045644486 -76.55566152719437,3.367521231613627 -76.55569304848208,3.3675001114685212 -76.55573297467413,3.3674853268097094 -76.55577920647686,3.367478989341498 -76.55582123526786,3.367478987815616 -76.55585906081978,3.3674789864407795 -76.55589058219141,3.3674853210857822 -76.55594101709443,3.3675001024615128 -76.55599775671318,3.367523331929755 -76.55603348186125,3.3675444487250443 -76.55606710463526,3.3675571190792777 -76.55610703294896,3.3675761249932297 -76.55616167102261,3.367588794574289 -76.55622681576988,3.367599351232738 -76.55628565572427,3.367599349068794 -76.55634029259325,3.3676035712188663 -76.55638862595306,3.3676077926942236 -76.55642224932456,3.367612015615123 -76.5564732461119,3.3676120137295555 -76.55647688603999,3.36761201359487 -76.55651891475887,3.3676098995052364 -76.55659666770909,3.3676035617341396 -76.55664920294308,3.367595111456971 -76.55667021734087,3.367595110675394 -76.55669411823908,3.3675884375804266 -76.55670804250758,3.367584550217398 -76.55674376689342,3.3675845488862888 -76.55676247141434,3.367586183231857 -76.55679210025386,3.3675887712458836 -76.55682782503045,3.3675993289616883 -76.55688456314954,3.367605662631714 -76.55693079487158,3.36759721347955 -76.55694130091511,3.367578205710586 -76.55696651800288,3.36756342155244 -76.55700854503336,3.3675401893416734 -76.55704637132979,3.3675359637579048 -76.55711151513756,3.3675211780943406 -76.55718716600687,3.367514839450862 -76.55724180353725,3.367512725758446 -76.55729013575879,3.3675106123015763 -76.55734057084189,3.3675296168625817 -76.55737419445238,3.3675401755422025 -76.55741622300704,3.367533838155518 -76.55744143847143,3.3675000466100196 -76.5574729597195,3.3674789264075202 -76.55751248000526,3.367463037494591 -76.55751498697298,3.367462029966665 -76.55754440670658,3.36745569305443 -76.55756263963869,3.36745569235954 -76.5575780299179,3.367455691772722 -76.55761585498928,3.3674430196503597 -76.55765788297869,3.367421899040734 -76.55770621569435,3.3674092256088826 -76.55774824464166,3.367413447257831 -76.55782599650686,3.3674028852259448 -76.55787222853225,3.367402883449907 -76.55795418379482,3.3673965445044267 -76.55804244378713,3.367398652729409 -76.55808237213175,3.3674176585618136 -76.55812860374344,3.3674303283569307 -76.55817693766869,3.3674493329556925 -76.55824418457058,3.3674852325638187 -76.5583030272,3.367554923081403 -76.55833875329323,3.3675992713287 -76.55835346385142,3.3676140539683965 -76.5583828849691,3.3676436192470907 -76.55843121972565,3.367683743741208 -76.55844803178299,3.367706973718128 -76.55849636646354,3.3677449856754573 -76.55853419333361,3.367778774783316 -76.55857412219447,3.3678104512738964 -76.55862455797332,3.367846351513266 -76.55866238419495,3.3678632448703243 -76.55871492032809,3.367878026018623 -76.55873047542626,3.3678815785507252 -76.5588073843469,3.367899141382937 -76.55884310923825,3.3679118115575317 -76.55888093554869,3.367930817439385 -76.55893347243268,3.367964605046039 -76.55896760166758,3.3679948664605126 -76.55896919807283,3.3679962825905334 -76.5589881119704,3.3680131766830157 -76.55903644504085,3.3680321812382634 -76.55908057625658,3.368040627812547 -76.55911209766597,3.368046962352414 -76.55915202515749,3.3680659672357187 -76.55920876521625,3.368097643030972 -76.55926130378818,3.3681736695309166 -76.55928021844507,3.3682095709919966 -76.55928652444359,3.3682496962140167 -76.55930123552668,3.3682771504218167 -76.55931384627435,3.368325723716724 -76.55930333945285,3.3683468431397325 -76.55928443003138,3.3684207599544203 -76.55925921379125,3.36845666317579 -76.5592382017927,3.3685179084904164 -76.55921929161336,3.3685728188336945 -76.55920668536427,3.36863828797502 -76.5591814705307,3.3687100934094993 -76.55916676202351,3.368748107839102 -76.55915205451325,3.368811465434127 -76.55915205742423,3.3688853814933317 -76.55914155265732,3.36893606733806 -76.55913735090873,3.368974081349231 -76.55913525181447,3.369026878488575 -76.55913315263689,3.3690775639988457 -76.55912685013004,3.3691261380471467 -76.55913315621179,3.36916837580276 -76.55914366397525,3.369193717646086 -76.55916257823196,3.3692190600591565 -76.55917471972096,3.3692337017109986 -76.55918359366294,3.3692444014838445 -76.55920250702178,3.3692697429917846 -76.5592151171947,3.369303533075202 -76.55922142244815,3.3693246518270104 -76.55922142386481,3.3693605540417058 -76.55921929507807,3.3693905193629394 -76.55921722295095,3.369419687055866 -76.55920671743226,3.369451365526796 -76.55921092251252,3.3694978275275895 -76.55920882252155,3.3695506246665268 -76.55920882360462,3.3695780794607626 -76.55920882527086,3.3696203174665804 -76.5592193360245,3.3696984563637553 -76.55922774295513,3.369732246614152 -76.5592403533018,3.369770259954805 -76.55926977476177,3.3698061609955223 -76.55927607878607,3.3698188323264895 -76.55932231234522,3.369854732694346 -76.55937905276467,3.3698927442684687 -76.5593937634569,3.369909638520091 -76.5594441992904,3.369943427084743 -76.55951144573814,3.3699624317602965 -76.55953035951524,3.3699751016787087 -76.55957448983868,3.369981435695857 -76.5596123154856,3.3699814341736203 -76.55962462828033,3.3699814336777916 -76.55964383670803,3.3699814329039683 -76.5596690544902,3.3699835444207804 -76.55968160514206,3.3699909025120167 -76.5596942718788,3.36999832661507 -76.5597320978641,3.370006772508328 -76.55975731623857,3.370023666329874 -76.55978673671022,3.3700342250939324 -76.55980775099032,3.3700300000815577 -76.55982246050692,3.3700173279037933 -76.55982666316407,3.3700025445222677 -76.55986028463005,3.369979312528976 -76.55988550224298,3.369977199877905 -76.5599107189559,3.3699750863218774 -76.55995274751228,3.369966637195673 -76.5599632541164,3.3699624135109856 -76.55997796396986,3.3699581887510384 -76.55999897765228,3.3699391805231858 -76.56002209259371,3.3699222847426893 -76.56004730943863,3.3699011647138226 -76.56006832294815,3.3698779332265643 -76.56008723463789,3.3698610376157223 -76.56011034979369,3.369827246088433 -76.56013346421868,3.369797678722877 -76.56015027438993,3.3697723357763607 -76.56016918637833,3.3697406560481635 -76.56017759060911,3.369706866024185 -76.56018179274713,3.3696794110586628 -76.5601944000087,3.369662514798885 -76.56020910789086,3.3696097171433017 -76.56021120834083,3.369569591585363 -76.56021120705871,3.369537912629182 -76.56021540838078,3.3695125701967803 -76.56023221905815,3.369499897926926 -76.5602490309772,3.3694956739812905 -76.56029526202882,3.3694914479264315 -76.5603162763807,3.3694893354364592 -76.56034569641325,3.369489334230295 -76.5603751166174,3.3694935562811685 -76.5604213500289,3.369525233338663 -76.56045497335617,3.3695484625880603 -76.56048229307709,3.3695695804667474 -76.56049910512942,3.3695906987773263 -76.56054323725124,3.369641382384655 -76.56056005046463,3.369668835580936 -76.56059157348885,3.369713183914587 -76.56062309755232,3.3697828754118437 -76.56064201220416,3.3698166652152874 -76.56065882521509,3.3698610141542713 -76.56067353687992,3.3699011390175873 -76.56069245170883,3.3699391520777913 -76.56072397500759,3.369989836197857 -76.56073868719686,3.370042633546626 -76.56077021114118,3.370086981873852 -76.56078702346886,3.3701144359701525 -76.56079963266632,3.370122882867152 -76.5608143433863,3.3701397770968162 -76.56083956114324,3.3701630066810586 -76.56085427221205,3.370188349234451 -76.56087108535677,3.370213690795893 -76.56088999877792,3.3702390331740233 -76.56090681166347,3.370258038943707 -76.5609215224744,3.3702770457049054 -76.56093623311176,3.370291828303699 -76.56095094348831,3.3703002751111777 -76.5609677552149,3.370312945993052 -76.56098877028009,3.3703277283283293 -76.56100978552031,3.37034673392096 -76.56103500346175,3.370374187662058 -76.56107072899566,3.370399529334691 -76.56110435309333,3.3704185343984263 -76.56116949965471,3.370467105467877 -76.56121993592798,3.370509341358655 -76.56123674783701,3.3705262354935193 -76.561278778073,3.370557911780503 -76.56131030063139,3.370589589411552 -76.56134602591634,3.3706085943784005 -76.56138175111471,3.3706254886193565 -76.561481571206,3.3706751135693382 -76.56150959179581,3.3706920072262645 -76.56155722486594,3.370708900957733 -76.56161606606572,3.3707342407278955 -76.56166369925783,3.3707539496577943 -76.56171413675028,3.3708243438897116 -76.56173375096039,3.3708440540048 -76.56175336588194,3.3708806598634373 -76.56175897175969,3.370917265412613 -76.56177018155017,3.370965134251432 -76.56176458159561,3.3710693214437426 -76.56175898040746,3.3711228232128576 -76.56172198135988,3.371264815773045 -76.56171742901029,3.3713088680711385 -76.56171743019381,3.3713370264383755 -76.56170613955437,3.371356747812847 -76.56168598125994,3.3714737320021153 -76.56168331036758,3.3714927385837132 -76.56167156542428,3.371601258717712 -76.5616661509221,3.3716862522342446 -76.5616733838886,3.3719403862315507 -76.56167696883928,3.3719593916432813 -76.5616805530801,3.371982917839818 -76.5616885278541,3.372008905457614 -76.56170863510992,3.372047585846094 -76.56171816136845,3.372097832259879 -76.56173959131408,3.372155256801508 -76.56176578363826,3.37221985977375 -76.5617776920468,3.3722964268377 -76.56180150273524,3.372346672642779 -76.56183245674005,3.3724017048031047 -76.56185864837047,3.37244955853169 -76.5618657934013,3.3724950192892105 -76.56189198584417,3.3725620151352245 -76.56190151081334,3.3726026909394804 -76.56190627430408,3.372636189217527 -76.56191103870486,3.3726912215874485 -76.56193008686836,3.3727304618008045 -76.56193246972701,3.372773530787273 -76.56193723453468,3.3728381346682297 -76.56193961941717,3.372929058498217 -76.56193009688072,3.3729673422371276 -76.56190629122423,3.3730367321885804 -76.56188724583343,3.3730845878445996 -76.56184677349373,3.3731468007760177 -76.56179439715447,3.373216191941497 -76.56173011440221,3.3732568708848643 -76.56169440242027,3.3732999423937158 -76.56165869163647,3.3733501907259953 -76.56161583813109,3.3734100108709137 -76.56157060348025,3.373467438236893 -76.56152536922478,3.373534437112016 -76.56148727548295,3.3735607585691954 -76.5614420400179,3.373599043811007 -76.56141823271332,3.3736301504182067 -76.56139680574758,3.3736660426801275 -76.56138252200174,3.373704326614093 -76.56135479391773,3.373755416537233 -76.5613313815932,3.3737852317312735 -76.56132596692927,3.373824089545585 -76.56132505233916,3.3738594148270695 -76.5613322920626,3.373931762450374 -76.5613412873545,3.374045653469129 -76.56133587265437,3.3740836648231287 -76.56130437396696,3.3741957868520998 -76.56128813374286,3.3742301939705786 -76.56128187496368,3.374268133916972 -76.56128004532113,3.374306145119813 -76.56128362998238,3.374383013681054 -76.56131427868696,3.3744960573282534 -76.56132053342886,3.3745339967481187 -76.56132776891927,3.374763756117682 -76.561334937065,3.374802615210291 -76.5613349359498,3.3748406254314833 -76.56131876464488,3.374952749527069 -76.56131693417653,3.374992526901151 -76.56131960461887,3.3750703143067575 -76.56133675536726,3.3751833576150014 -76.56137450191567,3.3753316556627193 -76.56137991439425,3.3753696656552985 -76.56138082758011,3.375408525010648 -76.5613870841335,3.3754465349675375 -76.56140423514745,3.3755224868601417 -76.56140057877717,3.375560425792227 -76.56138707971473,3.375599355389168 -76.56137899232996,3.375635529240628 -76.56138531907142,3.3756734677516924 -76.56141498344698,3.3757666594110747 -76.56142039588198,3.3757819895163848 -76.56143656584804,3.3758100395824857 -76.56144876430876,3.375828593365215 -76.56112126283597,3.375727367431808 -76.56058865822745,3.3755734016734182 -76.56038082693189,3.3761683523565504 -76.56036704618535,3.3762078462577207 -76.56011656224521,3.377391317222616 -76.56058042094864,3.37792779651293 -76.5607975076535,3.3780112289435387 -76.56100671817023,3.3780589493575124 -76.56115669022951,3.378146313857055 -76.56129872011668,3.3783209572044166 -76.56138147822051,3.3785987228525225 -76.56144436512767,3.3791264265672596 -76.56143629954906,3.3794477860205636 -76.5613967204528,3.3796382023232696 -76.56133740016313,3.3798325759337318 -76.56115572328208,3.3799753070547194 -76.5608833135041,3.379991031318851 -76.56072535809139,3.3800702958557483 -76.56058716634882,3.3801019615436583 -76.56046086715192,3.3800423817614176 -76.56038591440928,3.3799352208345494 -76.56026358967443,3.379824066483447 -76.5601057270549,3.3797287638969187 -76.55990836776583,3.3796651789193657 -76.55962019641089,3.379625350002801 -76.5595634147762,3.379628831281471 -76.55992726299606,3.3807532872104797 -76.55996201493569,3.3808606858422645 -76.55996265932352,3.3808626771675754 -76.56004126835897,3.381105618851689 -76.56159118108673,3.382393644020875 -76.56112181036305,3.3829540845803967 -76.56117327012466,3.383010357540656 -76.56129470004784,3.383079741350523 -76.56139946314256,3.383141948121755 -76.56148949868779,3.3832627258356616 -76.56151557871048,3.3833676441721665 -76.5615317449105,3.383474328195195 -76.56153174366264,3.383487470933797 -76.5615317438703,3.3834924158518622 -76.56153174425006,3.3835014592279857 -76.56153174283007,3.383510502604184 -76.56153174320984,3.3835195459803047 -76.56153174362818,3.383529508163435 -76.56153265647939,3.3835385515008536 -76.56153265685916,3.383547594876968 -76.56153356971038,3.383556638214381 -76.56153357009016,3.3835656815904924 -76.5615335686702,3.383574724966678 -76.56153356904998,3.383583768342786 -76.56153356942977,3.3835928117188923 -76.56152815605917,3.3835991694418923 -76.56151915732646,3.383599169823471 -76.56151015855518,3.3835982513979532 -76.56150115974538,3.3835964141653396 -76.56149216101268,3.3835964145466666 -76.56148316235699,3.3835982507332596 -76.56147866153164,3.383606375493023 -76.56147774763967,3.3836154189078567 -76.56147683374768,3.383624462322688 -76.56147683412694,3.3836335056987936 -76.56147598862529,3.383642549110724 -76.56147598900453,3.383651592486826 -76.56147507511248,3.3836606359016494 -76.56147324694912,3.383669679355193 -76.561470574666,3.3836778040374673 -76.56146783223123,3.3836868475297175 -76.56146516174778,3.3836949722118983 -76.56146157519612,3.3837031674711926 -76.56145707616986,3.3837112922307693 -76.56145348961513,3.3837194169516978 -76.56144983466996,3.3837275416755093 -76.56144624815363,3.3837365852034202 -76.56144266339847,3.3837447099242306 -76.56143999111785,3.383752905144747 -76.5614372486826,3.383761948636902 -76.56143366392726,3.383770073357676 -76.56143099168203,3.383779116846842 -76.56142824920813,3.3837872415319583 -76.56142557876255,3.3837962850210306 -76.56142199220726,3.383804409741835 -76.5614192497717,3.3838134532339326 -76.56141657928748,3.383821577915967 -76.56141383685183,3.3838306214080474 -76.56141116457074,3.383838816628476 -76.56140849232513,3.3838478601175703 -76.5614057516506,3.383855984802539 -76.56140307940487,3.3838650282916167 -76.56139949284915,3.3838731530123325 -76.56139675221294,3.3838821965042825 -76.56139225161328,3.3838957617586614 -76.5613634958746,3.383953624302601 -76.5613589968848,3.3839626678687114 -76.56135625440982,3.383970792553606 -76.56135266785627,3.383978987812472 -76.56134999740948,3.3839880313013144 -76.56134816920596,3.383996155947574 -76.56134634104082,3.3840051994008373 -76.56134458306579,3.384014242851131 -76.56134366917223,3.3840232862657813 -76.56134275527866,3.3840323296804296 -76.56134275385698,3.38404137305655 -76.56134275423504,3.3840504164325926 -76.56134275281336,3.384059459808709 -76.56134275319144,3.384068503184748 -76.5613427535695,3.384077546560786 -76.56134275214784,3.384086589936897 -76.5613427525259,3.3840956333129313 -76.56134275290398,3.3841046766889633 -76.56134275148231,3.384113720065071 -76.56134099350706,3.3841227635153404 -76.56133916534164,3.3841318069685693 -76.56133649485591,3.3841399316503487 -76.56133375241866,3.3841489751421623 -76.56133199440487,3.3841570997854062 -76.56133108051107,3.3841661432000216 -76.56133199336108,3.3841751865375254 -76.5613337520925,3.3841842298393177 -76.56133466494255,3.3841932731768147 -76.5613364920645,3.384202318284386 -76.56133824899626,3.384211361586241 -76.56134007791793,3.3842204039807133 -76.56134183481137,3.3842285293798917 -76.5613436619334,3.384237572678767 -76.5613454908552,3.3842466159775597 -76.56134724778714,3.3842556592793875 -76.56134907490926,3.3842647025782457 -76.56135083180585,3.384272899420069 -76.56135266072779,3.3842819427188404 -76.56135448785002,3.3842909860176826 -76.56135715901559,3.384299110473864 -76.56136074449155,3.384308153698415 -76.56136524236294,3.3843153610790746 -76.56137248481443,3.384321720075071 -76.56137874100122,3.3843280085743603 -76.56138598161468,3.3843334487633276 -76.56139223780458,3.3843398078008593 -76.56139948021796,3.3843452479896468 -76.5614066507539,3.3843533722554118 -76.56141297709576,3.3843588124828363 -76.56142106175302,3.384363335637504 -76.56142914637176,3.3843669381764285 -76.56143723099068,3.38437054252396 -76.56144622984301,3.3843732262170456 -76.56145431446498,3.3843769011027645 -76.56146246931269,3.384381422445433 -76.56147055393183,3.3843850267926827 -76.56147863855094,3.3843886293311867 -76.561485810775,3.3843940695222843 -76.56149213715314,3.384400358017842 -76.56149755110064,3.384407635897362 -76.56150296324552,3.3844148432385945 -76.5615074629211,3.384422119348137 -76.56151280487595,3.3844293266922856 -76.5615182188593,3.384437451031672 -76.56152271853517,3.3844447289498127 -76.56152721644692,3.384452853327997 -76.56153263039202,3.384460060668973 -76.56153712826827,3.384467336778443 -76.56154254221352,3.38447454411936 -76.561548798441,3.3844817514244983 -76.56155604085629,3.384487191612071 -76.56156321128175,3.3844926318026447 -76.56157045189745,3.384498071990183 -76.56157762232306,3.3845035121806473 -76.5615857069436,3.3845071156225672 -76.56159379156419,3.3845107190644192 -76.56160279041832,3.3845134045646925 -76.56161094523213,3.38451707763741 -76.56161811565514,3.3845224472892346 -76.5616244438377,3.384528806322143 -76.5616307000304,3.38453516535807 -76.561644198446,3.3845423723545585 -76.5616531972261,3.384543290778701 -76.56166219596757,3.384543292204442 -76.56167119467025,3.384542373014432 -76.56168652128794,3.3845414553635655 -76.56169552010681,3.384543292594306 -76.56170360472814,3.3845468969395642 -76.56171077515484,3.38455233712902 -76.56171618730203,3.3845595426603317 -76.56171710195576,3.3845685859972727 -76.56171351540014,3.3845767107190348 -76.56170810206417,3.3845839890586333 -76.5617000177852,3.384588509282329 -76.5616910190434,3.3845885096656207 -76.56168293453501,3.3845875912029073 -76.56167393575447,3.384586672779047 -76.5616649370126,3.3845866713534205 -76.56165593654846,3.3845885093504453 -76.561646937881,3.3845902750003036 -76.56163793921648,3.3845921111884096 -76.56162894051323,3.3845930285694394 -76.56162078596638,3.38459571389449 -76.56161361419807,3.3846011537900016 -76.5616100294412,3.3846092785113098 -76.56160728700523,3.384618322003797 -76.56160278797606,3.384626446763937 -76.56159561616877,3.384630968756661 -76.56158661742649,3.384630967330309 -76.56157761880019,3.3846337241335243 -76.56157044703129,3.38463916312438 -76.56156411938001,3.3846454503480037 -76.56156053462259,3.384653575069129 -76.56156594853339,3.384659934141213 -76.56157403319386,3.3846644572945332 -76.56158211781569,3.3846680598321175 -76.56159020251486,3.3846734999836166 -76.56159561462623,3.3846798590556038 -76.56159202986895,3.3846879837768378 -76.56158394375026,3.38469158700133 -76.56157578924102,3.384695189324322 -76.56156770496064,3.38469971225993 -76.56156228978445,3.384706069983124 -76.56156144608254,3.384715113394855 -76.56156503152332,3.384723237811538 -76.56156053245478,3.3847304455731586 -76.56155329045626,3.384734965759875 -76.56154703479724,3.3847413253273353 -76.56154429236032,3.3847503688196308 -76.56154253438588,3.3847594122701397 -76.56154162049354,3.384768455684825 -76.5615389482081,3.384776580367133 -76.56153529149863,3.3847856238981953 -76.56153262101283,3.3847937485804085 -76.56152903445782,3.384801943839809 -76.56152453542717,3.3848100685995717 -76.56151912208547,3.384817274591101 -76.56151279443567,3.3848236323527163 -76.5615074512841,3.384830840149878 -76.56150379453558,3.3848389648738286 -76.56150203656061,3.384848008324253 -76.56150020839532,3.3848570499689754 -76.56149845042029,3.3848660934193915 -76.56149570974678,3.3848742904514784 -76.56149212322671,3.384883332170717 -76.56148945094061,3.3848914586615537 -76.5614867102639,3.384899582442268 -76.56148312374368,3.384908625065808 -76.56148045145746,3.3849167515566174 -76.56147862329193,3.384925795009964 -76.56147770939886,3.3849348384245665 -76.56147679550577,3.384943881839167 -76.5614759518028,3.3849529234421154 -76.56147503790969,3.3849619668567104 -76.56147503648934,3.384971010232643 -76.5614741225962,3.384980053647234 -76.56147320870305,3.3849890970618235 -76.56147320908244,3.3849981404376743 -76.56147229518925,3.385007183852259 -76.56147144968652,3.385016227263945 -76.5614687090479,3.385025270755916 -76.56146512248857,3.385033395476725 -76.56146153773196,3.3850415925444515 -76.56145703689991,3.3850497173039558 -76.56145253782901,3.3850569232563763 -76.56144803879656,3.385065048015761 -76.56144262545585,3.38507232454518 -76.56143721031236,3.3850795305363133 -76.56143271124414,3.3850868070269717 -76.56142821221138,3.3850949317862637 -76.56142462565153,3.3851030583155928 -76.56142012661864,3.3851111830748466 -76.5614165400586,3.38511930779547 -76.56141204102853,3.3851275030930146 -76.56140662768425,3.3851347090838986 -76.5614012143399,3.385141915074752 -76.56139580099841,3.385149191603906 -76.56139130192669,3.385156399364713 -76.56138862967734,3.385165441044878 -76.56138504311683,3.3851735657653803 -76.56138230067724,3.3851826092571686 -76.56137780164659,3.3851908045545516 -76.56137330257454,3.3851980123152714 -76.56136795941981,3.3852052183029695 -76.56136254607775,3.385212494831935 -76.56135713273262,3.3852197008225393 -76.56135080507926,3.3852260603917594 -76.56134454761302,3.385232347610966 -76.56133821995942,3.3852387053714295 -76.5613319625315,3.385245913206214 -76.56132654918893,3.385253189734978 -76.56132205011613,3.3852603956867835 -76.56131754928192,3.3852685204456265 -76.56131396452315,3.385276715704116 -76.56131122208261,3.3852857591956944 -76.5613094641051,3.3852948026457175 -76.56130763589891,3.3853029272917152 -76.56130763627681,3.3853119706675256 -76.56130763665469,3.3853210140433347 -76.56130763523282,3.385330057419218 -76.5613076356107,3.385339100795024 -76.56130672171571,3.3853481442094115 -76.56130404946515,3.3853571876979975 -76.5612995504301,3.3853653124566723 -76.56129504955685,3.3853725184084205 -76.56128963621339,3.3853797967456445 -76.56128422286682,3.3853870027358326 -76.56127880952312,3.3853942792643217 -76.56127346636664,3.3854014852514887 -76.56126805301983,3.3854086912415853 -76.56126263967597,3.3854159695786574 -76.56125722632902,3.3854231755686937 -76.5612518129849,3.3854304520970304 -76.56124555555506,3.3854376581225747 -76.56124014220784,3.385444864112514 -76.56123472882526,3.385451223642449 -76.56122847139514,3.385458429667883 -76.56122214373933,3.3854647874275816 -76.56121673039178,3.3854719934173905 -76.56121314383176,3.38548019048424 -76.56120955906842,3.3854883152039945 -76.56120773089937,3.3854973586567656 -76.56120772947659,3.3855064020326266 -76.56120772985358,3.3855154454084104 -76.56120773023056,3.385524488784193 -76.56120772880779,3.385533532160049 -76.5612095577309,3.3855425754588433 -76.56121405560692,3.3855497810312927 -76.56122031360336,3.3855561400696215 -76.56122846845992,3.3855606614140497 -76.56123655308805,3.3855642657630622 -76.56124555191559,3.3855661029978528 -76.56125455074023,3.3855678696942273 -76.56126263529475,3.3855697069673933 -76.5612716341578,3.385572392470586 -76.56127971878611,3.3855759950105577 -76.56128780349124,3.3855814351644145 -76.56129504411359,3.3855868753538165 -76.56130221454578,3.385592315546123 -76.56130854089524,3.3855977575826772 -76.56131571312439,3.3856031272364735 -76.56132295374707,3.38560856742566 -76.56133012421796,3.38561492642473 -76.56133553812967,3.3856212131509267 -76.56134179436604,3.3856284909954955 -76.56134720651666,3.385635698337351 -76.56135170623232,3.3856438227160255 -76.56135529167781,3.385652017671643 -76.56135894731078,3.385660143894622 -76.56136161848026,3.385668268350515 -76.56136344560534,3.385677311649048 -76.56136520254016,3.3856863549505425 -76.56136611719182,3.3856953982876328 -76.56136703004377,3.385704441624795 -76.56136703042226,3.3857134850005246 -76.56136794327422,3.3857225283376833 -76.56137152913426,3.3857406167462627 -76.5613769430499,3.3857469740105306 -76.56138502771859,3.3857514971652316 -76.56139219814953,3.385756866818501 -76.5613976103042,3.385764144698372 -76.56140210998238,3.385771350269807 -76.56140660969912,3.3857794746481904 -76.56140928090792,3.38578851971957 -76.56141019376035,3.3857975630566695 -76.56141019413926,3.385806606432376 -76.56141110699171,3.3858156497694707 -76.5614111073706,3.3858246931451736 -76.56141202026156,3.385834654384898 -76.56143627379763,3.385879872949845 -76.56143901553783,3.3858970407781865 -76.56143718767527,3.385913360531374 -76.56143542969785,3.3859224039815086 -76.56143451580355,3.3859314473959006 -76.56143542865638,3.3859404907329442 -76.56143718555393,3.3859486170359507 -76.56143901268025,3.3859576603342734 -76.56144168568953,3.3859667035967695 -76.56144442705087,3.385974828049392 -76.56144801073422,3.385983871273298 -76.5614506837052,3.3859919975374697 -76.5614551816266,3.386000192453979 -76.56146150981486,3.3860064809493267 -76.56146959448601,3.38601100229459 -76.56147767915732,3.38601552544846 -76.56148576379006,3.3860191279866187 -76.56149391853904,3.3860209652548043 -76.56150291740688,3.386023650755758 -76.56151191627775,3.386026406794956 -76.56151908667579,3.386030928178583 -76.5615244988299,3.3860381337106653 -76.56152717004052,3.3860471787816486 -76.56152899896762,3.3860562220796946 -76.56153075590471,3.3860652653807897 -76.56153349726706,3.3860733898331303 -76.56153708275137,3.386082433056596 -76.56153975392658,3.3860906298588986 -76.56154425364598,3.386098754236555 -76.56155058003569,3.3861050427313693 -76.56155690642846,3.3861114017644685 -76.56156316443075,3.3861177608004294 -76.56156949082065,3.386124047486437 -76.56157574706201,3.386131325329354 -76.56158024674328,3.386138531804204 -76.56158474646325,3.386146657085995 -76.56159015862156,3.386153934964684 -76.56159465834165,3.3861620593420865 -76.56159915802323,3.3861692667211782 -76.56160457021738,3.3861773910597366 -76.56160815562842,3.3861846690159867 -76.56160815600919,3.386193712391599 -76.56160815459022,3.3862027557672856 -76.56161089779206,3.386211799026255 -76.56161448143916,3.3862199234425083 -76.56161898115985,3.386228049628455 -76.56162439511853,3.3862353256981788 -76.56162973708433,3.386242533041278 -76.56163423680519,3.386250657418473 -76.56163697816895,3.3862587818704704 -76.56163873510751,3.38626782697999 -76.56164056223629,3.386276869373504 -76.56164239112917,3.3862850653069807 -76.56164414806776,3.3862941086078093 -76.56164688947044,3.386303151866729 -76.56165047491801,3.3863112780914224 -76.56165497463937,3.386319402468502 -76.56165947252231,3.3863266080386767 -76.5616657305654,3.386333885880879 -76.56167205695743,3.386340174374837 -76.56167922739728,3.386345614564166 -76.56168555379244,3.3863519735963616 -76.56169188198449,3.386358262090107 -76.56169722395444,3.38636553997113 -76.5617026379115,3.3863727455020487 -76.56170713763358,3.3863808698788658 -76.5617125497941,3.386388147756806 -76.56171887618677,3.386394436250442 -76.56172604842702,3.386399876439333 -76.56173413310268,3.3864043977822886 -76.5617413736949,3.386408920969863 -76.56174854413564,3.386414361158659 -76.56175395813217,3.386422485496229 -76.56175845601938,3.386429763412917 -76.56176295570334,3.3864369689825002 -76.5617683697002,3.386445095128659 -76.5617728676234,3.3864532195052246 -76.56177462452771,3.3864614163458144 -76.56177736773186,3.3864704596042348 -76.56178003890713,3.3864785840587652 -76.56178186603766,3.386487627356289 -76.56178453725188,3.3864966706177566 -76.56178720842736,3.386504796880936 -76.56178994983199,3.3865138401393864 -76.5617926210075,3.386521964593871 -76.56179536241223,3.386531007852301 -76.5617980335878,3.386539132306768 -76.5618016190764,3.3865481773377883 -76.56180436044541,3.3865563723275622 -76.56180703162114,3.3865644967819972 -76.56181694511274,3.3865753068094144 -76.56182594387296,3.386575308233399 -76.56183311427648,3.386579829614574 -76.56183944067419,3.386586188645699 -76.5618439403984,3.3865943130218166 -76.56184569733942,3.3866033563221905 -76.56184211261628,3.3866123998510425 -76.56184119688653,3.386620524458779 -76.56184302581768,3.386629567756073 -76.5618466112711,3.3866377645182775 -76.56185110919586,3.386645888894426 -76.56185469464633,3.386654013309593 -76.56185919437107,3.3866621394942977 -76.561862850012,3.386670263906427 -76.56186734794012,3.3866784606294957 -76.561871847665,3.386686585005459 -76.56187634738995,3.3866947093814006 -76.5618808470761,3.3867019167590433 -76.56188618904939,3.3867091946389283 -76.56189160297079,3.3867154813617457 -76.56190060008835,3.3867191562042165 -76.56190959892476,3.386720922894298 -76.56191859764725,3.386720003701779 -76.56192668378148,3.386716402283118 -76.56193118281736,3.3867082775217345 -76.56193392529488,3.3867001510269565 -76.56193568326906,3.3866911093847745 -76.56193659715933,3.386682065970098 -76.56193568430109,3.386673022633732 -76.56193568391714,3.3866639774495724 -76.5619438383634,3.386658538413939 -76.56195101048989,3.386661223988917 -76.56195459594426,3.3866694189420268 -76.56195909387006,3.3866775433176555 -76.56196633450439,3.386682985310427 -76.56197441918349,3.3866875066513016 -76.56198250550631,3.3866883545729114 -76.5619915042315,3.38668750772672 -76.56200050287546,3.3866847509195455 -76.56200858717027,3.386680230693333 -76.56201667326468,3.3866757086583004 -76.56202299916235,3.3866702697005446 -76.56202841251033,3.3866630618977087 -76.56203291334488,3.3866549371357793 -76.56203649810548,3.3866468124131948 -76.5620409989369,3.386638617112897 -76.56204732659783,3.3866323298862855 -76.56205632528032,3.3866304936942173 -76.56206258145035,3.386635933919921 -76.5620653228579,3.386644977177529 -76.56206616552699,3.386654020516781 -76.56206532182829,3.3866630639285513 -76.56206440793925,3.386672107343338 -76.56206532259843,3.3866811506794905 -76.56206799377668,3.3866892751331505 -76.56207432021574,3.3866965529696413 -76.56208331905225,3.386698319658102 -76.5620914033467,3.3866937976225255 -76.56209766081733,3.386687510398611 -76.56210398847513,3.386681150824631 -76.56211298719712,3.3866802334389803 -76.5621219859582,3.3866802330515178 -76.56213098479765,3.386682070277864 -76.56213906947755,3.3866865934260253 -76.56214715415746,3.3866911147654415 -76.56215530891025,3.3866928814896013 -76.56216430763523,3.386692032833125 -76.5621723937652,3.3866883590654147 -76.56217956370963,3.386682071801633 -76.56218497705359,3.386674795268281 -76.56218947792611,3.386667589312586 -76.56219397695958,3.386659464549999 -76.56219847599296,3.386651339787391 -76.56220656212247,3.386647666019396 -76.56221556088322,3.386647665631065 -76.562224559644,3.3866476652426494 -76.56223355829,3.3866449807803156 -76.56224079849963,3.3866404605886165 -76.56224614345531,3.3866332545962066 -76.56225155679842,3.386625976253809 -76.56225605583117,3.386617851490934 -76.56226055490316,3.3866106455349865 -76.5622650557325,3.3866024502336622 -76.56226955476502,3.3865943254707243 -76.56227138292614,3.3865852820162434 -76.5622722968132,3.38657623860127 -76.56227405482322,3.386568113052424 -76.56227763954222,3.3865590704263475 -76.56228305468753,3.3865518644306953 -76.56229029489614,3.3865473424299526 -76.56229929365597,3.386547342040852 -76.56229970043934,3.3865482626388856 -76.56230288000971,3.386555467358627 -76.56230013753559,3.386563592045761 -76.56229929383912,3.386572635457725 -76.56229929332648,3.3865816788332235 -76.56230105117162,3.386590723037017 -76.5623001363849,3.3865997655477145 -76.56229837841435,3.386608808999209 -76.56229563683996,3.3866169345906214 -76.56229205122104,3.3866259772167924 -76.56228937893697,3.386634101900853 -76.56228663740171,3.3866431453948453 -76.56228579370506,3.3866521888067846 -76.56229029253646,3.3866603846234655 -76.56229746297905,3.3866657542697656 -76.56230554817212,3.3866612331367065 -76.56231187583145,3.3866549450040444 -76.56231637490016,3.3866476685095157 -76.56232087483235,3.3866395437463095 -76.56232537476446,3.3866314189830815 -76.56232896042238,3.3866232933550617 -76.56233528803894,3.3866160167813106 -76.56234245895737,3.3866114956875157 -76.56235237191612,3.3866097290871084 -76.56236045651764,3.386612414619526 -76.56236762696327,3.3866178548036383 -76.5623748684992,3.386623294984615 -76.56238386639927,3.3866242134017015 -76.5623919515916,3.3866196922679235 -76.56239827924705,3.3866133335963706 -76.56240727789225,3.3866106491324257 -76.56241627668908,3.386611497010843 -76.56242344799547,3.3866160192918913 -76.56242977439722,3.3866223783190907 -76.5624333598524,3.3866305027320522 -76.56243511769887,3.3866395469355766 -76.5624396165284,3.3866476713088822 -76.56244685716511,3.386653112393685 -76.56245311427675,3.3866594705193926 -76.56245676992265,3.386667595833548 -76.56245761349525,3.3866766391723697 -76.5624585272582,3.3866856825081424 -76.5624594401213,3.386694725843951 -76.5624621122423,3.3867037700077183 -76.56246576698852,3.3867118944175316 -76.56246843820973,3.3867209385813144 -76.56247202366562,3.386729062994109 -76.56247476504079,3.386737258886209 -76.56247835053631,3.386746302105916 -76.56248102171821,3.3867544274627157 -76.56248552144856,3.386762552740076 -76.56248826282089,3.386770677189465 -76.56249001976826,3.386779721392892 -76.56249184780586,3.386788764688888 -76.56249634660008,3.3867960416976146 -76.56250351798421,3.386802330149244 -76.5625107586224,3.386807770329193 -76.56251610149772,3.3868149767628046 -76.56252151456651,3.386822253731662 -76.56252601339764,3.386830379008853 -76.56253051312872,3.3868385042859805 -76.56253325450167,3.3868466296395594 -76.56253501144957,3.386855672938545 -76.56253592521344,3.3868647162742005 -76.56253501132859,3.386873759689343 -76.56253409744373,3.3868828031044833 -76.56253325284932,3.3868918465166074 -76.56253325323875,3.3869008898919803 -76.56253501018676,3.386909933190956 -76.562537751563,3.3869181290828347 -76.56254309443914,3.38692533551627 -76.56254850750571,3.386932541946621 -76.56255483481021,3.386938900972885 -76.56256109196096,3.3869461073664313 -76.56256650503083,3.386953384335002 -76.56257191809776,3.3869605916695504 -76.5625773311678,3.3869678686380573 -76.56258182996046,3.3869750751080137 -76.56258808711164,3.386982281501374 -76.56259350018195,3.3869895593741215 -76.56259982748404,3.3869958469574097 -76.56260699797348,3.387002205946583 -76.56261332523918,3.387007646165508 -76.56262049568917,3.38701308725198 -76.56262773722642,3.3870184568926343 -76.56263490767654,3.3870238970746587 -76.56264299240118,3.38702933721676 -76.56265023390208,3.3870338594929716 -76.56265923188245,3.387036544078634 -76.56266823061014,3.3870356963217687 -76.56267448768298,3.3870410660050165 -76.56267272971519,3.387050109457077 -76.56266823064738,3.3870573868575353 -76.56266190298778,3.3870636749924845 -76.56265381779309,3.387068196128514 -76.56264840445053,3.3870754726644194 -76.56264481879366,3.3870835982935388 -76.56264481828427,3.387092641668901 -76.56264840378272,3.3871016848878743 -76.56265198924157,3.3871098102042354 -76.56265557380055,3.387117934616284 -76.56266007349747,3.387125212528463 -76.56266457233114,3.3871333369005874 -76.56266907206479,3.387141462176987 -76.56267448513657,3.3871487391448993 -76.5626789839705,3.387156864421287 -76.56268348366469,3.3871640708906816 -76.5626870682242,3.387172196206935 -76.5626898096391,3.3871812394625787 -76.56269156748895,3.387190282761152 -76.56269248125466,3.3871993270009124 -76.56269248074572,3.3872083703762486 -76.56269156686201,3.3872174128871224 -76.56269156635312,3.387226457166794 -76.56269248011883,3.387235500502208 -76.56269339384788,3.3872436955690173 -76.56269697934738,3.387252739692106 -76.56270056390728,3.387260864103952 -76.5627059769769,3.3872680705333313 -76.5627132185196,3.3872735116159505 -76.56272038901184,3.3872798706042095 -76.56272671627693,3.3872852402840032 -76.56273297339449,3.387291598407739 -76.56273747222957,3.3872997236838156 -76.56273205884666,3.387306082317574 -76.5627230601196,3.3873070006133874 -76.56271497464815,3.3873051633527718 -76.5627059766254,3.3873015599607483 -76.5626978919378,3.387297037721829 -76.56269072062516,3.3872925163473004 -76.56268256574734,3.3872879941113134 -76.56267539529499,3.387282553929701 -76.56266998222551,3.387275347500151 -76.56266639676284,3.387267151645565 -76.56266456872268,3.3872581083500215 -76.56266098416303,3.3872499830337 -76.56265472708586,3.3872445428120748 -76.56264572835927,3.3872454611071627 -76.56263672971197,3.387248216111689 -76.56262948773664,3.3872535854793537 -76.56262048912886,3.387257259290661 -76.56261149036249,3.3872572587785 -76.56260340575189,3.3872545027099705 -76.5625953210652,3.3872499813745134 -76.56258807952334,3.387244540290997 -76.5625799948368,3.387240018955408 -76.56257282442493,3.387235496675609 -76.56256473970198,3.3872301270712866 -76.56255749816046,3.3872246868918725 -76.56255032774882,3.3872201646119016 -76.56254308710733,3.387214724432337 -76.56253591575641,3.387209284249702 -76.56252874530546,3.387203844066973 -76.56252059046868,3.3872002406365227 -76.56251159158722,3.387197555145292 -76.5625025927028,3.387194799115649 -76.56249450813564,3.3871930332957914 -76.56248550929082,3.38719119607292 -76.56247651044907,3.3871894293882923 -76.56246751168331,3.387189428874782 -76.56245851291753,3.387189428361187 -76.56244951426719,3.387192113729982 -76.56244142899149,3.3871947981547152 -76.56243243034406,3.38719755315734 -76.56242343165407,3.3871993188146217 -76.56241534634185,3.387201155874869 -76.56240634757596,3.3872011553607897 -76.56239734873122,3.3871993181370965 -76.56238926408533,3.3871957147024863 -76.56238026516489,3.3871921113074293 -76.56237211032874,3.387188507875715 -76.56236402568302,3.38718490444089 -76.56235594103434,3.3871812304676685 -76.56234785638874,3.3871776270327065 -76.56233977170382,3.387173104790742 -76.56233161686797,3.3871695013586804 -76.56232353128331,3.3871649791166156 -76.56231544663797,3.387161375681378 -76.56230736195336,3.387156854343473 -76.56229927730816,3.3871532509080975 -76.56229112246959,3.38714957693736 -76.5622830378245,3.3871459735018465 -76.56227495317945,3.3871423700662637 -76.56226595425989,3.3871387657657883 -76.56225786965126,3.38713601059867 -76.56224978504565,3.3871333250654727 -76.56224078612628,3.3871297216690963 -76.56223263125192,3.3871252003335863 -76.56222637417791,3.3871197601091296 -76.56222278868329,3.3871107159842078 -76.56221737565434,3.387104357820648 -76.56220929097061,3.3870998355775677 -76.56220029213019,3.387098068890345 -76.5621912941474,3.3870953128577317 -76.56218313849133,3.38709354703831 -76.56217413960877,3.387090791005574 -76.56216514076849,3.3870890243180214 -76.56215705616054,3.3870862691500467 -76.56214805732033,3.3870845024623333 -76.56213905933781,3.3870817464292293 -76.56213097383313,3.3870790617994 -76.5621219758899,3.387077224573076 -76.56211297701064,3.3870745390780925 -76.56205448469389,3.3870664125047028 -76.56203915897295,3.3870681784304204 -76.56203016028643,3.387070015526699 -76.56202116069997,3.3870718517185945 -76.56201307628487,3.3870736182371064 -76.56200407752011,3.387073617719261 -76.56199507871634,3.3870726992987277 -76.56198607987652,3.387070932609498 -76.56197708103373,3.387069095381856 -76.56196808219397,3.3870673286924564 -76.56196182554498,3.387071850648604 -76.56195732560784,3.3870799754101264 -76.56195282567062,3.3870881001716246 -76.56194832659418,3.3870953061261235 -76.56193932786822,3.387096224414618 -76.56193032902829,3.3870944577248707 -76.56192133014642,3.3870917025941067 -76.56191233130656,3.38708993590419 -76.56190417650889,3.3870871798327586 -76.56189517763018,3.3870844952400767 -76.56188617878742,3.387082658011586 -76.5618780942222,3.387080891282196 -76.5618690953795,3.3870790540535465 -76.5618600965758,3.3870781356317545 -76.56185109773615,3.387076368941263 -76.56184209889356,3.387074531712359 -76.56183310005099,3.3870726944833716 -76.56182501548594,3.3870709277535345 -76.56181601664343,3.387069090524387 -76.561807018665,3.387066405930838 -76.5617980198614,3.3870654866041265 -76.56178902105788,3.387064568181669 -76.56178002225435,3.3870636497591264 -76.56177102348965,3.387063649239107 -76.56176202472497,3.387063648719003 -76.56175302599911,3.3870645670057584 -76.56174402637335,3.3870654852924704 -76.56173502768627,3.3870673223860024 -76.56172694327064,3.387069087997785 -76.56171794458349,3.387070925091159 -76.56170894503221,3.3870736095487666 -76.56170086065822,3.387076364505605 -76.56169186110684,3.387079048963053 -76.5616837065782,3.3870826521913555 -76.5616756213787,3.387087173319245 -76.56166845045368,3.3870916953124595 -76.56166120847705,3.3870971352112553 -76.5616540375906,3.387102575106969 -76.56164686673978,3.387108862366909 -76.56164053907618,3.3871152210335698 -76.5616342114125,3.3871215797001875 -76.561627954836,3.3871278678254115 -76.5616216271721,3.3871342255876105 -76.56161712723183,3.387142350347573 -76.56161171387811,3.3871495572437618 -76.5616090424898,3.3871577524642285 -76.5616063702373,3.38716679595334 -76.56160271445535,3.3871766868485507 -76.56160004306692,3.387184882973327 -76.5615991282732,3.387193925483334 -76.56159737029513,3.387202968933534 -76.56159645640129,3.387212012347836 -76.56159554250743,3.3872210557621356 -76.56159554198832,3.3872300991375934 -76.56159645574388,3.3872391424741717 -76.56159821268389,3.387248186679227 -76.56160186862841,3.3872635177581105 -76.56161445192403,3.3872924849630137 -76.56162794882152,3.387326822085167 -76.56162794849328,3.387340387148299 -76.56162794797449,3.387349430523731 -76.56162794835558,3.387358473899123 -76.56162886211159,3.3873675181399787 -76.56163153328818,3.3873756425947534 -76.56163511784273,3.3873838384533066 -76.56163961756906,3.387391963734557 -76.5616432030206,3.3874000881503714 -76.56164770184718,3.387408213431618 -76.56165311491294,3.3874154913096337 -76.56166119959673,3.3874200126530067 -76.56167019836472,3.3874200131740104 -76.56167919705518,3.3874181760810544 -76.56168819586193,3.387419095408829 -76.56169635155865,3.3874217800393365 -76.56170443624275,3.3874263022866806 -76.56171069241599,3.3874317425145373 -76.56171793399322,3.3874381015072603 -76.56172419020241,3.387444389099298 -76.56172960326893,3.3874516669768697 -76.56173593056856,3.387457954565793 -76.56174134363525,3.387465232443295 -76.5617466865086,3.3874724388810953 -76.56175209957242,3.3874796453158673 -76.5617575126393,3.3874869222889346 -76.56176383997823,3.387494129588939 -76.56176918281604,3.387500487757998 -76.56177551011626,3.3875067762509876 -76.56178183655851,3.387514053184897 -76.56178717943249,3.3875212605267957 -76.56179259249987,3.387528537499654 -76.56179709218928,3.3875357439731864 -76.56180250529272,3.3875438692145914 -76.5618070040854,3.3875511462264396 -76.56181241715012,3.3875583526608515 -76.56181691687873,3.3875664779412173 -76.56182232994662,3.387573755818233 -76.56182767282117,3.3875809622555546 -76.56183308588622,3.3875881686898413 -76.56183941319041,3.3875945277207147 -76.56184391201951,3.3876026520966454 -76.56184841081281,3.3876099300126215 -76.56185291054196,3.3876180552928044 -76.56185740937127,3.387626179668665 -76.56186190910057,3.3876343049488007 -76.56186640789412,3.3876415819603487 -76.56187090672368,3.3876497072404774 -76.56187540645321,3.387657832520543 -76.56187990524398,3.387665038993694 -76.56188440497665,3.3876732348120426 -76.56188798953146,3.3876813601312374 -76.56189248922229,3.387688566604286 -76.56189607381616,3.3876976098260405 -76.56189881608623,3.387705735181274 -76.56190240068022,3.387714778403001 -76.5619086577563,3.3877202186294655 -76.56191765656601,3.38772113705072 -76.56192665529774,3.3877202187623685 -76.56193565399349,3.3877184531096676 -76.56194380942335,3.3877147793408637 -76.56195098027663,3.387708492078765 -76.561957307942,3.387702133410124 -76.56196356541986,3.387695845282781 -76.56196897877098,3.3876885687507055 -76.56197439212497,3.3876813618525867 -76.56197980547591,3.38767408532045 -76.5619851486394,3.387666879329622 -76.56199056292908,3.3876605206999773 -76.56199780397205,3.38765423253018 -76.56200497486056,3.3876487926319463 -76.56201214574902,3.3876433527336602 -76.56202030114191,3.3876388315999493 -76.5620274720302,3.38763339170155 -76.56203288632243,3.387627103609997 -76.56203829963654,3.3876189788089284 -76.56204364279623,3.3876117013751132 -76.56204814277417,3.3876044954201876 -76.56205355612411,3.3875972179832994 -76.56205896947701,3.3875900119890447 -76.56206438282983,3.38758280599476 -76.56206979617953,3.38757552855778 -76.56207605361676,3.3875683225271174 -76.56208146700544,3.387561963897002 -76.56208779467201,3.387555675765836 -76.56209496555931,3.387550235866938 -76.56210396417487,3.3875466335031614 -76.56211296380467,3.387545715213053 -76.56212104837417,3.387547481940406 -76.56213004726078,3.387550237069222 -76.56213813186955,3.38755292260336 -76.56214713075627,3.3875556777320157 -76.56215612960085,3.3875574444196666 -76.5621651275486,3.387559281645599 -76.56217328320857,3.387561048369445 -76.562182282017,3.3875619667882497 -76.56219128078625,3.3875619673043778 -76.56220027948,3.38756020074489 -76.56220927813145,3.3875574457444007 -76.5622173633323,3.3875529246120655 -76.56222453425809,3.3875484026148053 -76.56223261949806,3.3875448002892736 -76.56224077488906,3.387540278249376 -76.56224885918972,3.387535757116819 -76.56225694442948,3.387532153886747 -76.56226502962988,3.3875276327540167 -76.56227311396964,3.387524029523849 -76.5622812694752,3.3875221924617342 -76.56229026816543,3.387520356267424 -76.56229926693426,3.3875203567825487 -76.56230826570308,3.387520356393253 -76.5623172645113,3.387521275715139 -76.56232626335887,3.3875231129395322 -76.5623352622428,3.3875257975281037 -76.56234334685492,3.3875285535988473 -76.56235234573894,3.387531238187258 -76.5623604303481,3.387533922815192 -76.56236942923529,3.387536678846107 -76.56238025580886,3.38754028216199 -76.56238384122773,3.3875474886723564 -76.56243783305345,3.387571017193076 -76.56244591774215,3.387575539434136 -76.56245308905582,3.387580061714783 -76.56246124389557,3.3875836651457383 -76.56246932858443,3.3875881864822612 -76.56247741323692,3.387591860454454 -76.56248549792598,3.3875963826951754 -76.56249358257556,3.3875999861289037 -76.56250173745515,3.387604508366437 -76.56250890876926,3.387609029742323 -76.56251699349815,3.3876144707897007 -76.56252423410294,3.387618992162457 -76.56253140455391,3.387624361806807 -76.56253857590791,3.387629802893729 -76.5625458165525,3.387635243073243 -76.56255298794622,3.38764160206264 -76.5625593143129,3.3876469717435125 -76.56256648570677,3.387653329828468 -76.56257281211626,3.3876596888544976 -76.56257906923224,3.387665977345176 -76.5625844823063,3.387673254313486 -76.5625898953774,3.387680460743437 -76.56259439511302,3.3876885860200696 -76.56259797967378,3.3876967113365515 -76.56260072198927,3.387705754592301 -76.56260072147955,3.387714797967554 -76.56260072096983,3.387723841342805 -76.56260072046011,3.3877328847180537 -76.56260156403509,3.3877419280565224 -76.56260430541431,3.387750123948035 -76.56260880515039,3.387758249224582 -76.56261421822215,3.387765455654376 -76.562619561067,3.3877718147229405 -76.56262588841405,3.3877790211128103 -76.56263221482475,3.3877853801384203 -76.56263938618046,3.387790820320214 -76.56264571258828,3.3877971088074044 -76.56265288394415,3.387802548989096 -76.56265921125507,3.3878089080144815 -76.56266638170818,3.3878142776577818 -76.56267355220413,3.3878206366462718 -76.56267987947557,3.3878260768645974 -76.56268704996862,3.3878323644103205 -76.56269520485104,3.3878368866461614 -76.56270329040632,3.387840560616366 -76.56271137505873,3.387844164048215 -76.56271945975094,3.387848686286914 -76.56272754440346,3.387852289718625 -76.56273569924649,3.3878558931472 -76.5627437839389,3.3878604153856897 -76.56275186863137,3.387864936719774 -76.56275995328414,3.387868540151209 -76.56276803794009,3.38787221502524 -76.56277619368328,3.3878758184534274 -76.56278427833624,3.3878794218846564 -76.56279236298927,3.3878830253158156 -76.56280136191758,3.38788662870688 -76.56280944653396,3.3878893838693043 -76.562817531227,3.3878939061071653 -76.56282477187509,3.387899346284512 -76.56283194322965,3.3879047159265134 -76.56284002784628,3.387907471993015 -76.56284902657876,3.387906553696053 -76.56285802527135,3.387904716592094 -76.56286618074215,3.3879020321607713 -76.56287517951445,3.387902032670481 -76.56288417828675,3.387902033180107 -76.56289317705904,3.3879020327853118 -76.56290217583134,3.38790203329477 -76.56291117468348,3.3879038705136346 -76.5629192592972,3.3879065551368073 -76.56292551555708,3.387913762432111 -76.56293092953499,3.3879210393983517 -76.56293725594551,3.3879273278835793 -76.56294534067938,3.3879327680229294 -76.56295251199793,3.3879372893954316 -76.56295883841177,3.387943648418839 -76.5629651657225,3.3879499369038366 -76.56297233712127,3.387956295890012 -76.56297950750029,3.3879598993597715 -76.56298850643,3.387963502749066 -76.56299666127796,3.387967176713728 -76.56300474589246,3.3879698613361713 -76.56301191635175,3.38797530241951 -76.56301465863186,3.3879834268670614 -76.56301465812601,3.3879924702422137 -76.56301465762016,3.3880015136173642 -76.56301282946346,3.3880105570729353 -76.56301191558211,3.3880196004882737 -76.56301282935162,3.3880286438231897 -76.56301550058161,3.3880376870807667 -76.56302365496148,3.3880512526889115 -76.56302351464223,3.3880526661746178 -76.56302857595283,3.3880618504036044 -76.56303138830368,3.388067220235946 -76.56303448138554,3.3880718837683217 -76.56303757449817,3.388077252683944 -76.56304108967801,3.3880831876962536 -76.56304516728126,3.388089122683782 -76.56304875261465,3.388094209424386 -76.56305493875402,3.3881029703737258 -76.56306028174228,3.3881125090904267 -76.56306492180921,3.388119361955659 -76.56307075607832,3.3881276987861 -76.56307356838334,3.3881320087347464 -76.56307975449852,3.3881402044729723 -76.56308530888136,3.3881479770090492 -76.56309079218008,3.388155889720538 -76.56309571305859,3.388163873899455 -76.56309908697682,3.3881702321477154 -76.56310316463632,3.3881774386335137 -76.56310653862252,3.38818535143792 -76.56311068650346,3.3881932651125153 -76.56311434213605,3.3882008252128393 -76.56311799774087,3.388207748659544 -76.5631222157754,3.388214814062407 -76.56312615303582,3.3882215964199998 -76.56312959714495,3.3882279555693815 -76.56313072208138,3.388230004748533 -76.56313262008052,3.388233607545406 -76.56313515075226,3.3882385532555523 -76.5631378929107,3.3882438525523204 -76.5631409158649,3.3882499286626055 -76.56314379754454,3.3882561458557667 -76.56314717238182,3.3882629282380896 -76.56315096837423,3.3882699936594456 -76.56315553737078,3.3882772706616295 -76.56315715472572,3.3882835593532317 -76.56315701352216,3.3882853255306156 -76.56315947413343,3.3882932383751383 -76.5631621453439,3.388301786959619 -76.5631643953654,3.388309276583473 -76.56316643390024,3.388316412620696 -76.56316868303426,3.3883241843978764 -76.56317135421402,3.388332026694735 -76.56317444743951,3.3883399395112646 -76.56317711859461,3.3883472165971638 -76.56317964934723,3.388353999016642 -76.56318232136832,3.38836049927657 -76.56318569529094,3.3883669289671485 -76.56318892882337,3.388373146144605 -76.56319230364595,3.3883795758351187 -76.56319560739058,3.3883862876820614 -76.56319919281245,3.3883933531125052 -76.56320242634507,3.3883995702899106 -76.56320523874423,3.3884059991008963 -76.56320833188366,3.388411934131185 -76.56321114333667,3.3884173039629775 -76.56321606433501,3.3884279722149095 -76.56322112654935,3.388437157347064 -76.56322625800485,3.388445212054249 -76.56323132013269,3.388452418495895 -76.56323652171999,3.3884591302587297 -76.56324270863945,3.3884650651520225 -76.56324889550329,3.3884697285467498 -76.56325599576168,3.3884748160352984 -76.56326443142633,3.388479620407039 -76.56327216518024,3.388484283733133 -76.56328095266937,3.3884884523398853 -76.56329051404414,3.3884924083929633 -76.56329909092796,3.3884958001829633 -76.56330759760893,3.3884989089183604 -76.5633160340995,3.388502017656791 -76.56332067393758,3.388503572911629 -76.56332700105267,3.388505268263953 -76.56333592887664,3.3885083769804263 -76.56334900530484,3.3885153018170513 -76.56335498073852,3.3885208831230234 -76.5633603946796,3.3885271716457934 -76.56336461268623,3.388533529855589 -76.56336728374087,3.38853847555884 -76.56336988467338,3.3885449758213557 -76.56337248560592,3.3885514760838618 -76.5633742433157,3.388557128115213 -76.56337585973539,3.388562568537857 -76.5633774068738,3.3885682205785477 -76.56337944538276,3.388574719961658 -76.56338141370753,3.388581361328866 -76.56338267909419,3.3885849650576203 -76.56338682618792,3.3885953511896654 -76.56339800435374,3.3886131552899585 -76.56340651044692,3.3886233296133463 -76.56341459536324,3.388632726225118 -76.56342373396527,3.3886404985998544 -76.56343371673681,3.388650177280422 -76.56344236405556,3.3886590800986816 -76.56345044886676,3.388666074789755 -76.56345846346582,3.3886725748112716 -76.56346486097189,3.38867879275135 -76.56346978170983,3.388683455296588 -76.56347463225117,3.3886879776726118 -76.56348046729946,3.3886934179073593 -76.56348679459975,3.3886992822544495 -76.56349291131932,3.388704934091559 -76.56349923772609,3.3887109395152533 -76.56350549485484,3.3887172279996234 -76.56351252500998,3.3887242227371126 -76.56351941478115,3.3887311469424755 -76.5635249682211,3.388737788149677 -76.56352883441484,3.388744994642939 -76.5635324198716,3.3887527663596235 -76.56353516132705,3.388762446266007 -76.56353607508971,3.388771206542583 -76.56353488032286,3.3887773533777485 -76.56352925560914,3.388786962214186 -76.56352531878915,3.3887902822124882 -76.56351969385403,3.388794874688812 -76.56351378811641,3.3887985483707146 -76.56350710938972,3.388802363163649 -76.56350092284957,3.388805118955422 -76.5634951574523,3.3888078738240734 -76.56348946313913,3.388810487612877 -76.5634828545841,3.3888138791725755 -76.56347540202115,3.388819036036564 -76.56346689573206,3.388824900139291 -76.56346035740155,3.388829068521617 -76.563453889277,3.3888335895924007 -76.56344594450225,3.3888392420549986 -76.56343687584496,3.388846377680979 -76.56342893111352,3.388853018584315 -76.563421548784,3.388859164789986 -76.56341487014357,3.3888649582727157 -76.56340854246794,3.3888710338931047 -76.56340256663216,3.388876827344527 -76.56339638023414,3.3888828324202387 -76.56339061494485,3.388888060651304 -76.56338534189194,3.3888933593988058 -76.56338013903256,3.388898728681487 -76.56337542930015,3.3889039568655996 -76.56337071863989,3.3889085493004765 -76.563366640597,3.388913212245579 -76.56336214140796,3.3889178037666903 -76.56335630593398,3.3889231730773166 -76.56334906487196,3.3889290371228715 -76.56334175272877,3.388935112786498 -76.56333430110128,3.388941117917931 -76.56332663708386,3.3889466998287787 -76.56331911526568,3.388952704963208 -76.56331131091666,3.3889594163976824 -76.56330280378435,3.3889666225358464 -76.56329521093127,3.3889738991717513 -76.56328726712253,3.388981106189157 -76.56328072802046,3.388988241701619 -76.5632749637227,3.3889955887946965 -76.56326983113634,3.3890028662257787 -76.5632628710489,3.389013604637325 -76.56325823072363,3.3890215177958067 -76.56325527749044,3.389025333326416 -76.5632483172912,3.3890335278365 -76.5632407945813,3.389039745489672 -76.56323474846629,3.3890435602527402 -76.56322785909724,3.3890458214012678 -76.56321977374037,3.3890469512764447 -76.56321358710503,3.3890475872993178 -76.56320782244762,3.3890467392856687 -76.56320191734733,3.3890444777986963 -76.56319123107632,3.3890395324493547 -76.56318356832524,3.389032960967472 -76.5631773112398,3.3890276618262667 -76.56317098387738,3.38902038490203 -76.56316529012825,3.389015368793491 -76.56315446332223,3.389006890203359 -76.5631503858318,3.3890036401944728 -76.5631302792223,3.3889892268468267 -76.56312479611296,3.3889857643805574 -76.5631140395568,3.3889786287280343 -76.56310918907738,3.3889755198297213 -76.5630998390897,3.3889697261518252 -76.56306785148223,3.388957431285197 -76.56306124268733,3.388955382347671 -76.56305456370194,3.3889533334131916 -76.5630477443479,3.388951566638149 -76.5630410662748,3.3889498007611714 -76.56303087238066,3.3889481046729544 -76.56301920179567,3.388946620264609 -76.56300921852548,3.38894612603142 -76.56300464895632,3.388946408385817 -76.5629988141461,3.388946407738228 -76.56299241601216,3.388946408019723 -76.56298376909493,3.3889466905533876 -76.56297434829472,3.3889472552743047 -76.56296541972787,3.3889478199734904 -76.56295529613202,3.3889485972444313 -76.56294636758668,3.3889496566160497 -76.5629377207247,3.3889512106478197 -76.56293005742036,3.388952553021331 -76.56292323819865,3.3889538239150485 -76.56291733236564,3.388955378730579 -76.56291128615156,3.3889569326479014 -76.56290566199266,3.388958769604292 -76.56289856114279,3.3889608182404456 -76.56289139012695,3.3889634320905624 -76.5628833048563,3.3889665406533545 -76.56287465809535,3.3889704260666225 -76.56286650264327,3.388973746247327 -76.56285883941536,3.3889768547914048 -76.56285124637789,3.3889799633323427 -76.56284414558294,3.3889832834666165 -76.56283753701214,3.3889863919642877 -76.56283064770078,3.3889899951468285 -76.56282431993789,3.3889941635156497 -76.56281743068158,3.3889990381966153 -76.56281011847017,3.38900363074276 -76.56280273698337,3.389008575983507 -76.56279458159813,3.3890134507197622 -76.5627867069871,3.3890186085012934 -76.56277834107303,3.389024471687513 -76.56276997514051,3.389029911643713 -76.56276463180723,3.389033232604828 -76.56275521125086,3.3890394494329574 -76.56274656365314,3.3890448188629545 -76.56273693162515,3.389051035700157 -76.56272779179379,3.3890564051515106 -76.56271942586987,3.38906205672225 -76.56271077828704,3.3890677797478883 -76.56270241236292,3.3890734313184803 -76.56269425699804,3.3890788007265034 -76.56268687548564,3.3890831807554376 -76.56267998528533,3.389087066090248 -76.5626731652969,3.389091446998893 -76.5626670490224,3.389096038587403 -76.56266121349157,3.389100206933672 -76.56265516739523,3.3891045163657463 -76.56264827814037,3.389109462488174 -76.56264012279622,3.389115325664015 -76.56263252984546,3.389120483432008 -76.56262388223715,3.389125640341601 -76.56261579707412,3.38913129280354 -76.5626081339112,3.3891359549974553 -76.5626005409601,3.3891411127651985 -76.56259442466363,3.38914521058498 -76.56258683175506,3.389151356793496 -76.56258043389708,3.389157786007525 -76.56257410621733,3.3891639321608173 -76.56257002904809,3.3891681004299388 -76.56256806020252,3.389170149744463 -76.56256349000648,3.389176790493744 -76.56255842862303,3.3891868234343425 -76.56255568622309,3.3891967848312765 -76.56255392807083,3.389201660191269 -76.56255210064921,3.389207029322549 -76.56254935808472,3.3892131762239135 -76.56254633481294,3.38922059463601 -76.56254331153194,3.3892278005287837 -76.56254078045092,3.3892342295742144 -76.56253747649303,3.389243414169627 -76.56253473482823,3.3892495610709084 -76.56253044546067,3.389257756363962 -76.56252714136261,3.389263691674724 -76.56252306343285,3.389271109228297 -76.5625190556723,3.3892780330105294 -76.5625147671922,3.3892859461501743 -76.56251068917707,3.389291385917599 -76.56250661212569,3.3892983097027924 -76.5625028148361,3.3893029020937395 -76.56249901845847,3.3893077766379323 -76.56249395687598,3.3893132173523934 -76.56248840307808,3.3893190813181753 -76.56248277820185,3.3893252274403123 -76.56247694275704,3.3893314450142316 -76.56246906910545,3.389338085906637 -76.56246021004415,3.3893437374965734 -76.56245233621912,3.3893463513739888 -76.56244621982351,3.389348188349105 -76.56244010342483,3.389349954785859 -76.56243117496325,3.3893530624771726 -76.56242182447075,3.3893564541486962 -76.56241191159656,3.3893608342854167 -76.56240495119962,3.389364649083 -76.56239813208357,3.3893684638744044 -76.56239300022467,3.389371925900951 -76.56238857024677,3.389374822686095 -76.56238470359588,3.389377789985113 -76.56238090715063,3.389381109972694 -76.56234786379063,3.389406331569087 -76.56234252139612,3.3894106409687215 -76.56233907587907,3.389413396634338 -76.56232951500795,3.389421309097221 -76.56232002342735,3.389429222461347 -76.56231144612933,3.3894372759581084 -76.56230364267539,3.389444129365445 -76.56229717460492,3.389450134446357 -76.56229007391059,3.3894559279396255 -76.56228691012484,3.3894603077830054 -76.56228374634512,3.389464829607361 -76.56228184771614,3.3894675146675226 -76.56227966834008,3.389470552431448 -76.56227720729898,3.389473519669229 -76.56227390310177,3.389477193231057 -76.56227102090227,3.3894798068910785 -76.56226483359049,3.3894857414213058 -76.56226019400651,3.3894901927710808 -76.56225330389236,3.3894961978699487 -76.56224550041937,3.3895026271425337 -76.56223678179985,3.3895097627421875 -76.56222862647708,3.389516262568168 -76.5622208932487,3.389523963336035 -76.56220830899747,3.389536892288406 -76.56220212170004,3.3895431795098556 -76.5621969188367,3.389548690767192 -76.56219157644375,3.389553070704321 -76.5621867253725,3.3895571684669137 -76.56218194450378,3.3895615483797505 -76.56217582740263,3.3895679775789893 -76.5621695006719,3.3895753961324506 -76.56216366527491,3.3895828146646743 -76.56215839229297,3.3895900206532907 -76.56215304912044,3.3895972266449053 -76.56214875972705,3.3896049281679916 -76.56214622869376,3.389612558172569 -76.56214468213088,3.3896202586730118 -76.56214425952875,3.3896282430869578 -76.56214454069514,3.3896377096797026 -76.56214503237595,3.3896458351308656 -76.56214510287421,3.3896530417933 -76.56214510230012,3.389660671688743 -76.56214538349977,3.389670916011723 -76.56214594537416,3.389679111998178 -76.56214981250369,3.389687307842084 -76.56215290557151,3.389691617781162 -76.56216028672824,3.3896998134734493 -76.56216464591364,3.38970384030023 -76.56216949644806,3.389708220701749 -76.5621740662294,3.389712813634669 -76.56217891678206,3.3897176181704207 -76.56218376733776,3.3897224932444705 -76.56218868895071,3.3897265905851865 -76.56219452398314,3.38973167813599 -76.56219965618902,3.3897362710445007 -76.56220577200492,3.3897418523513787 -76.56221167724016,3.38974722205234 -76.562217793947,3.389752591744127 -76.5622241914343,3.3897583855580256 -76.56222974480796,3.3897635427547645 -76.56223536926915,3.389768630314413 -76.56224050057551,3.3897732223183983 -76.56224563275765,3.389777250015724 -76.56225069475225,3.389781347350043 -76.56225610769974,3.389785445573498 -76.56226222440405,3.3897907447266693 -76.56226805946145,3.3897963974879413 -76.56227445694022,3.3898019787821845 -76.56228008050195,3.389807065437262 -76.56228830578046,3.389816038822243 -76.56229238333812,3.3898208433908503 -76.56229674163686,3.3898251532746837 -76.56230103064799,3.3898295336998188 -76.56230616285487,3.3898341257034024 -76.56231052114465,3.3898382239721983 -76.56231487944356,3.389842533855946 -76.56232331610336,3.389849387464393 -76.56233069795348,3.3898527078718983 -76.56233681361931,3.3898547568357005 -76.56234342243708,3.389857229912375 -76.56234855453519,3.3898592789187205 -76.56235488171512,3.389862317218449 -76.56236205298167,3.389865355481544 -76.56236795810933,3.389868182184511 -76.56237660521094,3.389871997209406 -76.56238426783283,3.3898755301236285 -76.56239193134554,3.38987885142278 -76.56239727403677,3.389881394187993 -76.56240261672805,3.389883937857514 -76.56241281075245,3.3898884600068646 -76.56242251254612,3.3898930527157995 -76.5624317221273,3.3898981401186132 -76.56243755709515,3.3899016731117686 -76.56244240761963,3.3899057704542375 -76.56244775129919,3.3899103633521985 -76.56245189900604,3.389914178571853 -76.56246026462256,3.3899220920656887 -76.56246588906453,3.3899266840470084 -76.56246947438055,3.3899312770212604 -76.56247383272616,3.389936645883458 -76.56248072244092,3.3899422280592315 -76.56248761208887,3.389946255678824 -76.56249197040118,3.3899508477150393 -76.56249400892557,3.38995777213849 -76.56249710217223,3.3899661796295324 -76.56249942232536,3.389972326310484 -76.56250174159081,3.3899787551447633 -76.56250434255809,3.3899861036779995 -76.56250715499999,3.389993521836014 -76.56250975594902,3.3900004453306174 -76.56251277891714,3.390006804500262 -76.56251509816147,3.3900127395662376 -76.56251769999834,3.390019380907483 -76.56252205855165,3.3900295545144696 -76.56252465951309,3.390036761066655 -76.56252719026875,3.390043614025934 -76.56253000175633,3.3900497606854127 -76.5625349226827,3.3900587342120163 -76.56253696118321,3.3900650925200924 -76.56253850836191,3.390071733907185 -76.56254082771318,3.3900801414317505 -76.5625431470675,3.390088619494633 -76.56254595944303,3.390094484000725 -76.56254982556499,3.3901000654032876 -76.56255545005418,3.39010571817191 -76.56256107446414,3.3901095333267453 -76.56256817457562,3.3901110170352338 -76.56257555628531,3.390111017617936 -76.56258546930967,3.390109958206729 -76.56259285094004,3.3901081211755466 -76.56259847515192,3.390107344104455 -76.56260536557019,3.3901083331492132 -76.56261274741104,3.390111371401212 -76.56261837093363,3.39011546961338 -76.56262322235675,3.3901194964165344 -76.56262652601505,3.3901241599407776 -76.56262961898562,3.3901261384962305 -76.56263468095008,3.39012945900257 -76.56264213308253,3.3901348286332893 -76.5626493035498,3.390140127737922 -76.5626568961094,3.3901465572459166 -76.56266434827263,3.3901526331640266 -76.56267095725214,3.390158780561565 -76.56267686179119,3.3901687424853013 -76.56267686201123,3.3901738293835955 -76.56267714301804,3.3901794814805455 -76.562678197064,3.390186122888925 -76.56267974337759,3.3901935411016897 -76.56268206360883,3.390201453953239 -76.56268494622196,3.3902083783393495 -76.56268719527421,3.3902142428696114 -76.56269106158696,3.3902242039779606 -76.56269577178797,3.390229573728052 -76.56270406720641,3.390237205069438 -76.56271440173632,3.3902444818213087 -76.56272565047657,3.3902502048813035 -76.56273183640057,3.3902537378572637 -76.56273486015145,3.3902573415098343 -76.56273661689048,3.3902613684477587 -76.56273521141041,3.390264406178814 -76.5627312034638,3.390267091332087 -76.56272888376434,3.3902714711399304 -76.56272768804183,3.390276487552193 -76.56272958619964,3.3902836941344994 -76.56273296101067,3.3902897702303707 -76.5627389365774,3.3902982490371194 -76.56274195948976,3.3903032652648313 -76.56274294349875,3.3903134390183483 -76.56274287271432,3.390320503705781 -76.5627406223025,3.3903248138766333 -76.56273759983993,3.3903301830604344 -76.56273429481824,3.390335622794909 -76.5627307090739,3.390341981348523 -76.56272719440167,3.3903479166690786 -76.56272339803344,3.390353074271714 -76.56271580429294,3.390360986652319 -76.56270659503926,3.39036360059024 -76.56270104098293,3.390363599928683 -76.56269436208031,3.390363670758912 -76.56268627756282,3.390363670207853 -76.56267706728691,3.390363458090935 -76.56267045944726,3.3903628931686516 -76.56266792808009,3.39036275129823 -76.56265745256141,3.390362257083092 -76.56264803257997,3.390361267244827 -76.56264065084704,3.3903607728944456 -76.56263277688609,3.3903604187377954 -76.56262919086018,3.390360277817631 -76.56262005169616,3.3903605603696643 -76.56261161536239,3.3903614071975383 -76.56260345978801,3.3903621843791107 -76.56259713279012,3.390363456153485 -76.56259488311271,3.39036395092417 -76.56259129712947,3.3903647984447223 -76.56258412694443,3.3903660702557707 -76.56257702606534,3.3903676947553594 -76.56256887049086,3.390368471936641 -76.56256380866859,3.390368471252844 -76.56255565393914,3.390367976935489 -76.56255002964038,3.390366775315955 -76.56254314009584,3.3903652210598705 -76.56253575829591,3.39036317215257 -76.56252760259048,3.390360910759594 -76.56251972855955,3.3903589324119188 -76.56251255823139,3.3903568834952353 -76.56249983291669,3.390354127628253 -76.56249069374047,3.39035412712143 -76.56248556179459,3.3903556809963917 -76.56247818019558,3.3903582948526596 -76.56246777505613,3.390362180338791 -76.56246243165981,3.390364229799757 -76.56245251876646,3.390368397417622 -76.56244766761631,3.390370729010411 -76.56244211369062,3.390373766921273 -76.56243599738882,3.390377935278373 -76.56242938890449,3.3903833046169756 -76.5624217959762,3.3903892392092008 -76.56241469531228,3.390395880067563 -76.56240682077615,3.3904030861703855 -76.56239922792345,3.3904107869335194 -76.5623928300682,3.390417499203883 -76.5623877675886,3.3904231506284117 -76.56238270603917,3.390429509244779 -76.5623776444381,3.3904346669009557 -76.56237307417123,3.390439824535796 -76.56236801257003,3.3904449812875845 -76.56236217706933,3.390450068438917 -76.56235556857503,3.3904552261620493 -76.56234895915951,3.390459888308239 -76.56234010099638,3.3904657524163424 -76.56233271945068,3.3904696377699923 -76.562324071741,3.3904727463525464 -76.562316690174,3.390476137937814 -76.5623110651689,3.3904794580042976 -76.56230319139794,3.3904835558983466 -76.56229812968712,3.390486169652797 -76.56229278631093,3.3904887128810905 -76.56228744293774,3.390491326647678 -76.56228188900178,3.390494152942655 -76.56227626486306,3.3904966961830074 -76.56226508680336,3.3905024184098247 -76.56225826680317,3.390506798411216 -76.56224884620522,3.3905124509278437 -76.56224125324151,3.3905176077884303 -76.56223387173736,3.3905224824865248 -76.56222775453082,3.390526580304029 -76.56222269285286,3.3905299717883137 -76.56221784175268,3.390533503435781 -76.56221249844555,3.3905376717580715 -76.56220715514743,3.39054205259964 -76.56220160128646,3.3905466441609047 -76.56219527444091,3.3905515197174894 -76.56218838433702,3.390557948045797 -76.56218128367333,3.3905646603451123 -76.56217748725604,3.3905687580621025 -76.56217038570131,3.390575681072009 -76.56216356675402,3.3905836648575236 -76.56215646522028,3.3905910834442627 -76.56214957518225,3.3905990663284102 -76.56214198242253,3.3906090279332117 -76.56213438963252,3.3906182832503866 -76.56212651517998,3.3906275385796474 -76.56211892243186,3.3906377823375577 -76.56211435219586,3.3906437177014057 -76.56211104806648,3.390649086895403 -76.56210725170283,3.390654456110603 -76.56210197876908,3.390662934501651 -76.5620979008635,3.390671129783551 -76.56209487758387,3.390678548194106 -76.56209340115538,3.390684977192814 -76.56209164322723,3.390695221603445 -76.56209016676554,3.3907008737762587 -76.56208784623767,3.390707020658027 -76.56208482290357,3.390713166665724 -76.56208130732317,3.390719031445661 -76.56207343371496,3.3907270143716244 -76.56206935559202,3.3907301227551248 -76.56206429392145,3.3907337258535506 -76.5620589506427,3.390738601366898 -76.56205206051249,3.3907444644833142 -76.56204474924147,3.390750399060465 -76.56203785909005,3.390755768408521 -76.56202977393423,3.3907619860764853 -76.56202063501588,3.390768132347044 -76.56201170576045,3.3907740669935316 -76.562002355316,3.3907789417745278 -76.56199293465072,3.3907831093665473 -76.56198428693715,3.3907862179460806 -76.56197486622666,3.3907893265587457 -76.56196516472956,3.39079186997246 -76.56195602562728,3.3907937061700237 -76.56194484651823,3.390796037127678 -76.5619338797598,3.3907978743078298 -76.56192220927417,3.390799215941117 -76.56191074934844,3.3908002754119386 -76.56190083721614,3.3908013348162496 -76.56189064250052,3.390801899559977 -76.56188269837259,3.390802182053833 -76.56187152007621,3.3908024646862276 -76.56186442003563,3.3908027471437605 -76.56185956878598,3.390802817889933 -76.56185218709194,3.3908033119744116 -76.56184353927885,3.3908040891706848 -76.56183432996463,3.3908054306975073 -76.56182673685568,3.390807267731992 -76.56181703539092,3.39081058797011 -76.56181225445161,3.390813484767642 -76.56180691114118,3.3908176530877006 -76.56180156859588,3.3908186417571393 -76.56179545209997,3.3908183589611656 -76.56178835112647,3.39081786459229 -76.56178117993241,3.39081666303446 -76.56177583727043,3.390814896187475 -76.56176845538192,3.3908107989499645 -76.56176430764094,3.3908062059972273 -76.56176100397542,3.3908013308551044 -76.56175615335358,3.3907949717612826 -76.56175284883311,3.390791156502686 -76.56174898188772,3.3907873412681093 -76.561744623596,3.3907832439012155 -76.5617395616221,3.390779710870946 -76.56173548416768,3.3907773796631036 -76.56172676694742,3.390775400440666 -76.56171994765756,3.390775400731852 -76.56171558863936,3.3907754009179576 -76.56171052681789,3.3907754707680313 -76.56170441033424,3.390775471029106 -76.56169646619449,3.390775470463796 -76.56168704535484,3.3907755414040834 -76.56167713227788,3.3907755409226126 -76.56166616544454,3.3907756110242966 -76.56165625239142,3.3907761757535333 -76.56165329990337,3.390776600013671 -76.56164711326485,3.390777447641589 -76.56162264732416,3.390777305798726 -76.56159213599027,3.3907771633082393 -76.5615877769512,3.390776668821167 -76.56158215269289,3.390776456541211 -76.56157603620919,3.3907764558971327 -76.56156970915363,3.3907764561663125 -76.56156253801365,3.390776526105338 -76.56154840722935,3.390777232993836 -76.56153497927795,3.390778574697162 -76.5615287225081,3.390780834902443 -76.56152204284227,3.3907842264518373 -76.56151691096386,3.3907874759544425 -76.56151205988067,3.3907915031753237 -76.56150777119267,3.390794824084721 -76.56150362379469,3.39079835660307 -76.5614994754938,3.3908018176787773 -76.56149694429794,3.3908057742627347 -76.56149427273863,3.3908101549869234 -76.56149321828725,3.390815099949026 -76.56149335887055,3.390819904688074 -76.56149483490833,3.390825486196308 -76.56149701373155,3.3908305730020945 -76.5615005288558,3.390835165982861 -76.56150116167639,3.3908400403349863 -76.56149806803762,3.3908435728085555 -76.56149342836945,3.3908462579835477 -76.56148885805136,3.3908503557307137 -76.5614843588802,3.3908557955116523 -76.56148224973377,3.3908598931542975 -76.56147992916898,3.3908652623044064 -76.56147852287334,3.3908704198007307 -76.56147746843374,3.390875647820441 -76.56147662463135,3.3908824303873315 -76.5614759913029,3.3908868815632722 -76.56147556945218,3.390891473806883 -76.56147493716614,3.3908993162483143 -76.56147416347717,3.3909042621028114 -76.56147289764884,3.3909114688218827 -76.56147113957422,3.3909183925042132 -76.56146938246184,3.390926800204297 -76.56146713219432,3.390934712348368 -76.56146649883316,3.390938386698409 -76.56146516371989,3.390945734497053 -76.56146291348794,3.390954494909662 -76.56146038253198,3.390964174141051 -76.56145764012787,3.3909744185923247 -76.56145658558417,3.390977174153352 -76.5614543352363,3.3909831790496567 -76.56145053897458,3.3909910921636053 -76.56144653124393,3.390999075824832 -76.56144217247095,3.3910049397338895 -76.5614386569093,3.3910113688180896 -76.56143788396568,3.3910126403493575 -76.56143535277495,3.3910167380097915 -76.56143183721323,3.391023167093967 -76.5614297983548,3.391029597019857 -76.5614288141647,3.391036237611658 -76.56142881358518,3.3910438684112885 -76.56143043017923,3.3910536180050537 -76.56143401569929,3.391063085362033 -76.56143886629964,3.3910689497848536 -76.56144273249642,3.391076368805516 -76.56144224054977,3.3910832218957525 -76.56143767034013,3.3910899331779643 -76.56143485842811,3.3910950201954932 -76.56143162451973,3.3911012376527485 -76.56142803880856,3.3911086560850716 -76.56142452337397,3.3911181228387783 -76.56142100797197,3.3911283673226964 -76.561417983863,3.391137622440579 -76.56141573455974,3.3911470900449183 -76.56141503122997,3.3911560629111284 -76.56141552270395,3.3911593836174942 -76.56141580365933,3.391163975831269 -76.56141580392618,3.3911703342280215 -76.56141559275677,3.391177540902285 -76.56141566259316,3.391190540750479 -76.56141566231892,3.3912054478493667 -76.56141495833536,3.391220285344093 -76.56141404452839,3.39123151815855 -76.5614127789987,3.391245861004472 -76.56141158276861,3.3912604145580825 -76.5614105988599,3.3912737680468648 -76.5614101061346,3.3912835177300105 -76.56140912126963,3.3912955291820226 -76.56140891026912,3.391306761966672 -76.56140869916193,3.391315452658699 -76.56140876882925,3.391324425492115 -76.56140876912868,3.3913315607147316 -76.56140933109583,3.3913420880833884 -76.5614105965323,3.39134696331305 -76.5614111590732,3.391349718805474 -76.56141193227506,3.3913545931516578 -76.56141242386775,3.3913607399125945 -76.56141270495365,3.39136844123856 -76.56141277462103,3.3913774140719646 -76.56141277498573,3.3913861038506794 -76.5614128446205,3.3913942998581965 -76.56141284402013,3.3914014359851796 -76.56141340684273,3.3914109025659327 -76.56141572691553,3.391415212539958 -76.56141874899595,3.3914219244045314 -76.5614221238563,3.391429272907714 -76.56142570928279,3.3914364794209724 -76.56142774777909,3.391442837731267 -76.56142908348063,3.3914494791289838 -76.56142957504086,3.391454849064015 -76.56142985608241,3.3914614896021127 -76.56142992572919,3.3914699677629043 -76.56142971465476,3.391479435280785 -76.56142922279686,3.3914884081379775 -76.56142795702976,3.3914970979703583 -76.56142760522393,3.391498228407108 -76.56142598835807,3.3915034573548914 -76.5614228947733,3.391508331864996 -76.56141656708293,3.3915147610682963 -76.56141178626646,3.3915206955333965 -76.56141080208768,3.391527619182745 -76.56141080141316,3.3915329891386423 -76.56141080167113,3.3915391359203806 -76.56141087216129,3.3915462711399913 -76.5614111523355,3.3915536894083393 -76.56141143342147,3.391561390734274 -76.56141220671843,3.391568526828428 -76.56141248770653,3.391573895868044 -76.56141276879252,3.391581597193974 -76.56141255771794,3.391591064711833 -76.56141023717183,3.3915969285343093 -76.56140953446287,3.391599259946076 -76.56140644089848,3.391604629128714 -76.56140215231628,3.3916105644772374 -76.56139814453822,3.3916174873503535 -76.56139455885757,3.391625683512717 -76.56139230949965,3.3916338787141127 -76.56138879400955,3.3916420739691415 -76.56138422383849,3.391649775500579 -76.56138091975504,3.391656416190524 -76.56137965380658,3.391660796854814 -76.56137817730675,3.3916656712962756 -76.56137641913239,3.391670263596376 -76.56137360726287,3.391676410497193 -76.56137163849564,3.3916805081336103 -76.56136833440313,3.391686937208544 -76.56136453719665,3.3916938609769374 -76.56135771826457,3.391702551044301 -76.56135209340016,3.391709474890012 -76.56135012470975,3.391715409235766 -76.5613473128192,3.3917210614639144 -76.56134527382851,3.3917243822773675 -76.56134253119613,3.391729256772353 -76.56134049227057,3.3917341321418903 -76.56133824279355,3.391739501288587 -76.56133543092359,3.39174564818929 -76.56133240683266,3.3917553979794106 -76.56133240706647,3.3917609795502144 -76.5613332504797,3.3917663485660423 -76.56133374206328,3.391772283712004 -76.56133275790442,3.391779702033838 -76.56133050845983,3.3917858489107275 -76.56132748510585,3.3917917127627257 -76.5613236887453,3.391797365032445 -76.5613198914641,3.3918025217252596 -76.5613165872732,3.3918066194180394 -76.56131152576586,3.3918143209699 -76.56130920514468,3.3918184186210625 -76.56130695561406,3.391822516269214 -76.56130470522791,3.391827673800898 -76.56130315856636,3.391833255437097 -76.56130168207773,3.391838412936055 -76.56129915110907,3.391847879647588 -76.56129760440602,3.3918524719385954 -76.56129437047063,3.391858124184422 -76.56129387745418,3.391860950259824 -76.56129437006457,3.3918699230752822 -76.56129570570076,3.391875009917038 -76.5612997825458,3.39188419510028 -76.56130364959145,3.3918903417185087 -76.56130744551405,3.3918957115138477 -76.561312366276,3.3919007982039813 -76.56131714664772,3.3919056732850605 -76.56132024060705,3.3919097001689087 -76.56132284146719,3.3919145753421396 -76.56132466864278,3.3919245374462967 -76.56132516113514,3.39193068420717 -76.56132572293905,3.3919373256377 -76.56132726920386,3.39194375450728 -76.561330362373,3.3919503958307153 -76.56133415918403,3.391955483472615 -76.56133851743495,3.391958520957723 -76.56134259489345,3.3919608530714775 -76.5613471645839,3.391963113721722 -76.56135461674425,3.391968978034695 -76.56135918655328,3.3919740656437685 -76.56136326420439,3.391980989078695 -76.56136361519356,3.391981837332369 -76.5613658651686,3.391988336710402 -76.56136642700838,3.391995826409429 -76.56136593510524,3.392003739383006 -76.56136466926291,3.392010663044177 -76.561363403388,3.3920168098794696 -76.56136270069048,3.392019423444472 -76.56136094259838,3.3920259944348703 -76.56135841155579,3.3920336949754724 -76.56135742724585,3.3920375104168716 -76.56135637191043,3.3920428795130286 -76.561355879945,3.3920493093731694 -76.56135595042595,3.3920562329777475 -76.56135602072628,3.392058847414357 -76.56135623144652,3.3920623797475375 -76.56135749605787,3.3920690211482745 -76.56135904318745,3.392074602653548 -76.5613613623647,3.3920789831659888 -76.56136572173243,3.392087178991757 -76.5613667756532,3.3920909943468502 -76.56136628382407,3.392100673491459 -76.56136072938212,3.392113178000643 -76.56135826774275,3.3921235644205336 -76.56135784622273,3.392136069616701 -76.56135861871768,3.3921455370928046 -76.56136114946196,3.392152178439915 -76.56136318882672,3.3921577599243284 -76.56136600028063,3.3921631288567395 -76.56136881265526,3.3921689933660284 -76.56137014830412,3.392174363265262 -76.56137035911334,3.3921800153654185 -76.56136965565214,3.392185879119259 -76.5613683897563,3.392191531281953 -76.56136712384857,3.3921969003870225 -76.56136564741311,3.3922033302888375 -76.56136487376112,3.392209194045644 -76.5613657172194,3.392215622944879 -76.56136775661693,3.392221982159482 -76.56137028730816,3.3922273520080983 -76.56137338044591,3.3922332156011348 -76.56137569965622,3.3922383738437287 -76.56137801977233,3.392243672258584 -76.56138005824047,3.392249324281307 -76.56138216787336,3.392256743376391 -76.5613842055691,3.3922654330686357 -76.56138624414403,3.392273628992589 -76.56138807217641,3.392282531213006 -76.5613894079352,3.3922905146474274 -76.56139046206972,3.392299416900629 -76.56139123535826,3.392306340475385 -76.56139228940984,3.392313264942579 -76.56139306267468,3.392319623306427 -76.5613941167144,3.392326264715995 -76.56139488999412,3.3923329766757826 -76.561395663259,3.3923393350396234 -76.561396506771,3.3923470363416004 -76.56139678783346,3.3923541724565056 -76.56139727947107,3.39236137819647 -76.561398052822,3.3923697857889623 -76.56139861464744,3.3923769218919646 -76.56139889647339,3.39238080781804 -76.56139889580776,3.3923863893888053 -76.56139868458467,3.3923923236600997 -76.56139819264904,3.3923994598077596 -76.5613972076228,3.39240765495547 -76.56139622350834,3.3924161331607605 -76.56139523934937,3.3924235514825622 -76.56139369182017,3.392429910849083 -76.56138996581133,3.392439448149711 -76.56138841911674,3.3924442529601144 -76.5613887001169,3.3924499050572594 -76.56139130108555,3.392457323227129 -76.5613933394979,3.392461633213022 -76.56139769793513,3.3924690513083906 -76.56140149473964,3.3924739264306405 -76.5614038147616,3.392476964906122 -76.56140641557921,3.3924807801955614 -76.5614097201279,3.3924851606660607 -76.56141358621151,3.392489752727703 -76.56141815604404,3.392495334104653 -76.56144219906835,3.392516530754554 -76.56144831566986,3.392519074396241 -76.56145464285257,3.392521829643915 -76.56146054802356,3.3925253626396636 -76.56146694549811,3.3925305207088634 -76.56147179606151,3.3925353252477644 -76.56147664664873,3.392540694997542 -76.56148072427044,3.392546841605988 -76.56148480185651,3.3925521399458924 -76.56148916025327,3.392558569599995 -76.56149457332016,3.39256521082423 -76.56150104109295,3.3925729127914392 -76.56150554073264,3.3925784236326173 -76.56151116438392,3.392585347001087 -76.56151756192159,3.3925919890876806 -76.5615229047981,3.3925986303147315 -76.56152782560642,3.3926047063487945 -76.56153162243294,3.3926100761430855 -76.5615403400055,3.3926200379536136 -76.56154413582517,3.3926228647510044 -76.56154673746917,3.392624912964642 -76.56155016793805,3.3926277660033364 -76.56156466373905,3.3926398211089706 -76.56156459867742,3.3949175585923475 -76.56121215164576,3.3950163525034585 -76.56121056072496,3.3950181178372376 -76.5609943106213,3.395258055795053 -76.56077780581455,3.3953909337320507 -76.56071239294086,3.3953838419355997 -76.56067079057961,3.395410111053994 -76.560650201381,3.3954137916605065 -76.56060643995792,3.3954124695319385 -76.5605676557778,3.395388874268677 -76.56046832854607,3.3953056630720955 -76.56044826245713,3.3952721925676435 -76.56040903756299,3.3952320027246556 -76.56036668074053,3.395205604154967 -76.56031658422636,3.3951842964182855 -76.56026341072968,3.395178135553131 -76.56022218697933,3.3951765429054195 -76.56017568869393,3.395189301403356 -76.56015312837283,3.3952057694113087 -76.56013420243745,3.3952383245275364 -76.56010934598466,3.3953082389697373 -76.56005532320508,3.395395940212035 -76.55999561330097,3.3954652465570483 -76.55995278652695,3.3955002253683597 -76.55990202325755,3.395525011715244 -76.55981033266376,3.395557664751491 -76.5597586973206,3.395558169667026 -76.55972200945897,3.395546330670539 -76.55969570682132,3.395526000426568 -76.55964647481879,3.3954978558292086 -76.55959145624972,3.3954843156087673 -76.55951654162243,3.395457834217784 -76.55947191641127,3.3954365723369815 -76.55942892900067,3.3954380535695754 -76.55940890632411,3.3954542591999037 -76.55937856925526,3.3954950523713787 -76.55935925787485,3.395498470640975 -76.55929125390014,3.395482940479949 -76.55905858943652,3.3954530632695974 -76.55897876045312,3.3954467035406277 -76.55892052867327,3.3954398555068126 -76.55888166312143,3.3954284054299633 -76.55884087242153,3.3954094222973734 -76.55874600748763,3.3953625831951277 -76.55866432634164,3.395304937633785 -76.5585891976401,3.395233971820579 -76.55851629112355,3.395149187637767 -76.55845378791636,3.395057702803721 -76.55840516938949,3.3949986198298814 -76.55834231739323,3.394939190146509 -76.55832850097006,3.394926125725654 -76.55819885324435,3.3947718897221515 -76.55818593730963,3.394727830906884 -76.55817169700757,3.3946672290983093 -76.5581703650379,3.3945937526375047 -76.55811727189652,3.3946166172646586 -76.55788329901357,3.3946980004538676 -76.55774831495391,3.3947522568798516 -76.55762553074004,3.394786527864276 -76.55758633402455,3.3947974682380706 -76.55755933751469,3.3947974674671375 -76.55704639990171,3.3948607535842106 -76.55701144220637,3.3948630944292373 -76.556993254702,3.3948643123558058 -76.55691141678089,3.3948697930208995 -76.55602052512644,3.3950054135582337 -76.55593053649743,3.3950234972870796 -76.55588554140314,3.395023495321643 -76.55548959051629,3.395068698606179 -76.55539060213164,3.39508678170682 -76.55511163669202,3.395122945361487 -76.55493165873393,3.395141025892106 -76.55444571786113,3.395195269000973 -76.55410375928994,3.3952495168069703 -76.55407676217837,3.3952585593132385 -76.55393277985003,3.395285683587087 -76.55308688307532,3.395385129974047 -76.55306888479281,3.3953941721480727 -76.553007745043,3.3953997557816 -76.55296989692606,3.3954032125300064 -76.55292490211384,3.3954122538011395 -76.55222298782817,3.3954936177774515 -76.55203401029169,3.3955207405338457 -76.5518720301765,3.395547864184158 -76.55149407566286,3.395593066147558 -76.55143108313825,3.3956021070228735 -76.55129609952652,3.3956292324233965 -76.55103513117479,3.3956563518539515 -76.55083715562589,3.395683474660694 -76.55072016939637,3.3957015560395156 -76.55027922221952,3.39575579925595 -76.55018023428737,3.395764838447182 -76.54972129025582,3.3958190801534056 -76.54965054882531,3.395829232577933 -76.54957478702272,3.39520904472578 -76.54949662895525,3.395224750898891 -76.5486316916991,3.395345147447168 -76.54870141706952,3.3959544554687993 -76.54864142021725,3.3959637293934004 -76.5482274702436,3.3960179717879444 -76.5481194827716,3.39603605440128 -76.54778652277459,3.3960722129601266 -76.54764253989012,3.3960902938245328 -76.54750755674965,3.396108374415516 -76.54727358470475,3.3961354947847324 -76.54716559720109,3.396153576386906 -76.54627719175014,3.39627928355314 -76.54625677613255,3.396282171648105 -76.54625326421503,3.3962607687858886 -76.54616674002997,3.395773709372541 -76.54611276396399,3.3953938836185977</coordinates>
                        </LinearRing>
                    </outerBoundaryIs>
                </Polygon>
            </Placemark>
            <Placemark id="nur_upu_unidades_planificacion_urbana.14">
                <ExtendedData>
                    <SchemaData schemaUrl="#nur_upu_unidades_planificacion_urbana_1">
                        <SimpleData name="upu">14</SimpleData>
                        <SimpleData name="nombre_upu">PANCE</SimpleData>
                        <SimpleData name="area_ha">1120.83175827</SimpleData>
                        <SimpleData name="estado">Formulada</SimpleData>
                        <SimpleData name="url1">http://idesc.cali.gov.co/download/upu/ficha_reglamentaria_upu_14_formulada.pdf</SimpleData>
                    </SchemaData>
                </ExtendedData>
                <Polygon>
                    <outerBoundaryIs>
                        <LinearRing>
                            <tessellate>1</tessellate>
                            <coordinates>-76.54222938481796,3.3747638860550877 -76.54210319891241,3.3744145286513803 -76.54205437736795,3.3742793619595366 -76.54192223212804,3.3740281280418074 -76.54175437411581,3.3737804832992295 -76.54154365925781,3.3735328403591485 -76.54129366073055,3.3733175002607894 -76.54095437805596,3.3730698590266535 -76.54069009621396,3.372940657262716 -76.54032509433377,3.3727577660343493 -76.53940082935391,3.3722946458220413 -76.53860084233624,3.3718675575712687 -76.53714264082895,3.3711139073908565 -76.53606517166169,3.3705683480213264 -76.53445806054766,3.369750057665423 -76.53141169960827,3.368178071136313 -76.53106311020333,3.367999687042749 -76.5310103034754,3.3680564764291847 -76.53085782553754,3.3682755295503393 -76.53085215560908,3.368283674983873 -76.52978802599691,3.368763185647069 -76.52978420277124,3.368792807278133 -76.52976252132524,3.3689607973305224 -76.5297625230339,3.3691427718608726 -76.52974908181547,3.3693339852359463 -76.52967853850296,3.3703375542951286 -76.52953413229011,3.372391899717949 -76.52950443076708,3.3728144275232004 -76.52941197898122,3.37412965599046 -76.52938501186719,3.3743329260989965 -76.52915291939966,3.3743104056471176 -76.5273529941543,3.3742962598130966 -76.52687946000921,3.3742925380487367 -76.52685022128495,3.3742438161242534 -76.52651144913975,3.3742415447582963 -76.52498352802091,3.374231298648201 -76.52498888243663,3.3738820740285105 -76.52499015806798,3.37379885774219 -76.52500364574355,3.372919157434346 -76.52500498884244,3.372831574097649 -76.52501127612499,3.3724214676174245 -76.52503170593576,3.3712861579062814 -76.525042772337,3.370870152393518 -76.52505695351202,3.370337075775656 -76.5250725184183,3.3697519572008057 -76.5251235164224,3.3680541082741606 -76.52512445982333,3.3679356481135962 -76.5251260714286,3.3677332798400688 -76.52512943403346,3.3673109557216074 -76.52513296750921,3.366867288313948 -76.52513382727021,3.366759327516851 -76.525075329419,3.366589454198367 -76.52500335678248,3.366345277801126 -76.52492238474818,3.3661101439150545 -76.52485041218507,3.3658659665996367 -76.52480542949806,3.3657212690722926 -76.52471546150267,3.3654409173918163 -76.5247039359656,3.365400366917068 -76.52464348990259,3.365187697580075 -76.52461795965725,3.365087371313131 -76.52454453199758,3.3647988235268103 -76.5244725638721,3.3644913434071535 -76.52443464417463,3.3643219176062162 -76.5244322982093,3.3643114372401612 -76.52439160062308,3.3641296012147937 -76.52435626609675,3.3639235614583165 -76.52437990299153,3.3637932281430842 -76.52442275842067,3.363747765987594 -76.52445458985248,3.363735769814243 -76.52440847179344,3.363384071057657 -76.52435370972151,3.3627882805906912 -76.52430847109765,3.3622523084337996 -76.5242926186443,3.362087133828194 -76.52428944114658,3.3620570419853766 -76.52428860605237,3.362049136263663 -76.52428385645413,3.3620041599236834 -76.52427524454639,3.3619226112554506 -76.52424350130224,3.3616800126936464 -76.52422084046198,3.3614831889848276 -76.52419360223098,3.361327555186342 -76.52418460745722,3.3611261627072215 -76.52414830920746,3.3608835614422334 -76.52409393385216,3.3603937919302465 -76.52406219338587,3.360146616498778 -76.52403955586799,3.3599085992662974 -76.52397606159211,3.359437132673041 -76.52394434354112,3.359148763719006 -76.52391712867454,3.358951938199909 -76.52388541960873,3.3586498377681853 -76.52383554854866,3.35824703389766 -76.52381292186755,3.3579907092255903 -76.52372224614629,3.357262916126961 -76.5236996043078,3.3570340534893433 -76.52368604121521,3.3568555425711195 -76.52365890431881,3.356521406822682 -76.52362719719687,3.3562147304152834 -76.52360010866157,3.355793630771085 -76.52356389577898,3.355399988672126 -76.52353676612194,3.3550521214363744 -76.52348243704434,3.3544799666042704 -76.52343722701848,3.3538895088307576 -76.52338746740114,3.353289893730466 -76.5233602966805,3.353015258895005 -76.52338783625929,3.352635383325625 -76.52341996573898,3.352191433552977 -76.52343838898928,3.351825284051209 -76.5234889103053,3.3510701088521615 -76.52355745285675,3.350662795510396 -76.52368082179458,3.349944276512695 -76.52384072175836,3.349051853076871 -76.52411021560204,3.3473634602957905 -76.52411891232533,3.3472989094852763 -76.52414243499193,3.347035578683555 -76.5241732307926,3.3464559735394674 -76.52421337924343,3.345568448312871 -76.52421387538328,3.3446845224850765 -76.52421922600287,3.3442483997646173 -76.52425793884798,3.3437782828274494 -76.52430009550959,3.342879891008802 -76.52432940892962,3.342029792712137 -76.52436501383704,3.3413857877224404 -76.52437484482854,3.3409961570035316 -76.52442004114991,3.3403907988728387 -76.5244427670686,3.339859489879629 -76.52446537143774,3.339543929859233 -76.52448477150057,3.3392315883904558 -76.52452666956131,3.338793674882282 -76.52455246567533,3.3385006572903753 -76.52453358115282,3.3378920419549796 -76.52439494654206,3.337130436492068 -76.52423754515839,3.3365767611471906 -76.52413299496168,3.336133806482233 -76.5240713367889,3.335874515610355 -76.52401772232864,3.335644935849534 -76.52394267536984,3.335301919525135 -76.52489625882184,3.3349319182372 -76.52508241688048,3.334855061263846 -76.525229346051,3.3347945223309567 -76.5253867492705,3.3347463483481627 -76.52565325760874,3.334698535514919 -76.52581529693788,3.334693388068053 -76.52604440232113,3.3346922726680415 -76.5262867937577,3.334705500853807 -76.52642928809621,3.3347326401212607 -76.52653733697221,3.3347556802110394 -76.52684812321398,3.334862949120047 -76.5272306828478,3.335009859133 -76.52742203281332,3.3350716910691234 -76.52752340318453,3.3350899968833545 -76.52789591574009,3.3351461174284047 -76.52818561854593,3.335161679791549 -76.52851539398995,3.335132167693505 -76.52875933632964,3.3350799717734274 -76.52899421000535,3.335008840826286 -76.52918022737745,3.334931064268304 -76.52938424197806,3.3348287030645762 -76.52953011793342,3.334751913434126 -76.52976647119249,3.3346268746560046 -76.5297952952619,3.3346116860157666 -76.52989976304563,3.3345564434941593 -76.53065592546066,3.334160628635498 -76.53091646294597,3.334019341075806 -76.53096581463622,3.333992566700334 -76.53102873475324,3.3339584462339458 -76.53135078496504,3.33378939560463 -76.53166967223636,3.3336260684650987 -76.53211292119252,3.333404390019323 -76.5323096234595,3.333325907356446 -76.53252298527349,3.3332618387064596 -76.53260425283635,3.3332331593211144 -76.53263588793125,3.333221997583152 -76.53264059762066,3.3332214232700386 -76.53284102216502,3.3331969991125803 -76.53301402992376,3.3331775798734 -76.53325396148854,3.3331626163211627 -76.53346057156709,3.33314962822496 -76.53360609150695,3.3331397454947393 -76.5340567803837,3.3331091790763785 -76.5342417387636,3.3330937873809714 -76.53483513632224,3.3330442944110366 -76.53539162673194,3.3330096364139106 -76.53555078441109,3.3329997540932297 -76.53602403920462,3.332980704084242 -76.53613377665266,3.3329762593315286 -76.53626340829463,3.3329665871702376 -76.53676260483653,3.3329331257512944 -76.53783017097486,3.332858010339842 -76.53841745228516,3.332819959717831 -76.53931398021236,3.332757691923125 -76.53983503957518,3.332721333734506 -76.54021268739446,3.3326950000351636 -76.54079448498277,3.3326578669085745 -76.54173396626298,3.332573697453692 -76.54308926705377,3.332484389131832 -76.54695481443441,3.3322537487562864 -76.54977769341461,3.33186708203375 -76.54993002884464,3.3318462152957173 -76.55037955538577,3.331801689280227 -76.550432793918,3.3319319775426863 -76.550501909187,3.3320685206279084 -76.55055433957557,3.3322242271545055 -76.55060915369384,3.3323823282934257 -76.5506735029547,3.3324997076701495 -76.55074977097048,3.332605110518516 -76.5508427226179,3.332708118156802 -76.55093118056202,3.3328115437295165 -76.55095950812873,3.3328446633508264 -76.55102624284486,3.3329309017271367 -76.55104007850183,3.3329574517757643 -76.5510475284769,3.3329674327299075 -76.55107737763684,3.333029022689787 -76.5510786752642,3.3330315122937146 -76.55113110784214,3.3331369140433473 -76.55113293919888,3.3331436666829517 -76.55116685484863,3.333268665121625 -76.5511811514825,3.3333908326873045 -76.55118352944918,3.3335273732788036 -76.55118352771261,3.333558514179997 -76.55119544275274,3.33363037798223 -76.55117875360546,3.3337453588311803 -76.5511620636171,3.3338914796762347 -76.55112869204592,3.3339609465852673 -76.5510309640782,3.3340663421564245 -76.55095707209537,3.334157366133794 -76.55085695935816,3.3343154611908594 -76.55081405307595,3.334411277193859 -76.5507687610025,3.334555002415859 -76.55074015431528,3.334665191532626 -76.55072108198746,3.334768194480321 -76.55067578903231,3.3349430605976864 -76.55062096454462,3.3350412707418964 -76.55051049352805,3.3351033714397342 -76.55045811899707,3.335223009803405 -76.55040098331304,3.335337863453474 -76.55026299354662,3.335515737486135 -76.55024919918493,3.335516477653152 -76.550234891965,3.3355187018551695 -76.55021216243384,3.335523982976385 -76.55020301033879,3.335526297455794 -76.55018226940902,3.335530872227704 -76.55017288424288,3.335532680284254 -76.55016277020734,3.3355342351479225 -76.55014847196281,3.3355357096516993 -76.55013934683292,3.3355370384006116 -76.5501254985697,3.33554074570251 -76.55006584678132,3.3355910603792633 -76.5500641724724,3.3356002394666042 -76.55005978075647,3.335612032174344 -76.55005277080808,3.335632930746364 -76.55004835125588,3.335646694913061 -76.55004441940441,3.3356602329804077 -76.55004054055412,3.335670794867768 -76.55003616590473,3.335681592802404 -76.55002162373604,3.3357110104704555 -76.550002681361,3.3357391169795227 -76.54999613894695,3.335747409056813 -76.54998983141039,3.3357564435890046 -76.54998251519376,3.335766453932806 -76.54997519000803,3.335777450910245 -76.54996734295747,3.335789676899463 -76.54996103452055,3.3357987114314933 -76.54995470811643,3.335808739832155 -76.54994780596762,3.3358236977998077 -76.54994419792789,3.3358330297781342 -76.54994082295148,3.3358426158686076 -76.54993496402128,3.335868235957088 -76.54993303782251,3.3358795755166577 -76.54993214586625,3.3359023115203694 -76.54993288325272,3.335916663351986 -76.54993461043799,3.3359305448978485 -76.54993635557558,3.3359429342844606 -76.54993685898442,3.335956544565418 -76.54993742525653,3.3359659496699607 -76.54993722673186,3.335977326255597 -76.54993844105056,3.3359924286739306 -76.54994315464381,3.3360323288562563 -76.54994520562127,3.3360412636601775 -76.549947743429,3.3360509490505326 -76.54995378010777,3.3360718309521933 -76.54995674903009,3.336084744818406 -76.54995952889259,3.336094440149182 -76.54996326263388,3.3361061240919145 -76.54996553052982,3.3361170484341973 -76.54996705068866,3.336128697174136 -76.54996782400292,3.336140823427271 -76.54996810241076,3.336152950599596 -76.54996757018873,3.336169011669177 -76.54996782164551,3.3361826138185657 -76.54996602066686,3.336229078790049 -76.54996535419355,3.3362391983590154 -76.5499638501327,3.336254508856696 -76.54996320253399,3.336263895006484 -76.54996087830881,3.3363256704461035 -76.54996178540077,3.3363580828186654 -76.54996245091937,3.3363763956553454 -76.54996301720678,3.336386298146018 -76.54996283664188,3.336396426743754 -76.54996217106853,3.336406555356043 -76.54996123467558,3.336417669705533 -76.54996006430446,3.336428033461003 -76.54995749948239,3.336448019421006 -76.54995475368389,3.3364642876504482 -76.54995102796245,3.336480294555423 -76.54993815817178,3.3365268041712017 -76.54993606994282,3.336536137008148 -76.54993364890707,3.3365498649406486 -76.54993021102088,3.33656217309203 -76.54992749299804,3.3365744540916595 -76.54992575579637,3.3365869430597552 -76.54992427955963,3.336599910415139 -76.54992227204889,3.336630594683872 -76.54992043302285,3.3366988994330726 -76.54991967678043,3.336716253713362 -76.5499199103534,3.3367336721720187 -76.54991987463282,3.3367428602532008 -76.54992042234294,3.336763524373643 -76.54992208587485,3.336785264623556 -76.54992265220507,3.3367966140559173 -76.5499234068487,3.33681634760572 -76.54992319056683,3.3368357990309794 -76.54992379286132,3.336846171776572 -76.54992713021016,3.336872353183081 -76.54992904635992,3.3368861804626873 -76.54993019773428,3.336902720780989 -76.54993243705654,3.336921034474635 -76.54993691789271,3.336940549967031 -76.54994396254433,3.336966722218844 -76.54994930646713,3.3369912386776655 -76.54995296757863,3.3370114423962156 -76.54995540552446,3.3370216884792585 -76.549959337471,3.337041411985852 -76.54996179341062,3.337051558591086 -76.54996355650187,3.337062419644595 -76.54996512174274,3.337077061743671 -76.54996598513712,3.337092425526002 -76.54996727133243,3.3371037667976027 -76.54997224625147,3.3371257782494137 -76.54997825744564,3.33713668529657 -76.54998526647485,3.337144986914242 -76.54999862838018,3.337155650473324 -76.55001109935523,3.33716302136222 -76.55002501996252,3.3371705450405655 -76.55003112393618,3.337275290777729 -76.55003112593214,3.3373422877971954 -76.55004541388749,3.3374475677516804 -76.55008257509742,3.337567661891012 -76.55007557215941,3.3376128428573884 -76.55007313309193,3.337625413237106 -76.55007136002529,3.3376421978145068 -76.55007095448144,3.3376515848611437 -76.55007019719956,3.3376943510551853 -76.55007024163801,3.337705971804532 -76.55007148289721,3.337719102763228 -76.55007195935832,3.3377341961596736 -76.55007196786262,3.3377477974115686 -76.55006876350988,3.3377761756525715 -76.55006428907382,3.337820605941481 -76.55006228154882,3.3378507385631924 -76.55006426775122,3.3379202649570554 -76.55006665836606,3.337972626088237 -76.55006789859162,3.3380114221754895 -76.55006966127897,3.3380388054942323 -76.55007332184742,3.3380707466221344 -76.5500760296571,3.338108141844619 -76.55007944752359,3.3381485295019764 -76.55007989611977,3.3381646095324986 -76.55008098388964,3.338190509756228 -76.55008085684644,3.3382150625521083 -76.55008136921653,3.3382273163242173 -76.55008090090138,3.338243974254699 -76.55007892917075,3.338267450943277 -76.55007825372851,3.338278556241207 -76.55007911711347,3.338293504931639 -76.55008125748068,3.338312499594295 -76.55008568420266,3.3383275349937644 -76.55009296348256,3.3383456043630493 -76.5500989287744,3.3383558503390103 -76.55010488600468,3.3383673271199585 -76.55011579894504,3.338390026592832 -76.55012080229433,3.3383995129532926 -76.55012480594473,3.338409479547689 -76.55012734286066,3.338419164937069 -76.55012864791341,3.3384290764482842 -76.55012921420384,3.338438978938421 -76.55012971760962,3.3384523459514814 -76.55012946517809,3.3384664346495345 -76.55012949165777,3.3384792952473967 -76.55013009338919,3.3385008184869434 -76.55013088466742,3.3385117157426847 -76.55013238686496,3.338524349306983 -76.55013460895825,3.3385379866653295 -76.55013732595977,3.338551642095486 -76.55014051988705,3.338565786758381 -76.55014419973186,3.338580201803807 -76.55014744756804,3.338591632545029 -76.5501529713846,3.3386132469739382 -76.5501609422904,3.3386497367937347 -76.55016348009987,3.3386591789158673 -76.55016574711891,3.3386705915998927 -76.55016945390746,3.338683270314344 -76.55017415950286,3.3386957138705387 -76.55018128571514,3.338710428147582 -76.55018601824675,3.3387209011491854 -76.55019574514651,3.3387413488538433 -76.55019999985254,3.3387513235792907 -76.55020755808899,3.3387695014597 -76.55021151682418,3.338781935994919 -76.55021353189099,3.33879334868643 -76.55021622145931,3.3388223335599228 -76.55021678775086,3.3388322351455817 -76.5502165721543,3.33884434514967 -76.55022150024733,3.338894707614323 -76.55022813176451,3.3389164395730924 -76.55023221562206,3.3389303662629994 -76.55023859592224,3.338946626981062 -76.55024429052229,3.3389619553468246 -76.55025338684462,3.338989113261936 -76.55026548862276,3.3390167594285627 -76.55027507964535,3.339036972008369 -76.55027986623143,3.3390495059953365 -76.55028464384056,3.339062746270954 -76.55029127508399,3.339075290149564 -76.55029491969941,3.339085047851788 -76.5502983205087,3.339096415284016 -76.55030241423133,3.339109184419924 -76.55030789367567,3.339121267120743 -76.5503145159634,3.3391352036808075 -76.55031908647929,3.3391440389294638 -76.55032343203686,3.3391528651415507 -76.55032799447514,3.339162388592039 -76.55033188111112,3.3391709796900186 -76.55033552569245,3.339179579838729 -76.55033871946421,3.339188397042389 -76.55035143232848,3.3392191911916793 -76.55036023165191,3.339244376752282 -76.55036557633191,3.339263395733464 -76.55038015215571,3.339304263252614 -76.55038629671141,3.339320750061366 -76.55038925742055,3.3393293411872946 -76.55039587076163,3.339344905556375 -76.55040773765657,3.3393713842270696 -76.55041731977107,3.339394373124872 -76.55042188223955,3.339404828043552 -76.55042575990711,3.3394143506100713 -76.55043192329764,3.3394287483958838 -76.55043715984648,3.33944268409295 -76.55044125357952,3.3394556892605167 -76.55044467231134,3.339464506456896 -76.55045263560709,3.339486799063044 -76.55045720616772,3.3394970179489283 -76.55046703112762,3.339516308094124 -76.55047229539686,3.3395244469800955 -76.55047986238098,3.339533979381332 -76.55048742935159,3.3395430596132396 -76.55049453831413,3.339552365039389 -76.55050163739975,3.3395623677107973 -76.55050758470608,3.339572595597691 -76.5505128481323,3.339582589281792 -76.55051810343873,3.339591876677714 -76.55052291687848,3.339599555268877 -76.55053000705054,3.339612333355305 -76.55053594542247,3.3396246502642994 -76.55054028197867,3.339633242251896 -76.55054530250682,3.339645088932904 -76.55054870427733,3.3396583202057797 -76.55055303101325,3.3396694705673267 -76.55055875424806,3.3396792291090422 -76.55056491757904,3.3396915460109433 -76.55057199882431,3.339706640108289 -76.55057954793412,3.3397201235642995 -76.55058504525505,3.339728028218784 -76.5505910014984,3.339736177030556 -76.55059719262604,3.3397452383126622 -76.55060772920422,3.339759427965138 -76.5506155301555,3.3397692036251336 -76.55063021414368,3.339785962375747 -76.55063640520183,3.339792717594336 -76.5506462757773,3.3398027292228267 -76.55065981782134,3.339817624166368 -76.55066807764618,3.339826008034814 -76.55068599293791,3.339842783867572 -76.55069698020445,3.33985269507958 -76.55070415147175,3.3399279674761932 -76.5507327226416,3.339975821477595 -76.55078986411147,3.3400428158251887 -76.55084224367012,3.3401098112209913 -76.5508708160453,3.340167235832624 -76.55088986353805,3.3402198758834745 -76.55088986515341,3.340272515620057 -76.55088986706251,3.3403347268754633 -76.55089463103889,3.3404017228382736 -76.55092320311394,3.3404782895813208 -76.5509708212419,3.3405309287431706 -76.55100415346368,3.340578781683455 -76.55102796335038,3.3406170652089515 -76.55102796438315,3.3406505637161077 -76.55105177307736,3.3406792757221737 -76.55108986753854,3.340707987281968 -76.5510946304828,3.340770197483793 -76.55112796317448,3.340803694949995 -76.5511470104083,3.34081805072853 -76.55121843593277,3.340856332759313 -76.5512612912798,3.3408802584036437 -76.5513184320933,3.3409233257301874 -76.55136128774399,3.3409568228887725 -76.55139462030165,3.3409855345862662 -76.55139810652216,3.3409939421114445 -76.55141842991125,3.3410429593304545 -76.55141843050905,3.3410621014635016 -76.55143271552939,3.341066885867819 -76.55150414243222,3.34111952425092 -76.55154223617372,3.3411530215519205 -76.55156128582257,3.341243944045336 -76.55157081102455,3.3413157265159077 -76.5515755743013,3.3413587954857253 -76.55160890688126,3.3414162199226696 -76.55161092556054,3.3414273576914764 -76.55162418422572,3.3415005146371946 -76.55162704768631,3.3415064397720515 -76.55164351377002,3.341535261420998 -76.55165725315047,3.341557580962586 -76.55166344426323,3.3415654937275305 -76.55166892373063,3.341577341291836 -76.55167507726216,3.341591973292875 -76.5516789290086,3.3416063621000474 -76.55168232004708,3.3416209851455267 -76.55168317445761,3.341635816269558 -76.5516831288948,3.3416462523371657 -76.55168257970162,3.341665487634287 -76.55168105809337,3.3416944536444695 -76.5516791589212,3.341706499493548 -76.55167700699735,3.341721782882446 -76.55167646671494,3.341738241860097 -76.55167385677494,3.34175352526355 -76.5516726415504,3.3417678952407557 -76.55166981556216,3.3417803932885244 -76.5516683752839,3.3417917509213804 -76.55166624214692,3.341803562554186 -76.55166456794025,3.341815833576342 -76.55166104909357,3.341828801902121 -76.55165614453689,3.3418429187818193 -76.5516519140223,3.3418591237576236 -76.55164676743163,3.341873936985596 -76.55164370662963,3.3418878277219974 -76.55164036805559,3.341910526724048 -76.55163155588457,3.3419650305801056 -76.55162979120007,3.341990217367252 -76.55162875505471,3.3420336066562064 -76.55162958143443,3.342072738260385 -76.55163071427832,3.3420997960317425 -76.55163309657506,3.3421421551704666 -76.5516361018096,3.3421639053197496 -76.5516418951666,3.3421993913775605 -76.55164205718506,3.34220091970444 -76.55161145915712,3.3422001456583565 -76.55154607648598,3.3422948165970823 -76.55136093388406,3.342825527149111 -76.55040321614432,3.34557081639268 -76.55039998690386,3.345580073299451 -76.5503431796147,3.345742916540138 -76.54932616620233,3.3486582518809067 -76.54875511883132,3.3502952267962414 -76.54874232539547,3.3503137389719586 -76.54873627510257,3.350322495854978 -76.5483185265882,3.3509269069927146 -76.54730525542955,3.3523929382862763 -76.54674811909068,3.3531990181899243 -76.54659788483583,3.3534163817366576 -76.5466743913576,3.3537496111737957 -76.54695227286092,3.354959924840517 -76.54425017056074,3.3566789415066682 -76.54428062261864,3.3567277895011443 -76.54427970859042,3.3567368329060647 -76.54427788031586,3.3567458763332496 -76.5442778796341,3.356754919715919 -76.54427970744504,3.3567639630540476 -76.54428062100965,3.3567730064144428 -76.54427970608154,3.356782049819376 -76.54427970629965,3.356791093202016 -76.54427970561791,3.356800136584676 -76.54427970493616,3.3568091799673345 -76.54427970515427,3.3568182233499693 -76.54428061781908,3.3568272667103756 -76.54428237544198,3.356836310050195 -76.54428511657756,3.356844435462709 -76.5442887017731,3.356852631393031 -76.54429228698915,3.3568616746882896 -76.54429587128325,3.3568698000802186 -76.54430845507522,3.356882446943999 -76.54431478116645,3.356888806096353 -76.5443211081337,3.356894175902583 -76.54432827918319,3.356900535034229 -76.54433460525244,3.356905975378776 -76.54434086207611,3.356913181897599 -76.5443471890676,3.3569195410497135 -76.54435260183315,3.3569267475890747 -76.54435885773674,3.356933106742848 -76.54436335717801,3.3569412321121432 -76.54436877003278,3.3569521129777624 -76.54437235432783,3.3569602374650502 -76.54437326789349,3.3569692808253144 -76.54437418145918,3.356978324185576 -76.54437685240768,3.356986449599516 -76.54438226517384,3.3569936561386995 -76.54438859218835,3.3570009340982003 -76.54439758999757,3.35700997726056 -76.54440384682239,3.357017184683292 -76.54441017381494,3.3570235429306385 -76.54441642971778,3.357029831545637 -76.54442275671052,3.357036190697236 -76.5444290837033,3.357042549848794 -76.54443625385301,3.3570488375369107 -76.54444258082367,3.357054277880708 -76.54444975097526,3.3570606370114446 -76.54445166680013,3.3570625415008095 -76.54445607796667,3.3570669256244368 -76.54446233477167,3.357073284777493 -76.54446683331459,3.35708140924196 -76.54447133185762,3.357089534610743 -76.54447491705389,3.3570976600019344 -76.54447857244018,3.357105855929772 -76.54448215763655,3.357113980416598 -76.54448665617986,3.357122105785302 -76.54449115560072,3.3571293123462924 -76.54449656837023,3.3571365903275296 -76.54450191094985,3.3571437968677387 -76.54450732374016,3.3571519222138586 -76.54451182226319,3.3571591993131538 -76.54451540746005,3.3571673247041813 -76.54451990600386,3.3571754491683814 -76.54452356138908,3.357183574557648 -76.54452714658787,3.357191770487012 -76.54453073178499,3.3571998958779763 -76.5445343161047,3.357208939172276 -76.5445370572434,3.357217064583997 -76.54453972911617,3.3572261079007424 -76.54454155600816,3.357234232430625 -76.54454331363421,3.3572432757698754 -76.54454514054869,3.3572523200117526 -76.54454605411622,3.357261363371787 -76.54454605343696,3.357270406754343 -76.54454513941072,3.3572794501593974 -76.54452967158777,3.357303470668676 -76.54436613396678,3.3592020848792936 -76.54241630829054,3.3610352612666228 -76.5420550932542,3.361374865492389 -76.54218490247426,3.3615394621129044 -76.54356230451967,3.363285995985888 -76.54373830248134,3.3635091598503557 -76.54440650496339,3.364356431644017 -76.54447671837632,3.3644454611019365 -76.54452877394748,3.3645114665541507 -76.54893897007,3.3701034838607713 -76.54900709795514,3.3701761698390476 -76.54902078263373,3.370193097740258 -76.54902416218096,3.3702126783670545 -76.54903132808134,3.370254189983053 -76.54906061562392,3.3703697580905465 -76.5490606173157,3.3704279015964156 -76.54904276320552,3.3704910710329283 -76.54903842880167,3.3705608164178806 -76.54902942853963,3.37059698929677 -76.54899991185013,3.370678423084328 -76.54898919993273,3.3707415914057726 -76.54895991610802,3.370785379404066 -76.54890563307917,3.3708241427264283 -76.54880135160094,3.370851423315297 -76.5487324629165,3.3708592360861998 -76.54866635433459,3.3708507091931637 -76.54861921210973,3.3708097946911653 -76.5486157442941,3.3707871456469576 -76.54860349488713,3.370707147359715 -76.54857420983117,3.3706769993867134 -76.54850849570559,3.3706475705077135 -76.54844616773758,3.370617264319006 -76.54841992561516,3.3706045039600383 -76.54838278340632,3.370589430616585 -76.54830054375444,3.3704793940313698 -76.54827354894694,3.3704522628550104 -76.54824421065655,3.370416440152413 -76.54816706873488,3.3703697839374227 -76.54806658629204,3.370325646055397 -76.54798064315547,3.370290111623508 -76.54789707232793,3.3702319704760084 -76.54778763624792,3.370153809813147 -76.54772464637446,3.370135720297841 -76.54767065471391,3.370135717286807 -76.54759779272406,3.3701594789927785 -76.54753351009238,3.370219060378288 -76.54748928707242,3.3702755501755064 -76.54748167667744,3.3702984907286173 -76.54747494479835,3.3703633437057903 -76.54749637385312,3.3704200505288293 -76.54752666316956,3.370452230554412 -76.54760764688487,3.370542668428252 -76.5476706348338,3.370587888090409 -76.54771562645912,3.3706331073481506 -76.5477516188247,3.37068736933159 -76.54779923208622,3.3707444968343085 -76.54786637485812,3.3707947417728206 -76.54793994528853,3.3708428342007233 -76.54799280309156,3.3709045646258056 -76.54803209029359,3.371005776115388 -76.54803852047732,3.3710617662101416 -76.5480013796447,3.3710962225387204 -76.54794946712782,3.371114652605699 -76.54785781350029,3.3711471914619255 -76.54771639048946,3.3712189781640496 -76.5475678237083,3.371234773863377 -76.54745568313315,3.371210371611613 -76.54737639688895,3.371133566574708 -76.54734496559874,3.3710014888817827 -76.54719496547106,3.3708557752259423 -76.54704639594054,3.3707682059178636 -76.54686568403241,3.3706713046910357 -76.5467292578085,3.370636853104695 -76.54662640331713,3.370624652737906 -76.54647712000884,3.3705607706857754 -76.54640640709347,3.3705605338277205 -76.54624022261744,3.3705997792768083 -76.54616786179231,3.3706239948400616 -76.54603287948385,3.3706782496313252 -76.5459068964418,3.370723460788728 -76.54569636752899,3.37079352714177 -76.54561922714217,3.370838511814463 -76.54553589809494,3.3709068502648063 -76.54544875862236,3.370959493115576 -76.54525898114535,3.3710218638290876 -76.54517924391712,3.3710389388538307 -76.54503256317362,3.3710524841240144 -76.54499782138664,3.3710556926870825 -76.54497204427696,3.371069072112682 -76.54485306517057,3.371130827820782 -76.5447654495785,3.3711820345335064 -76.54469449942566,3.371196871062551 -76.54454878943758,3.3712404221702186 -76.5443478452062,3.3713294374923737 -76.5442064221044,3.371409358204629 -76.54417166237745,3.371452906543481 -76.5441635687163,3.3715151179597243 -76.54418452181505,3.3715816351259793 -76.54424404516405,3.371625181165272 -76.54435832868909,3.3716663338841872 -76.54441166161716,3.371698394972532 -76.54442263772843,3.3717184502059556 -76.54445356738108,3.3717749615248755 -76.54448690067385,3.3717988876771554 -76.54461308868781,3.371847217802349 -76.54468302999443,3.3718628737723013 -76.54471902314567,3.3718809623486328 -76.54478201240147,3.371908095437941 -76.54484500166073,3.371935228523116 -76.54490798979845,3.3719894926478706 -76.54502975049006,3.3720721243689264 -76.54509760710397,3.3721343338715997 -76.5451416558443,3.3722240602649087 -76.54518451386332,3.3723054116122997 -76.5451880886401,3.372433422369674 -76.54521071266126,3.372634411811805 -76.54520491366499,3.372694892273598 -76.54516071836633,3.372825831585581 -76.54514762595696,3.372921541621481 -76.54513691497489,3.3730328034964914 -76.54511310695217,3.373091425999354 -76.5451124466642,3.3732074905579115 -76.54511192165454,3.3732995937743864 -76.54510758264072,3.3733765313398822 -76.5450988326542,3.373531688823499 -76.54510760732246,3.37367888678447 -76.54511074196945,3.3737314820955744 -76.54508336344648,3.3737972833220593 -76.54498931894744,3.373810445623628 -76.5449067439347,3.3737800872687 -76.54479408348828,3.373738667797892 -76.54464051413257,3.3736896212408727 -76.54461309719203,3.3736946997794646 -76.54449397189576,3.373716764053687 -76.54439290306773,3.3737673913834114 -76.54434998882357,3.373816234826318 -76.54433198993415,3.3738614512611345 -76.54434998244295,3.3739609298022333 -76.54439648121584,3.3740377693500867 -76.54446695529748,3.37415989031357 -76.54446695438162,3.374196063831201 -76.54447595053509,3.3742412814104625 -76.5444759487197,3.3742774549280523 -76.54446694825562,3.3743136277633936 -76.54442195387396,3.3743407562978676 -76.54439495678825,3.3743678852919405 -76.54434996172212,3.3744040562981183 -76.54430839840711,3.3744636785094366 -76.54425244868656,3.3745498180678424 -76.54420944191706,3.374644236520796 -76.54411598059373,3.3747386516783595 -76.54404398907559,3.3747929082763655 -76.54395722444441,3.3748465240503966 -76.54390365521604,3.3748740416331766 -76.54379056291864,3.3748776336694717 -76.5436534100289,3.374881631409929 -76.54354413944833,3.3748848172786 -76.54341407922168,3.374847139307486 -76.54331509498928,3.3748109608858763 -76.54319811435789,3.3747747810661752 -76.54309013169625,3.3747476462110657 -76.54301081518507,3.374722124018744 -76.54294176849662,3.3747209291775615 -76.54289121913195,3.374745726386253 -76.54284177208737,3.3747699827728654 -76.54279653697124,3.3748585148792687 -76.54274534986544,3.3749350836332352 -76.54269773314728,3.374999687911935 -76.54265420563482,3.3751936730101733 -76.54258298052265,3.375320555957298 -76.5425377442826,3.3753612341050565 -76.54238454539716,3.3754273528114025 -76.54235439294229,3.375277124873251 -76.54222938481796,3.3747638860550877</coordinates>
                        </LinearRing>
                    </outerBoundaryIs>
                </Polygon>
            </Placemark>
            <Placemark id="nur_upu_unidades_planificacion_urbana.15">
                <ExtendedData>
                    <SchemaData schemaUrl="#nur_upu_unidades_planificacion_urbana_1">
                        <SimpleData name="upu">15</SimpleData>
                        <SimpleData name="nombre_upu">EXPANSIÓN</SimpleData>
                        <SimpleData name="area_ha">1633.56691270</SimpleData>
                        <SimpleData name="estado">Formulada</SimpleData>
                        <SimpleData name="url1">http://idesc.cali.gov.co/download/upu/ficha_reglamentaria_upu_15_formulada.pdf</SimpleData>
                    </SchemaData>
                </ExtendedData>
                <Polygon>
                    <outerBoundaryIs>
                        <LinearRing>
                            <tessellate>1</tessellate>
                            <coordinates>-76.51223663360561,3.3883540101004566 -76.51221982122331,3.388349786697933 -76.51218619807734,3.3883624570826947 -76.51216728428007,3.3883814642889827 -76.51215467508148,3.3883941357596292 -76.51212735655106,3.3883983587783932 -76.51208742801265,3.3884046942186425 -76.51204750044744,3.3884025822383848 -76.51201387656432,3.3883962461507595 -76.51196344121838,3.388383574122014 -76.51191300594876,3.388362454671767 -76.51184996164926,3.388335000219181 -76.51180583100472,3.388305433401373 -76.51175959911004,3.3882800898196304 -76.51169235246788,3.3882441869951467 -76.51163351061142,3.388216731662678 -76.51155785824004,3.3881787171223188 -76.51150742293096,3.388163933441081 -76.51145488638927,3.388151261366009 -76.51141285684061,3.3881364777591485 -76.51137923289123,3.388138589972633 -76.5113498122504,3.3881428129493965 -76.51130357993378,3.3881639315061647 -76.51126785444642,3.388199833371118 -76.5112279255869,3.388239959355654 -76.51119640358564,3.388258965516487 -76.51115857695767,3.388286419938039 -76.51111444598821,3.388292755297048 -76.51104299564786,3.3882969778518572 -76.51099886473939,3.3882969774153486 -76.51095263179965,3.3882885295370277 -76.51090429848311,3.3882864174256913 -76.51085596424586,3.388286416940553 -76.51079291955772,3.388301199513198 -76.51075719423785,3.3883180939884188 -76.51072987561835,3.3883307652907817 -76.51071306311496,3.388339212538107 -76.51068784549506,3.3883730028599794 -76.51064371421766,3.388408904615491 -76.5106184958877,3.388423687564879 -76.51057646700184,3.3884321345495194 -76.51052813269214,3.388438469838132 -76.51047559603921,3.388436357661568 -76.51042726179459,3.388436357154927 -76.51037682637912,3.3884321324621034 -76.51034950713944,3.388417348964229 -76.51029486949568,3.3883941177563637 -76.51025284004368,3.3883708866802347 -76.51021711509321,3.388351878927149 -76.51017928877177,3.388347654359151 -76.51011204083055,3.388353989423161 -76.51007578877054,3.388314960525913 -76.5100429225111,3.3883169126332433 -76.51000924996049,3.388318911756194 -76.50986651186312,3.388352952169578 -76.50927141721469,3.3861792086161953 -76.50914136111969,3.3858494068540814 -76.50899049703574,3.3853899589577217 -76.50882121141586,3.385108411237317 -76.50878632039483,3.385048175584798 -76.50876117391834,3.3850047643504957 -76.50867343724016,3.3849134821298454 -76.50854253508446,3.3847742260531017 -76.50822849732785,3.3844524758850443 -76.50786679514029,3.3840703179353198 -76.5074886419124,3.3836758660573767 -76.50734030615392,3.3835211372635023 -76.50650442044383,3.3826191904604244 -76.50606109951106,3.3821690633157115 -76.50561777896444,3.3817204208879623 -76.50516215615127,3.3812485329584048 -76.50470800969177,3.3807689434944987 -76.50428950711095,3.3803154255715504 -76.50439066191713,3.380238735800012 -76.50445134611599,3.380315052077166 -76.50445432904276,3.3802692112402744 -76.50448285819422,3.3802351841940865 -76.50455811668462,3.380202724234782 -76.50462622990804,3.3801881438159094 -76.50469764369774,3.3801831666102498 -76.50495613335627,3.3800073729598634 -76.50496974048184,3.3799955399182524 -76.50498259262919,3.3799828830124765 -76.50499464030469,3.379969450171674 -76.50500583671428,3.3799552929423826 -76.50501614046304,3.379940466488576 -76.50502551015609,3.3799250277829023 -76.50503391069758,3.379909035606788 -76.50504130969125,3.3798925505503754 -76.50504767834029,3.3798756377255526 -76.50505299324709,3.379858360435616 -76.50505723371363,3.3798407856012536 -76.50506038264139,3.379822981047547 -76.50506242923086,3.379805014599675 -76.50510559331076,3.3796902195441194 -76.50510675878536,3.379681174375237 -76.5051101641738,3.379663419563985 -76.50511500304937,3.37964600390232 -76.50512124211498,3.379629044049273 -76.50512884087465,3.3796126539507467 -76.50513774713411,3.3795969430307595 -76.50514790150028,3.3795820161915238 -76.50515923738118,3.3795679738134474 -76.50517167648663,3.3795549099463815 -76.50518513782698,3.3795429123097738 -76.50519952961426,3.379532061388194 -76.50525792054,3.3794631870361185 -76.50526516375699,3.379452580171619 -76.50527504816174,3.3794374661287767 -76.50528457892099,3.379422124187091 -76.50529374973554,3.379406562485517 -76.50530255700578,3.3793907891630486 -76.50531099443249,3.3793748141673103 -76.50531905931597,3.3793586447329758 -76.50532674535698,3.379342290807668 -76.50533404895592,3.3793257605303846 -76.50534096651319,3.379309063848791 -76.50534749352931,3.379292208901866 -76.50535362730456,3.3792752056372932 -76.50535936423934,3.379258062194063 -76.50536470073402,3.379240789424181 -76.5053696340889,3.3792233954666533 -76.50540264723504,3.3790728852201712 -76.50542550287575,3.3789657423370767 -76.50542550518935,3.378932578457702 -76.5054258707773,3.3789170202342103 -76.50542830700053,3.378899110764574 -76.50543286960784,3.3788816263669976 -76.50543949290473,3.3788648211593744 -76.50544808150121,3.378848938407066 -76.50545850941194,3.3788342105228955 -76.5054706254556,3.378820850928188 -76.50548425325482,3.3788090540527844 -76.50549919483578,3.3787989908133995 -76.50551523242795,3.3787908086136658 -76.50553213386338,3.3787846250138487 -76.50560828915309,3.378766773659591 -76.50567175163225,3.3787591266529198 -76.50574029019408,3.378756581089982 -76.50575250139767,3.3787578265503013 -76.50577035212822,3.378755910531409 -76.50578719597068,3.37874967085729 -76.5058020142674,3.3787394873343737 -76.50581390893974,3.378725974898832 -76.50581881883745,3.378711889910817 -76.50582421291233,3.3786946361301293 -76.50582899237928,3.378677199663788 -76.50583314913918,3.3786596031201257 -76.50583667959225,3.3786418682032053 -76.50583957833895,3.378624018425737 -76.50584184177954,3.3786060763961188 -76.50584259789196,3.3785913031435815 -76.50584262246088,3.3785732181944916 -76.50584165717368,3.3785551603604698 -76.50583970562911,3.378537182093168 -76.50583677232572,3.378519339461598 -76.50581646943326,3.3784632141330637 -76.50578094184552,3.3783356576330026 -76.50577905612481,3.378308959740365 -76.50577833920298,3.3782908874405777 -76.50577807221562,3.3782728033912646 -76.50577825696232,3.3782547184445098 -76.50577889164312,3.3782366425480044 -76.50577997625781,3.3782185892668117 -76.5057815108062,3.3782005694529893 -76.50578349348838,3.378182593054222 -76.50579619483568,3.3780831016080763 -76.50582412645126,3.377983612202335 -76.50586220889869,3.3779223900088997 -76.50588666040439,3.3779033558755382 -76.50590076150807,3.37789211697764 -76.50592867756171,3.3778692828677475 -76.50594249161179,3.3778576885600846 -76.50596982365953,3.3778341517695902 -76.50599675707126,3.377810153759967 -76.5060042972275,3.3777993379918914 -76.5060137334739,3.377783940876347 -76.50602587125529,3.3777597210805177 -76.50603256382387,3.3777429348605033 -76.50603810006798,3.377725729010285 -76.50604245389036,3.3777081831112246 -76.50604560459284,3.3776903785534436 -76.50604753777638,3.3776724003445033 -76.50606531618259,3.3775703587368184 -76.50608049242977,3.3774506038226275 -76.50606095969836,3.3774034857153272 -76.50605020317589,3.3773700286680213 -76.50090939697525,3.361379725439436 -76.5009082022815,3.3613641816502415 -76.5008511334638,3.3606089170124025 -76.50027067562152,3.352934040164432 -76.5002712390412,3.3528847257012107 -76.50031990192647,3.348760661473843 -76.5004737835737,3.338645708752334 -76.50059112793366,3.3309329735997397 -76.50061520220753,3.3293505223031756 -76.50071519683311,3.3243617535894066 -76.50070700328607,3.324351381561281 -76.5007243085997,3.324351919992271 -76.50176549938887,3.3243520155110664 -76.50280669108429,3.3243521090228487 -76.50377135487575,3.324356844812456 -76.50473601868121,3.3243615787512124 -76.50570068250036,3.324366311743456 -76.50666534633294,3.324371043789182 -76.50763001017866,3.3243757748883835 -76.50866004394358,3.324469687217182 -76.50969007880698,3.3245635975629506 -76.51072011386873,3.3246575077342637 -76.51175014822866,3.324751415922343 -76.51278018368606,3.3248453230314534 -76.51296696737477,3.32484533805758 -76.5129313291802,3.3238998469067895 -76.51289569195127,3.3229543566410746 -76.51286625325478,3.3221733367250157 -76.51286005388828,3.322008865451747 -76.51282441679082,3.3210633751475056 -76.51280425338186,3.3205284421939165 -76.51278877885927,3.3201178848240036 -76.51275314189321,3.319172393576922 -76.51272292343818,3.318370683218125 -76.51271750409299,3.318226903214932 -76.51271972483273,3.3182269855274704 -76.5127200630886,3.3182363897518807 -76.51274083798398,3.3182370754060773 -76.51276930898494,3.3182379935358943 -76.51279658413395,3.3182388420213544 -76.51282189138588,3.3182402547981584 -76.51284783121189,3.3182410327332588 -76.51289155675958,3.318241526843898 -76.51293218874915,3.3182418102176383 -76.51295503592121,3.3182418103943734 -76.51297914823094,3.318241881118766 -76.5130045256837,3.3182413161019286 -76.51304958656426,3.318240610157887 -76.5130922575547,3.3182378549613856 -76.51311327632041,3.3182358058883064 -76.51315911104945,3.318233898982854 -76.51320107838075,3.3182317089882494 -76.51323918009885,3.3182312851372773 -76.5132772818221,3.3182301549960362 -76.51331608630394,3.3182284596465883 -76.51336262380062,3.3182246454857878 -76.51338870401598,3.3182228785975947 -76.51341478422667,3.3182217483634 -76.51344030296262,3.3182193466237573 -76.51346708593628,3.3182170154310064 -76.51349640008547,3.318214754794134 -76.51352451929083,3.3182112226471534 -76.51355826233004,3.3182079726931613 -76.51358511639336,3.31820493520891 -76.51361443054144,3.3182027451069676 -76.5136411442286,3.3182004139089933 -76.51366722443842,3.3181992836681125 -76.51369077437289,3.318198011427659 -76.51371495687587,3.318196810633826 -76.51375826043173,3.318194055412857 -76.51380086122849,3.31819193683985 -76.51384479735249,3.3181892521578633 -76.51386968261816,3.3181867798643236 -76.51391692287388,3.3181816932770567 -76.51396149157415,3.3181778076318764 -76.51400669373457,3.3181751934895947 -76.51403277393918,3.318174698989382 -76.51405562111808,3.3181734276398824 -76.5140829664644,3.318172367934792 -76.51410588382912,3.318171026046144 -76.51414996123854,3.3181657974457237 -76.51418194605088,3.3181605696694088 -76.5142101363421,3.3181563312145057 -76.51424148858479,3.318151102527834 -76.51428113711133,3.3181455926436643 -76.51431762189732,3.3181393050062598 -76.51435157550782,3.3181328753703134 -76.51439192679103,3.3181267993698644 -76.51442637258648,3.318122349332599 -76.51446482526283,3.3181161313360996 -76.51449153894183,3.3181144367697386 -76.51451818152432,3.3181145780104853 -76.51454601995064,3.318116131835413 -76.51457765379374,3.3181172633562874 -76.51460746011995,3.318117616229176 -76.5146397265322,3.3181187468475417 -76.51466763514848,3.3181195952849962 -76.51469673871658,3.3181205839013286 -76.51473856565401,3.3181209377461025 -76.51476394309496,3.3181217147230733 -76.51478868797102,3.318121786311224 -76.51480141223968,3.318121221173825 -76.51484661349559,3.31811860699298 -76.51487206203639,3.3181168409661694 -76.51490074361048,3.31811458028383 -76.51493265822141,3.318111189195327 -76.51496394116649,3.318107162351848 -76.51499648924896,3.318103206052969 -76.51502650614863,3.31810045070105 -76.51505448496782,3.3180981194718364 -76.51508197159232,3.3180951515843957 -76.51512154901941,3.3180909837051327 -76.51515465947735,3.3180882989048364 -76.51518917545359,3.318083847936928 -76.5152217946231,3.318079255880636 -76.51524660969382,3.318077419302262 -76.51527022981905,3.3180742397733516 -76.51529898157986,3.3180713433294358 -76.51532456960318,3.318067034290261 -76.51535915666986,3.318061310911724 -76.51539233731825,3.3180573555074373 -76.51541659000789,3.318054882267134 -76.51545806603838,3.318050784922704 -76.51549630813624,3.318047110790574 -76.51552941769155,3.318044497420454 -76.51555360018902,3.3180432260430193 -76.5155809464297,3.318042236834779 -76.51560449635808,3.318040965452895 -76.51563120913056,3.3180398351631784 -76.51565982050903,3.3180388459590815 -76.51568723694118,3.3180365852475315 -76.51571711346328,3.31803439508577 -76.51574460008713,3.318030792333815 -76.51577974952754,3.318026341348298 -76.51581039899816,3.318022243032055 -76.51584104936192,3.3180194885626975 -76.51586396582367,3.3180175805168766 -76.51589574094521,3.318016733302244 -76.51593313899726,3.318016874555613 -76.51596428154681,3.31801666308615 -76.51599099432084,3.318014967574766 -76.51601777818007,3.318013272062985 -76.51604716251171,3.3180091031950893 -76.51607914820607,3.3180045111074827 -76.51610656463667,3.318002179845811 -76.51613454254766,3.318000554874701 -76.51617531581329,3.317997658459161 -76.51620399738381,3.3179947619885017 -76.51623281933341,3.3179899573622205 -76.5162610087138,3.3179851536366702 -76.51629355678718,3.3179811972949076 -76.51632800256648,3.317977382037122 -76.51636371438053,3.3179742025338825 -76.51640069133192,3.317971094477481 -76.51643956599162,3.3179675622926186 -76.51647717551116,3.317964523870099 -76.51651035614934,3.317961203274147 -76.51654606706214,3.317958095207077 -76.5165785449455,3.317954774605962 -76.51661685722104,3.3179511013349328 -76.516651935567,3.317947286068346 -76.5166908813129,3.3179430466807034 -76.51672856102113,3.3179387376524843 -76.51676940357515,3.3179340035956515 -76.51681087959513,3.3179299061942316 -76.51685109047986,3.3179250310547115 -76.51690149355416,3.317919521105466 -76.5169436723294,3.3179148575848147 -76.51698578092132,3.317909488677639 -76.51702852207917,3.3179048260597352 -76.51707063066328,3.317901434938446 -76.51711133283469,3.3178991742342516 -76.51714760702447,3.317896700993355 -76.51717818629115,3.31789521798284 -76.51720743023499,3.317893592985595 -76.51723287786399,3.3178924626481217 -76.51726465298042,3.317891614484983 -76.51728883547177,3.3178904136033798 -76.51732630460873,3.3178892833033724 -76.51735364994595,3.3178875877571006 -76.517382893885,3.317887305698147 -76.5174096075512,3.3178861753601936 -76.51743948406283,3.317884691434976 -76.51746943076402,3.317881865469913 -76.51750190863794,3.3178798163390555 -76.51753452688843,3.3178758599564877 -76.51757466668008,3.317871691980343 -76.51760862115655,3.3178665346371035 -76.51764939351638,3.3178623657554698 -76.51768264433437,3.317858480812651 -76.51772348777882,3.317854311928157 -76.51775919868582,3.317850568066733 -76.51779814442327,3.3178463286352926 -76.51783708926057,3.3178420901066494 -76.51787090246226,3.3178375685043315 -76.51790035696816,3.317832763830956 -76.51791315142025,3.3178309271528224 -76.51794766737532,3.317826476088204 -76.51797902048646,3.317821813398745 -76.51800601490838,3.3178143246374274 -76.51804003957079,3.3178073296625215 -76.51807497752745,3.3178066940010105 -76.51811483655662,3.3178088844100593 -76.51813761263075,3.317810085428662 -76.5181743079166,3.3178121347506195 -76.51820531008393,3.3178138304610307 -76.51823694392188,3.3178148904215985 -76.51827237407205,3.31781623254377 -76.51830091525176,3.317817151418196 -76.5183338844143,3.317817645262465 -76.51836369073442,3.3178173631756627 -76.51839919107307,3.317817433792713 -76.51843293407914,3.3178160918270767 -76.51846977064321,3.3178149614822003 -76.51850477878925,3.317812417650179 -76.51853795941565,3.317809096985907 -76.51857240517921,3.3178059183043054 -76.51860685184376,3.317802032428356 -76.51864256274435,3.3177989233809195 -76.51867328328149,3.317794825880038 -76.51870709647663,3.3177909399993673 -76.51873655097698,3.317786206743765 -76.51877036417272,3.317781685110562 -76.5188035447971,3.3177784349757884 -76.51883925659507,3.3177758920374725 -76.51887370235652,3.317772712440992 -76.51891067929371,3.3177689676356437 -76.51894196131123,3.3177655764161265 -76.51897387679803,3.3177616199847235 -76.51900073083387,3.3177580171408474 -76.51902688121457,3.3177549795070567 -76.5190562664249,3.3177514462997166 -76.51909443831067,3.317749114971246 -76.51913078177664,3.3177460068113866 -76.51915749543801,3.3177442406756645 -76.51919637007748,3.3177419084399054 -76.51922434887601,3.3177402842853576 -76.51925556070528,3.317737528806143 -76.51929056884578,3.317735620696549 -76.5193256480722,3.3177330777397778 -76.51936318648814,3.31773067586165 -76.51939573454018,3.317727355167706 -76.5194339766104,3.317724387171459 -76.51946898565132,3.3177212084591434 -76.51950659425258,3.3177181699209273 -76.51954040834102,3.3177149206663454 -76.5195754866669,3.3177117410459753 -76.51961183102982,3.3177086328683663 -76.51964754192402,3.31770545324604 -76.51968571380664,3.3177031218946538 -76.51972135451442,3.3177005780199518 -76.51976212775737,3.3176977519943547 -76.5198003698259,3.317694078599413 -76.5198386118941,3.317690474837095 -76.51987692414751,3.3176868014392333 -76.51991390107729,3.3176837637893644 -76.51995214314472,3.3176800894841905 -76.5199884866055,3.3176769812926814 -76.52002286217409,3.3176744374063296 -76.52005590241899,3.31767302484626 -76.52008584910581,3.3176714703023564 -76.52011818659578,3.317671329240579 -76.52015003188842,3.317669915772473 -76.5201818060957,3.317668503207649 -76.5202078862846,3.317666736138854 -76.52023333480425,3.317665535185412 -76.52025941499276,3.317664404769953 -76.52028430022953,3.3176620028527446 -76.5203161455218,3.3176598830904602 -76.5203467949625,3.317655856075801 -76.52038834114201,3.3176498512726456 -76.52040886858262,3.3176464600045747 -76.52043192629812,3.317642008851032 -76.52045688171955,3.317637628235602 -76.5204838059322,3.317632752946231 -76.52051073014457,3.3176285143108233 -76.52053631813402,3.317624133693413 -76.52056183683764,3.3176210960188475 -76.5205880573954,3.317617421688901 -76.52063459483601,3.3176136062800845 -76.5206721341441,3.3176112043520694 -76.52070144825939,3.3176096497895196 -76.52073441831587,3.317608872957062 -76.52076879388045,3.3176076014497395 -76.52078918004864,3.3176061174248566 -76.52081272995999,3.3176042807065174 -76.52083888033113,3.317601243024613 -76.52086376646471,3.317598769649977 -76.52089497828523,3.317596649869171 -76.52092302726186,3.3175937532612836 -76.52095177899245,3.3175908566523193 -76.5209791954003,3.317588525254997 -76.52100661180803,3.3175861938569113 -76.52103339474682,3.3175832267080043 -76.52106151390775,3.3175796229029912 -76.5210889303147,3.3175766557522515 -76.52111508158448,3.317574324351822 -76.5211405993852,3.317571215219474 -76.52116618737124,3.317568177529209 -76.52119233864016,3.3175651398379196 -76.52121722387173,3.3175620307039915 -76.52124021139751,3.317559487686996 -76.52126509662925,3.31755701430222 -76.52129061532891,3.3175539766087714 -76.52133469177421,3.317549384341437 -76.52135767929936,3.317546769878915 -76.52140295069597,3.3175422481460077 -76.52144562163312,3.3175388568371864 -76.52148955770735,3.317535536063774 -76.52153152589165,3.317533982368872 -76.52155254462662,3.3175332751548243 -76.52159704398395,3.317530591030753 -76.5216390814521,3.317527764926132 -76.52168491613182,3.3175252209691863 -76.5217232283713,3.317520910844805 -76.52176653187517,3.3175175909641235 -76.5218040711769,3.317515188088632 -76.52184231323251,3.317512786115136 -76.52187542365414,3.3175108082820293 -76.5219014336513,3.31750967782319 -76.52192568630956,3.3175057918449653 -76.52195092337286,3.31750882948464 -76.52197995584523,3.317509818790232 -76.52200912958514,3.317508617785546 -76.52203907716321,3.317506709585686 -76.52206607155426,3.317504661216873 -76.52209158935163,3.3175024708683782 -76.52213074561074,3.3174966061679854 -76.5221639262111,3.317491166515128 -76.52219099078435,3.317487562679584 -76.52222030489055,3.3174841713591947 -76.52225622722719,3.3174826176435754 -76.52229594497321,3.3174797915149092 -76.52233116455288,3.3174767528730476 -76.5223581589424,3.317474633957783 -76.52238592627006,3.3174718783856463 -76.52241664678577,3.3174699701728767 -76.52244139164334,3.317468487009926 -76.52246458972199,3.3174669324065547 -76.52249228686662,3.3174656608519633 -76.52253650457561,3.317462340031303 -76.5225724269111,3.3174608559382617 -76.52260237358685,3.3174589486256187 -76.52262936797528,3.3174568287985835 -76.52272982400014,3.3174528720992904 -76.5225626606157,3.3198355942189375 -76.52256181661372,3.3198478869009804 -76.52253257344887,3.3202672741796717 -76.52569198188986,3.320457668651312 -76.52603528463897,3.320552932586289 -76.52603285365142,3.320610178163166 -76.52607420887564,3.3205530960544434 -76.52693252768273,3.320791336270682 -76.52816363979213,3.3211330501080747 -76.52960059054429,3.3214006960734945 -76.530118181831,3.321645393554623 -76.53069747551217,3.322231483514273 -76.53113689588538,3.3224799912355873 -76.53178433827313,3.3225785172178606 -76.53283139271348,3.3224699641454936 -76.53387844602116,3.3223614099592353 -76.53492549999544,3.3222528537548306 -76.53447548316238,3.3235270276678546 -76.53402546518072,3.3248012013468773 -76.53366894301027,3.3258840326230454 -76.53331241916625,3.326966862844825 -76.53295589544793,3.328049693820736 -76.53285862261889,3.3289045701696383 -76.53280995555217,3.330060708279599 -76.53276128837688,3.331216845456059 -76.53271262109295,3.332372983507683 -76.5326405147953,3.3332180410441072 -76.53263580510578,3.333218606313833 -76.5325229024484,3.333258447437133 -76.53230954063511,3.333322514278425 -76.53211283836882,3.3334009969412883 -76.53166958941415,3.333622675387037 -76.5313507021439,3.333786002526549 -76.53102865193317,3.333955052251507 -76.53065584264186,3.3341572337487 -76.52989968022936,3.334553047702978 -76.52938415916356,3.334825306369027 -76.52918014456363,3.33492766847708 -76.52899412719214,3.3350054441307115 -76.52875925351722,3.3350765741734985 -76.52851531117838,3.3351287709978945 -76.52818553573549,3.3351582821915717 -76.52789583293065,3.335142720732738 -76.52752332037637,3.33508660018765 -76.5274219500055,3.3350682952777473 -76.52723060004065,3.335006462437263 -76.52684804040815,3.3348595533286036 -76.52653725416745,3.3347522844195607 -76.52642920529183,3.3347292452341097 -76.52628671095383,3.3347021050623016 -76.52604431951809,3.334688877780852 -76.52581521413562,3.334689993180844 -76.52565317480702,3.334695140627696 -76.52555494059473,3.3347127639821648 -76.52545276870448,3.334725564507908 -76.52545718780374,3.334733711673611 -76.5253867492705,3.3347463483481627 -76.525229346051,3.3347945223309567 -76.52508241688048,3.334855061263846 -76.52489625972166,3.334931918237196 -76.52394282924044,3.335301859838248 -76.52394267536984,3.335301919525135 -76.52401772232864,3.335644935849534 -76.5240713367889,3.335874515610355 -76.52413299496168,3.336133806482233 -76.52423754515839,3.3365767611471906 -76.52439494654206,3.337130436492068 -76.52453358115282,3.3378920419549796 -76.52455246567533,3.3385006572903753 -76.52452666956131,3.338793674882282 -76.52448477150057,3.3392315883904558 -76.52446537143774,3.339543929859233 -76.5244427670686,3.339859489879629 -76.52442004114991,3.3403907988728387 -76.52437484482854,3.3409961570035316 -76.52436501383704,3.3413857877224404 -76.52432940892962,3.342029792712137 -76.52430009550959,3.342879891008802 -76.52425793884798,3.3437782828274494 -76.52421922600287,3.3442483997646173 -76.52421387538328,3.3446845224850765 -76.52421337924343,3.345568448312871 -76.5241732307926,3.3464559735394674 -76.52414243499193,3.347035578683555 -76.52411891232533,3.3472989094852763 -76.52411021560204,3.3473634602957905 -76.52384072175836,3.349051853076871 -76.52368082179458,3.349944276512695 -76.52355745285675,3.350662795510396 -76.5234889103053,3.3510701088521615 -76.52343838898928,3.351825284051209 -76.52341996573898,3.352191433552977 -76.52338783625929,3.352635383325625 -76.5233602966805,3.353015258895005 -76.52338746740114,3.353289893730466 -76.52343722701848,3.3538895088307576 -76.52348243704434,3.3544799666042704 -76.52353676612194,3.3550521214363744 -76.52356389577898,3.355399988672126 -76.52360010866157,3.355793630771085 -76.52362719719687,3.3562147304152834 -76.52365890431881,3.356521406822682 -76.52368604121521,3.3568555425711195 -76.5236996043078,3.3570340534893433 -76.52372224614629,3.357262916126961 -76.52381292186755,3.3579907092255903 -76.52383554854866,3.35824703389766 -76.52388541960873,3.3586498377681853 -76.52391712867454,3.358951938199909 -76.52394434354112,3.359148763719006 -76.52397606159211,3.359437132673041 -76.52403955586799,3.3599085992662974 -76.52406219338587,3.360146616498778 -76.52409393385216,3.3603937919302465 -76.52414830920746,3.3608835614422334 -76.52418460745722,3.3611261627072215 -76.52419360223098,3.361327555186342 -76.52422084046198,3.3614831889848276 -76.52424350130224,3.3616800126936464 -76.52427524454639,3.3619226112554506 -76.52428385645413,3.3620041599236834 -76.52428944114658,3.3620570419853766 -76.52429301642617,3.362099377662121 -76.5242495147994,3.3620999719783087 -76.52421000312381,3.362100512017292 -76.52416929014677,3.362101948258325 -76.52413965796707,3.3621029928784845 -76.52412857806944,3.362103383593312 -76.52409000769546,3.3621191761927465 -76.52407277732105,3.3621262309977378 -76.52405143732025,3.3621349678863086 -76.52404130141377,3.362148045557938 -76.52402066336117,3.3621746747754084 -76.52400399904398,3.3621961754762077 -76.52398370383213,3.362222362470256 -76.52397170793427,3.3622378402613684 -76.52396575272805,3.3622455244442544 -76.52395578329151,3.362258387786218 -76.52394446767927,3.362272987462179 -76.52393012585132,3.3622856328735597 -76.52387971622802,3.3623425747040434 -76.52380047819995,3.3624674107257 -76.52375372376724,3.3625243525372714 -76.52370872675021,3.362583131956134 -76.52363314735551,3.3626654360203694 -76.52357549743999,3.3627133335708685 -76.52355124194723,3.3627395440806933 -76.52353415651741,3.3627739496810425 -76.52352515538351,3.3628101232376975 -76.5235098273617,3.362842692121271 -76.52345400157857,3.362939410358064 -76.52336400836504,3.3630569691649503 -76.52332442393622,3.3631193514332853 -76.52325067207803,3.36320349217267 -76.52322276134944,3.363227865068889 -76.52320026236345,3.3632586677943723 -76.5231705231295,3.36328395950166 -76.52311835598734,3.3633382163161127 -76.52308953099687,3.363361740941598 -76.52306168954861,3.3633861138329384 -76.52303103694095,3.3634060355779045 -76.52299869709945,3.363424120615206 -76.52296354609429,3.3634358463520293 -76.52292846527273,3.3634458050105307 -76.52289071276394,3.363448557907249 -76.5228168958858,3.363459363114329 -76.52278090081337,3.3634711593848774 -76.52274581997659,3.3634756784424025 -76.52267200395579,3.363468395969786 -76.52252444125348,3.3634774297133734 -76.52245153772209,3.363488304524895 -76.52241554263728,3.3634964273600683 -76.52237863508553,3.3634973426200236 -76.52234179681437,3.3634937370917046 -76.52230488837397,3.3635009411168224 -76.52223381246236,3.3635226263677698 -76.52216632158057,3.363550670009599 -76.5221303264911,3.3635587928341986 -76.52209341803545,3.3635587901800346 -76.52205742294788,3.363568749712849 -76.52202501289301,3.3635859159101806 -76.5220034281139,3.363616647163661 -76.52197284566758,3.363637487682691 -76.52185761839162,3.3636944249770666 -76.52183962039491,3.363699863690906 -76.52181353810109,3.363707068587385 -76.52177845726374,3.363721549799727 -76.5217469605553,3.3637414706007873 -76.52167764114377,3.3637740368061855 -76.52165788572718,3.3637794049802854 -76.52162006213288,3.3638002445919453 -76.5215759818411,3.3638192465934256 -76.52156065641074,3.3638246147609117 -76.52155074360914,3.363829135557763 -76.52153365896945,3.3638426997438176 -76.52144725668705,3.363872579160818 -76.5214329147979,3.363878866133011 -76.5214230019944,3.363882539563651 -76.5213915061635,3.3638906623568388 -76.5213410989792,3.3639087455453858 -76.52124211310375,3.363934031820343 -76.52117279544582,3.363941303649898 -76.52114671314013,3.363947589720823 -76.52112604436131,3.3639485067319743 -76.52098565341292,3.3639403722810695 -76.52096407127901,3.363936767598126 -76.52094333230869,3.3639304073958503 -76.5209280779577,3.363924965998703 -76.52091907940198,3.3639204434066605 -76.52090558246762,3.3639113991250853 -76.52089566965873,3.363905958629864 -76.52087050250088,3.363898750158296 -76.52085067868413,3.3638897049736007 -76.52082276966533,3.3638734531194996 -76.52081285775738,3.363868931431051 -76.52077777869322,3.363856211018185 -76.5206680422275,3.36379833972114 -76.52062755053733,3.3637721247686008 -76.52061489677197,3.3637612437719926 -76.52059240128995,3.3637476768910775 -76.52055465146279,3.363716941148656 -76.52053574190576,3.3636979346720834 -76.52048533922014,3.3636491103535393 -76.52047634156963,3.3636355443752235 -76.52046917152462,3.363627418895699 -76.52042776739623,3.363583118074677 -76.52039986019692,3.3635424201376596 -76.52037110983471,3.3635071636026934 -76.52035311453855,3.363485401604116 -76.52033870336373,3.36347183471896 -76.5203269647597,3.363453747047485 -76.52031346783903,3.3634374960863336 -76.52029730015033,3.3634175717024197 -76.5202883025043,3.3634049245299282 -76.52027839060536,3.363394114068007 -76.52023614152567,3.3633678285600443 -76.52020998904442,3.3633633050511325 -76.52019473380577,3.363359700353334 -76.52017399575283,3.363352492769651 -76.52012183296942,3.3633425269402086 -76.5199976808949,3.363337996141496 -76.5199652726212,3.3633389122167356 -76.51991219467688,3.3633461152365904 -76.51985370320865,3.363347947384922 -76.51983746352636,3.3633497126411473 -76.51978979911173,3.3633515466023263 -76.51971422570242,3.3633479373254596 -76.5196979860246,3.3633443335233406 -76.51967190553816,3.3633361356738214 -76.51966199274109,3.3633316130692457 -76.51965299509727,3.363326243100513 -76.51960174840205,3.3632863915788165 -76.51959450727742,3.363279184900345 -76.51955401836942,3.363221318065025 -76.51954951910494,3.3632122746781197 -76.51954052328897,3.363181540734194 -76.51951803057894,3.3631263598005434 -76.5195126188694,3.363110957106075 -76.5195108623705,3.3630947079549545 -76.51951086511079,3.3630566968106765 -76.51949378410693,3.3630232778772458 -76.51947578975195,3.3629897874997505 -76.51946679212145,3.362976221511907 -76.51946313692346,3.3629662593178686 -76.5194559668989,3.362951775428683 -76.51944879686734,3.362943649941519 -76.51943979922834,3.3629382094323885 -76.51942988643529,3.3629346047287116 -76.51940289080137,3.3629336849848994 -76.51939297799773,3.362939123663123 -76.51937947927051,3.3629472482214218 -76.51936331068241,3.362949084008208 -76.51932007537718,3.362945477453049 -76.51930931941504,3.3629463953425396 -76.51929940661313,3.362949997308868 -76.51929132141217,3.362956285162021 -76.51927958009497,3.3629680831431052 -76.5192570828126,3.3629825651855145 -76.51924182575817,3.3629978955065196 -76.51922917108999,3.363007855870467 -76.51921482919802,3.363015061617673 -76.51920133046701,3.3630241040767843 -76.51919141766263,3.3630286248496404 -76.51916167925143,3.3630404218993877 -76.5191211848748,3.363053984200546 -76.51911042891004,3.3630557494527507 -76.51909510257956,3.3630602702165193 -76.51906993453207,3.3630693117517683 -76.51903393942891,3.363081107883628 -76.5189979434078,3.363103713568947 -76.51896911834012,3.363118194690102 -76.51895112122752,3.363129922118517 -76.5189079533455,3.3631615711707967 -76.51889895478766,3.3631679286531444 -76.51888812773117,3.363170612710397 -76.51886471618913,3.363183258031152 -76.51885487447011,3.363187778800685 -76.51884496166409,3.3631913807623577 -76.51875405825206,3.363238428793464 -76.51873964616613,3.3632447862642363 -76.5187153914582,3.3632565127721574 -76.51870547864922,3.3632610335400352 -76.51868656638187,3.3632709938848806 -76.51863615917779,3.363289995740968 -76.51861457614733,3.363296281752918 -76.51858490881703,3.363304404458896 -76.51855791226279,3.3633089242860086 -76.51851741786676,3.363322486561923 -76.51850750506182,3.363324322347598 -76.51847326734965,3.363340570519392 -76.51846068285793,3.363350530873406 -76.51844718411735,3.3633586554186814 -76.5184066897137,3.363374054400889 -76.51839227762352,3.3633804118664896 -76.51838243499861,3.3633857809004652 -76.5183742795973,3.363393057187443 -76.5183436961443,3.3634301467414467 -76.51833469576427,3.363443710889785 -76.51831669494976,3.363494296815213 -76.51831310807991,3.3635151381854587 -76.5183067802641,3.3635304694165713 -76.51829243742222,3.3635530769342314 -76.51828793722608,3.3635621203058643 -76.51828428017717,3.363578439984734 -76.51827977626358,3.3636381407657474 -76.51827527510187,3.3636751616486222 -76.51826993082598,3.3636905634201395 -76.51825727429467,3.363719529343155 -76.51825193001842,3.3637348605761783 -76.5182474298039,3.3637511811571823 -76.51824109919605,3.3638045226271487 -76.51822492597613,3.3638551781889015 -76.51821951150993,3.363870509421534 -76.51821142536195,3.3638904328770973 -76.51819792567287,3.363914806567753 -76.51818527006701,3.3639311262241867 -76.51817992670138,3.3639410874964653 -76.51816909867941,3.3639663800008615 -76.51816459756483,3.363981781773781 -76.5181600982654,3.3639908242404046 -76.51815109786222,3.3640106771547735 -76.51810876838421,3.3641210316314107 -76.51810251075214,3.364135514591939 -76.51809442461347,3.3641499270093984 -76.51808901105699,3.3641598891852924 -76.51806559669161,3.364207859745424 -76.51806018313685,3.3642169022091903 -76.51803951248712,3.364242194686593 -76.51802868539308,3.3642539212118896 -76.51802242777305,3.3642629645775735 -76.51801518569664,3.3642774475349215 -76.51800892804805,3.364297370993419 -76.51800442784348,3.3643073322668715 -76.51799901338555,3.36431722299951 -76.51798910054346,3.364329020969475 -76.51797918679908,3.364341667208568 -76.51796842989195,3.3643533946376922 -76.51792519173323,3.364385961548546 -76.51791527981153,3.3643895644049757 -76.51788294079009,3.3643904804109113 -76.5178721146294,3.3643887133041472 -76.5178469474865,3.3643796680434472 -76.51783794894082,3.3643751454229136 -76.51778754540891,3.3643425719226046 -76.51776772163737,3.3643244832930836 -76.51774881212265,3.3643054767625244 -76.51772006184648,3.3642656975543503 -76.51769306992783,3.36421320154668 -76.51768407231076,3.364199635542677 -76.51767416043792,3.3641869883434845 -76.51765975021918,3.364163460133489 -76.51763275734702,3.3641309581374044 -76.5176273447454,3.3641209959314042 -76.51761384878202,3.36409746772346 -76.5176048511671,3.364083902623032 -76.51759051111824,3.364067651621718 -76.51757518664468,3.3640458895801326 -76.51755719139483,3.364026034779317 -76.51754819285655,3.364020594252791 -76.51746179324846,3.364015148056217 -76.51745188044598,3.364013380947674 -76.51742671331952,3.364003416868412 -76.51741771478217,3.3639979763406753 -76.51737181147834,3.363959962334475 -76.5173646414567,3.3639518368321077 -76.51736105646516,3.363941874630604 -76.51736464711807,3.3638713642966507 -76.5173664054856,3.3638559625183935 -76.51736914827985,3.363845152972793 -76.51737273423575,3.363835191699191 -76.51738714819147,3.363812584195491 -76.51738982271928,3.363763763505922 -76.51739340867762,3.3637528834246035 -76.5174015650093,3.3637393192823377 -76.51741141139361,3.3636868966368385 -76.51741507129613,3.363627195857218 -76.51742674434989,3.3635855827720356 -76.5174321616477,3.3635322413042283 -76.51743216261674,3.3635105516564643 -76.51742583760236,3.3634897084488653 -76.51741416834065,3.3634716207424593 -76.51740692813057,3.3634644140477272 -76.51738984622725,3.3634508480145136 -76.51737543507328,3.3634436403917665 -76.51734759628104,3.3634372791850446 -76.5172404568744,3.3634300649187225 -76.51721978808459,3.363436350902791 -76.51720987526691,3.363440872559726 -76.5172008767018,3.3634453933153856 -76.51718112125471,3.363454434820335 -76.51715770967758,3.3634689168107883 -76.51714329757499,3.3634761225270915 -76.51710280314931,3.363490602647278 -76.5170514816701,3.3635041639190852 -76.51699299016103,3.363513203470788 -76.51697140802793,3.363515957101135 -76.51692999936236,3.3635258449812686 -76.51690841723223,3.3635276807069276 -76.51682201676077,3.3635249890676553 -76.51681126079025,3.3635258363911005 -76.51675994020833,3.363538549378251 -76.51672935768875,3.363550275811723 -76.51671494558181,3.3635574806173176 -76.51670236106949,3.363567441852837 -76.51669603325296,3.3635764852098196 -76.51669068987778,3.3635855276663444 -76.51668794707649,3.3635964077484606 -76.51668618494588,3.3636506680342184 -76.51668794232366,3.363660630230977 -76.51670143733425,3.363690446315549 -76.51673025771973,3.3637356651488934 -76.51673742773455,3.363743790655971 -76.51677342001513,3.363777282962625 -76.51679415708625,3.363801658575386 -76.51681299638054,3.3638215839320442 -76.51683548995052,3.363851400953684 -76.51685081347752,3.3638803687738443 -76.51685889680307,3.3639002931840967 -76.51686072437204,3.363910184842381 -76.51686522080622,3.3639481960030437 -76.51687597204105,3.3640115006227025 -76.51689220888122,3.3640521968077715 -76.51690029034867,3.3640883712708054 -76.51689937229342,3.364142631559596 -76.51689761393494,3.364153511645892 -76.51689311461988,3.3641634023758398 -76.51687961490093,3.364186009875498 -76.51687328615827,3.3642014116354164 -76.51686787259257,3.3642104549968694 -76.51685795883493,3.364223101224537 -76.51684628856542,3.364233980368537 -76.51681837767599,3.3642511464091185 -76.51680846484824,3.3642556671575337 -76.51676796948561,3.3642701481678285 -76.51675271421756,3.3642737500871793 -76.5166779829528,3.3642854727273432 -76.51643593619902,3.364275562895712 -76.5164197667031,3.36427280640406 -76.51638918694839,3.3642628422748824 -76.51637927415709,3.3642583196369067 -76.51637118988025,3.364252030834214 -76.5162838826706,3.364162509110693 -76.51626230246403,3.364132621542148 -76.51624789227996,3.3641090933112228 -76.51623439542193,3.3640919243903924 -76.5162235711672,3.3640675488101586 -76.51621281617402,3.36404946109364 -76.51620740448713,3.364039498879734 -76.51615883149917,3.3639698320627973 -76.51614442039147,3.363952663136529 -76.51608776215801,3.363894795179721 -76.5160760226903,3.3638848320315526 -76.51604902895373,3.363857699951624 -76.51603644542256,3.36384773679905 -76.51598512865381,3.363808874432818 -76.51597437363844,3.3637970754814797 -76.5159482932602,3.363769942498684 -76.51593929567133,3.3637563773827703 -76.51592755621513,3.3637446480602606 -76.51592130045992,3.3637365225515827 -76.51590956100016,3.3637256414980925 -76.51590147673507,3.3637184338838098 -76.51589430672736,3.3637103092749054 -76.51588348152546,3.363698509417866 -76.51585648783391,3.3636641706612926 -76.51584481856001,3.3636542075106304 -76.51583666410728,3.3636470007997974 -76.51581691244424,3.3636144282498166 -76.51580791485861,3.3636008631326475 -76.51579800301599,3.363588215914194 -76.51579083301044,3.3635800189574505 -76.5157854204261,3.363570975548727 -76.51578267954667,3.363554725481897 -76.51577881025622,3.363537013998946 -76.51577208572132,3.3635202375876143 -76.51576583631099,3.363503277597919 -76.51576006742431,3.3634861457862923 -76.51575478266057,3.3634688566221715 -76.51574998651897,3.3634514245749982 -76.5157456834987,3.363433863209874 -76.51574187719906,3.3634161860918974 -76.51573856941968,3.3633984076904953 -76.51573576286003,3.363380542475096 -76.51573346111945,3.363362604915133 -76.51573159581287,3.363343790149259 -76.51572609958407,3.363326590513365 -76.51571778320454,3.363310574642107 -76.51570688693334,3.363296207366455 -76.51569372571765,3.3632839028748096 -76.5156786801943,3.3632740174782505 -76.51566218589151,3.3632668378541006 -76.51564471883134,3.3632625701938124 -76.51562678563128,3.3632613374899045 -76.51560214219084,3.3632646969809095 -76.51558415679494,3.3632643089278442 -76.51556631358581,3.3632620154345516 -76.51554881143133,3.363257840919196 -76.51553184559987,3.363251831504056 -76.51551560506063,3.363244055919845 -76.51550027338365,3.3632346000796858 -76.51548602064098,3.3632235706964195 -76.51547300700612,3.363211089856589 -76.51546137735502,3.3631972968290924 -76.51545491914516,3.363188153031434 -76.51545492304989,3.3631294786633887 -76.51546344835577,3.3631135623554687 -76.51547386514972,3.3630988280274305 -76.51548601505608,3.3630854999542636 -76.51549971000422,3.363073782515364 -76.51551474122691,3.363063856577228 -76.51553087746079,3.363055874067418 -76.51554631269484,3.3630504019966256 -76.51563262245405,3.363009591462955 -76.515647174055,3.3629990532833434 -76.51565818204689,3.3629848226726686 -76.51566475556801,3.3629680508491187 -76.51566636009818,3.3629500979347764 -76.51566286695122,3.362932418104883 -76.51565547471984,3.3629177542232727 -76.51563820833742,3.3629126952679123 -76.51562169514398,3.3629055328253616 -76.51560618709827,3.3628963772262086 -76.5155919226611,3.3628853668354672 -76.5155791195964,3.3628726725742317 -76.51556797407149,3.3628584870676104 -76.51555865525785,3.362843026453365 -76.51555130623109,3.362826528573238 -76.51554604037146,3.3628092457382235 -76.51554379349336,3.3627978447345974 -76.51552367851302,3.3627268784967836 -76.51551653375508,3.3627102928966064 -76.51550725813678,3.3626948087692554 -76.51549601812982,3.3626807001300194 -76.51548301170088,3.3626682183858945 -76.5154684710112,3.3626575841965565 -76.51545265161836,3.3626489865699716 -76.51543465276929,3.362642221120884 -76.5153356534116,3.3626600713258648 -76.51528995665711,3.3627263952447377 -76.51521887306622,3.3628182285948105 -76.51520737375107,3.3628321408707893 -76.51519543890812,3.362845677843858 -76.51518308203524,3.3628588259490044 -76.51517031393077,3.3628715716211968 -76.51515714899243,3.3628839031041036 -76.51514359981827,3.3628958059283685 -76.51512967990617,3.3629072701463287 -76.51511540455373,3.362918283097322 -76.51510078725883,3.3629288330250096 -76.51508584331908,3.3629389099817426 -76.51507058803206,3.362948504019873 -76.51505503579554,3.362957604287409 -76.51503920280692,3.3629662026453846 -76.51502310616354,3.3629742900505026 -76.5150132482309,3.362978931058025 -76.51486855300686,3.363050349427814 -76.51471878085769,3.3631090129591534 -76.51460455051533,3.3631243109552305 -76.51458668928655,3.3631265201438363 -76.51456875337425,3.363127993200342 -76.51455077247367,3.3631287274119144 -76.51453277628009,3.3631287227787325 -76.51451479628845,3.3631279783966557 -76.51449686039429,3.3631264951701954 -76.51447900099238,3.363124275812573 -76.51446124597827,3.3631213239413214 -76.51444362684683,3.3631176449826707 -76.51442617149358,3.3631132452671744 -76.51441163166868,3.3631089893595987 -76.51434817613809,3.363042656651811 -76.51427457254691,3.3628997897304367 -76.5142511504958,3.362859242670031 -76.51425113939595,3.36332598880749 -76.51425077313071,3.363329769843188 -76.51424854825277,3.364656314599625 -76.51425056701008,3.3659956557325446 -76.51425258969837,3.367283812194187 -76.51425461247118,3.368559171333025 -76.51425661944796,3.370052068062075 -76.51424591695162,3.371237853264265 -76.51426492624722,3.372402313435404 -76.51426271313188,3.3735753031568287 -76.51425625433396,3.374765354063029 -76.51425829768347,3.3757805232120983 -76.51425609829889,3.376774365310078 -76.51425390278274,3.3777255524797694 -76.51425474975393,3.3781135324542335 -76.5142559520251,3.37866394418111 -76.51426015651032,3.379175794952401 -76.51426646515519,3.3799265085037535 -76.51426224382962,3.380071408730092 -76.5142247411544,3.3811317003527313 -76.51421329472112,3.3814194000007216 -76.5141474085189,3.3826990195597215 -76.51412190575842,3.383163948522102 -76.51406452950094,3.3841620513382855 -76.51404326641358,3.384695226166308 -76.51401563570103,3.3852411973247545 -76.51399012784952,3.385774372110826 -76.51397736798081,3.386119869756132 -76.51391793457738,3.3862819510976614 -76.51377996199275,3.386670093723184 -76.51359740995677,3.387233114129909 -76.51332995260147,3.388022194788431 -76.5130571846545,3.388808078483786 -76.51304149467299,3.3888862131420705 -76.51300366836743,3.388875653798948 -76.51294062400387,3.3888481985134473 -76.51284185464218,3.388799624843659 -76.51278301360264,3.388774281210089 -76.51273888284197,3.3887531618539333 -76.51268424427342,3.3887235949911654 -76.51263170785805,3.3886898039809976 -76.51260018619745,3.3886686856264077 -76.51254134532864,3.388624334607437 -76.51250351928333,3.388584208826583 -76.51248670703595,3.3885630896866985 -76.51247620023484,3.3885419705993947 -76.51245518562865,3.3885124040048584 -76.51242996765835,3.388487061536014 -76.51240895296638,3.388468053987931 -76.51237322886995,3.388449046314616 -76.51235641655656,3.3884363754956155 -76.51232489492801,3.3884131436946445 -76.51229547455172,3.388385689557719 -76.51226815532004,3.388366681952488 -76.51223663360561,3.3883540101004566</coordinates>
                        </LinearRing>
                    </outerBoundaryIs>
                </Polygon>
            </Placemark>
            <Placemark id="nur_upu_unidades_planificacion_urbana.8">
                <ExtendedData>
                    <SchemaData schemaUrl="#nur_upu_unidades_planificacion_urbana_1">
                        <SimpleData name="upu">5</SimpleData>
                        <SimpleData name="nombre_upu">VILLANUEVA</SimpleData>
                        <SimpleData name="area_ha">1060.37686955</SimpleData>
                        <SimpleData name="estado">Formulada</SimpleData>
                        <SimpleData name="url1">http://idesc.cali.gov.co/download/upu/ficha_reglamentaria_upu_5_formulada.pdf</SimpleData>
                    </SchemaData>
                </ExtendedData>
                <Polygon>
                    <outerBoundaryIs>
                        <LinearRing>
                            <tessellate>1</tessellate>
                            <coordinates>-76.51150748683116,3.4530903116644365 -76.51138848992288,3.4530771044924853 -76.51117657355448,3.4530579603239295 -76.51024794945126,3.4529239578321422 -76.50938123327576,3.452864129748737 -76.50937984037259,3.452923888289434 -76.50952740532728,3.453988627791524 -76.50952696885751,3.453988568100224 -76.50949154731114,3.4539837113995295 -76.5065037823131,3.453531286445443 -76.50551386017875,3.4533865059427384 -76.50525580772646,3.4533605518692534 -76.50515388715854,3.4533503004657997 -76.50474891499557,3.4533412214831523 -76.5045419293008,3.453332159263927 -76.5043259442257,3.4533230968451334 -76.50401096909675,3.4532868953219373 -76.50355200645711,3.453205463440961 -76.5018781460804,3.4528978353914987 -76.50171615866958,3.4528706903295805 -76.50166216238927,3.452870685635764 -76.50153951996089,3.4528594703112243 -76.50146417728958,3.452852580463273 -76.5008972201748,3.4527982679717852 -76.50051024705392,3.4527891884551924 -76.49979929649001,3.452771034852982 -76.49959231077295,3.4527710158214298 -76.49937632587762,3.4527619522741797 -76.49920179542067,3.4527665206776037 -76.49884310838286,3.452752936617549 -76.49871096072884,3.4527475039404725 -76.49861656900748,3.45274478513034 -76.4986165677965,3.4527583348036766 -76.49851408575788,3.452750195202936 -76.49820394427566,3.4527284847582904 -76.49786413642201,3.452704061396265 -76.4975027536084,3.452674215890006 -76.49713058423067,3.4526416587783118 -76.49682044198543,3.4526172375844446 -76.49654266221256,3.4526009498084784 -76.49639703096499,3.4525900958737052 -76.49636721154049,3.45258963842221 -76.49635768660345,3.452589492580578 -76.49621903505442,3.452587368356715 -76.49621000681057,3.45259006756887 -76.49620101374201,3.452589715550628 -76.49619202157325,3.452589368958344 -76.49618302850439,3.4525890286963046 -76.4961740354354,3.4525886947645366 -76.4961650414663,3.452588367163015 -76.49615604749705,3.452588044987425 -76.49614705352768,3.4525877291421065 -76.4961380595581,3.4525874205313944 -76.49612906558842,3.4525871173466145 -76.49612007071866,3.452586819587746 -76.4961110758487,3.4525865290634834 -76.49610208097862,3.452586243965153 -76.49609308610836,3.45258596610143 -76.49608409123798,3.4525856936636403 -76.49607509546749,3.452585427556097 -76.49606609969688,3.452585166874487 -76.49605710392608,3.452584913427483 -76.49604810815514,3.452584665406412 -76.49603911148411,3.4525844237155887 -76.49603011571287,3.4525841883550568 -76.49602111904153,3.4525839593247722 -76.49601212237003,3.4525837366247574 -76.4960031256984,3.4525835193506764 -76.49599412812665,3.452583309311178 -76.49598513145469,3.4525831046976356 -76.49597613388266,3.452582905510004 -76.49596713631047,3.452582713556977 -76.49595813963803,3.4525825279342444 -76.49594914116561,3.4525823477373985 -76.49594014359295,3.452582173870845 -76.49593114602014,3.452582006334562 -76.49592214844715,3.4525818451285475 -76.49591314997407,3.4525816902527806 -76.49590415150088,3.452581540802946 -76.4958951539274,3.4525813985877414 -76.49588615545389,3.4525812617984455 -76.4958771569802,3.4525811313394206 -76.49586815850637,3.4525810063063287 -76.49585915913242,3.4525808885078195 -76.49585016065826,3.452580776135266 -76.49584116218395,3.4525806700929835 -76.49583216280953,3.4525805712852833 -76.49582316433492,3.4525804769992035 -76.4958141649602,3.4525803899477068 -76.49580516648524,3.4525803092265024 -76.4957961671102,3.452580233931208 -76.495787167735,3.4525801649661827 -76.4957781692596,3.4525801023314506 -76.49576916988407,3.452580046026966 -76.49576017050842,3.4525799951484135 -76.49575117113257,3.4525799515044673 -76.49574217175659,3.452579913286453 -76.49573317238045,3.4525798813987105 -76.49572417300413,3.452579855841237 -76.49571517362767,3.452579836614033 -76.49570617425105,3.452579822812762 -76.49569717487425,3.452579816246098 -76.4956881754973,3.4525798151053655 -76.4956791761202,3.452579820294904 -76.49567017674295,3.452579831814712 -76.4956652810814,3.452579849772713 -76.49566117736553,3.452579848760453 -76.49565217798794,3.4525798729407997 -76.4956431786102,3.45257990254708 -76.49563417923228,3.4525799384836304 -76.49562517985422,3.4525799807504494 -76.49561618047599,3.4525800293475384 -76.49560718199754,3.4525800833705853 -76.49559818261898,3.452580144628213 -76.49558918324027,3.452580211311775 -76.49558018386139,3.452580284325606 -76.4955711853823,3.4525803636697305 -76.49556218600311,3.4525804484397655 -76.49555318752367,3.4525805404444285 -76.49554418814417,3.4525806378750024 -76.49553518966442,3.4525807416358694 -76.4955261911845,3.452580851727006 -76.49551719180448,3.452580968148388 -76.49550819332424,3.4525810909000643 -76.49549919484384,3.4525812190776732 -76.49548639412497,3.452581412266723 -76.4951245387605,3.4525932991595685 -76.49491395039843,3.4526022192788055 -76.49456989112691,3.4526200687316915 -76.49426735578875,3.452640901715228 -76.4938283826744,3.4526617217157574 -76.493362715461,3.452687009072395 -76.49299196102174,3.452713796549686 -76.49278857204921,3.4527251300793584 -76.49268992858651,3.4527381342512635 -76.49248574748466,3.4527554525909756 -76.4920198713034,3.452784303270068 -76.49160288250908,3.452810268574508 -76.49158967770106,3.4528109102493447 -76.49158068820893,3.4528113259689444 -76.49157169691748,3.452811723601675 -76.49156270562655,3.4528121031475933 -76.49155371343619,3.452812466415342 -76.49154472124634,3.4528128115962766 -76.49153572725719,3.4528131386903422 -76.49152673326854,3.452813448601931 -76.49151773838048,3.4528137413310147 -76.49150874349293,3.4528140168776202 -76.49149974770599,3.452814274337385 -76.49149075101964,3.4528145146146434 -76.4914817543338,3.4528147368050885 -76.49147275764852,3.452814941813056 -76.49146376006381,3.452815129638518 -76.49145476247962,3.4528153002815034 -76.49144576399603,3.452815452837647 -76.491436765513,3.452815587306976 -76.49142776703049,3.452815704593828 -76.4914187685485,3.452815804698202 -76.4914097691671,3.452815887620071 -76.49140076978624,3.4528159524551265 -76.49139177130586,3.452816000107733 -76.49138277192604,3.4528160305778317 -76.49137377254681,3.452816042961119 -76.4913647731681,3.452816037257591 -76.4913557737899,3.452816015275922 -76.49134677441225,3.452815975207439 -76.49133777503515,3.452815917052142 -76.49132877565857,3.452815842618705 -76.49131977718247,3.4528157500984813 -76.49131077780699,3.4528156394914156 -76.49130177933196,3.4528155117018997 -76.49129278175742,3.452815366729936 -76.49128378328346,3.4528152045754643 -76.49127478571,3.4528150243342086 -76.49126578903703,3.452814826006166 -76.49125679146464,3.452814611399956 -76.49124779569269,3.4528143787069867 -76.49123879902132,3.452814128831512 -76.49122980415038,3.4528138608692798 -76.49122080927998,3.4528135757245693 -76.49121181441014,3.452813272493046 -76.49120282134068,3.4528129529834373 -76.49119382827182,3.452812614482679 -76.49118483520346,3.4528122597037796 -76.49117584393554,3.452811886838121 -76.49116685266816,3.4528114967899857 -76.49115786230124,3.4528110895594026 -76.49114887283484,3.4528106642420324 -76.49113988426893,3.4528102208378764 -76.49113018387426,3.4528090602727266 -76.49112124752403,3.4528079910692164 -76.49111231207382,3.4528069209613133 -76.49110337572371,3.4528058499489616 -76.49109443937364,3.4528047780321893 -76.49108550392354,3.452803706115361 -76.49107656757356,3.4528026332940835 -76.49106763212352,3.4528015604727513 -76.49105869667353,3.452800486746997 -76.49104976032366,3.452799412116794 -76.49104082487374,3.4527983374865356 -76.49103188942387,3.4527972619518574 -76.49102295397401,3.4527961864170935 -76.49101401852423,3.452795109977909 -76.49100508307448,3.4527940326343045 -76.49099614762478,3.4527929543862803 -76.49098721307503,3.4527918761381975 -76.49097827762537,3.452790797890005 -76.49096934307572,3.452789717833083 -76.49096040762616,3.452788637776047 -76.49095147307656,3.4527875577189566 -76.49094253762709,3.4527864758530806 -76.49093360307756,3.4527853948914853 -76.49092466852811,3.4527843121211332 -76.49091573397867,3.452783229350696 -76.49090679942928,3.452782145675839 -76.49089786487993,3.452781062000897 -76.49088893033061,3.4527799774215353 -76.49087999578134,3.4527788919377524 -76.4908710612321,3.4527778064538857 -76.49086212758283,3.452776720065627 -76.49085319303369,3.452775632772919 -76.4908442593845,3.452774545480155 -76.49083532483543,3.452773457282942 -76.4908263911863,3.452772369085674 -76.49081745753725,3.4527712799839843 -76.49080852298827,3.4527701899778465 -76.49079958933928,3.452769099971652 -76.49079065569033,3.452768009061037 -76.49078172204143,3.4527669172460027 -76.49077278839255,3.452765825430884 -76.49076385564366,3.452764732711372 -76.49075492199485,3.452763639991748 -76.49074598834609,3.4527625463677034 -76.49073705559732,3.4527614518392675 -76.49072812194865,3.4527603564063822 -76.49071918919996,3.452759260973441 -76.49071025555135,3.4527581655403865 -76.49070132280274,3.4527570682986033 -76.49069239005414,3.452755971961074 -76.4906834573056,3.452754873814786 -76.49067452455708,3.4527537756684157 -76.49066559180862,3.452752676617624 -76.49065665906018,3.4527515775667474 -76.49064772631179,3.4527504776114517 -76.49063879356345,3.4527493767517345 -76.49062986171506,3.452748275891962 -76.49062092896679,3.4527471741277407 -76.4906119971185,3.4527460714591265 -76.4906030643703,3.4527449687904 -76.4905941325221,3.4527438652172813 -76.49058520067393,3.452742760739742 -76.4905762688258,3.4527416562621203 -76.49056733607776,3.4527405508800473 -76.4905584042297,3.4527394454979197 -76.49054947238167,3.452738339211372 -76.49054054143365,3.4527372320204317 -76.4905316095857,3.452736124829379 -76.49052267773781,3.4527350167339055 -76.49051374588993,3.452733908638348 -76.49050481494203,3.4527327996383987 -76.49049588309427,3.4527316897339992 -76.49048695214647,3.4527305789252094 -76.4904780211987,3.4527294681163343 -76.49046908935101,3.4527283573073473 -76.49046015840335,3.4527272446896324 -76.49045122745571,3.4527261320718323 -76.49044229650808,3.4527250194539487 -76.49043336556053,3.4527239050273075 -76.49042443461298,3.45272279150492 -76.49041550456543,3.4527216761738035 -76.49040688219883,3.4527236618219663 -76.49007679763162,3.4526667332210894 -76.49006407617487,3.4526647559319716 -76.48832599471754,3.4523779133786396 -76.48765333953591,3.452315080457838 -76.48714077244232,3.4523310511714547 -76.48701293389749,3.452323590396821 -76.4866585786801,3.4523087150060925 -76.48677416147125,3.4514870535562165 -76.48728761454277,3.4505401320273585 -76.48772850636723,3.4497587039631306 -76.48871040134047,3.4480217657553935 -76.48887982635217,3.4477238947481856 -76.48937268602766,3.4469618140542844 -76.48960756533019,3.446582707602912 -76.48973463128128,3.446385417163239 -76.48979239235577,3.446250019060493 -76.48993871969284,3.445932801530318 -76.49037192434241,3.444985017354494 -76.49039802858188,3.44492927487906 -76.49085884032377,3.4439244584388935 -76.49081695000947,3.4439371802384113 -76.49096939875592,3.4436235755442572 -76.49167263380401,3.442258468538465 -76.4919706147479,3.4416717113947923 -76.49241162483362,3.440821512468792 -76.49284071516959,3.4399832863863753 -76.49332940332613,3.439013339733019 -76.49357944550933,3.438538835969586 -76.49480634886832,3.4360112795580844 -76.49530032481502,3.435064785897653 -76.49575142635683,3.4342004407937616 -76.49588011225963,3.4339559313616346 -76.49670447264675,3.4323896002918057 -76.4972228661584,3.431396042647023 -76.49794151355735,3.4300556238160884 -76.49811210286724,3.429737441432474 -76.4985746608743,3.4289041355905474 -76.4986712326627,3.428743392828698 -76.49900669941282,3.4281850076843257 -76.49948658901951,3.4284261887969296 -76.49988253278144,3.428634223902243 -76.50042245717518,3.4289146197028857 -76.50053334450685,3.4289703481854708 -76.50055736660245,3.428982420683645 -76.50059889673129,3.4288992858597807 -76.50087607984575,3.4283644730863916 -76.50126291607694,3.4276180213752556 -76.50138233030981,3.42738695935897 -76.5014402689959,3.427275344540482 -76.50160928098353,3.427181897348673 -76.50166721600921,3.427117280908301 -76.50172727664439,3.42705159557995 -76.5017612932572,3.427012077629485 -76.50185483954598,3.4269063398674744 -76.50186387485532,3.426897262310025 -76.50188141338633,3.426891388984988 -76.5019685818495,3.4267915256595383 -76.50216630343947,3.426567234025111 -76.50218650961,3.4265454118586773 -76.502204509121,3.42652732636978 -76.50236651167218,3.4263283870916608 -76.50247451245286,3.4262108325706886 -76.50251951271916,3.4261565759159445 -76.50263651275864,3.426029979080479 -76.50266351351564,3.425993807916003 -76.50284351626705,3.4257767830553836 -76.50299651714126,3.4256049718002823 -76.50341605104056,3.4251433054361042 -76.50315431765371,3.4249094671779003 -76.50288303367005,3.4247226370136103 -76.50280557060945,3.4246503392562384 -76.50273023334421,3.424567620856657 -76.50348696544874,3.4238484009770858 -76.50458344767489,3.4227987993397795 -76.50478884729566,3.422597037014178 -76.50601086801684,3.4213966538281024 -76.5065454156585,3.4208892219894427 -76.5065457198316,3.4208889335103656 -76.50666077915041,3.4207797102586075 -76.50726683303542,3.420186802003233 -76.50794859273792,3.4195175484047673 -76.50796060304782,3.419505758719794 -76.50804171805187,3.4194281387196255 -76.5081280642646,3.4193455132743296 -76.50887366405063,3.418664472697467 -76.50950363879403,3.4180315002386004 -76.51012563444934,3.417454617876729 -76.51155260922206,3.4160916044893046 -76.51166068859627,3.4159883690764854 -76.51259368086046,3.4150909898978754 -76.51382138935564,3.4139197966722277 -76.51401310112958,3.4137369093549865 -76.51506786426523,3.4127198123679685 -76.51510158641933,3.412687293496108 -76.51618608178363,3.411661715449743 -76.51782478342807,3.410083283017675 -76.51822249697203,3.40970617991809 -76.51833919595676,3.409595528190216 -76.51839095097604,3.4095464553465837 -76.51944354155552,3.408560935613189 -76.52078320563854,3.407222865076493 -76.52146232990607,3.4065008679198017 -76.52158279582171,3.406227378077785 -76.52168993961993,3.4059402499221583 -76.52175541551537,3.4056112491738797 -76.52179708195195,3.4052583214899137 -76.52183874924235,3.404893429417176 -76.52187446289928,3.4045943387495847 -76.52195779695022,3.4042234653208925 -76.52204053431709,3.4038579754039757 -76.5220996099972,3.403576587995665 -76.52226314868085,3.4038124253661506 -76.52231184668373,3.403998882481002 -76.52237256250727,3.404526480074791 -76.52239530053161,3.40475465070028 -76.52245958748654,3.4049556395724263 -76.52260616431343,3.405151251981668 -76.52258687361942,3.4053053294177764 -76.52255791367642,3.4055154079686667 -76.52230202432388,3.407489460380863 -76.5220191422729,3.4099729168733695 -76.52184122461813,3.411534868674715 -76.52183232201617,3.4116130242306184 -76.5216061687874,3.4137461834602636 -76.52156775446647,3.414392031337489 -76.52145559781863,3.4162776731826985 -76.52125807908793,3.4191273113159553 -76.52125352565395,3.419256754525124 -76.52124256861106,3.419568261610475 -76.5210639576799,3.421073389836463 -76.52090860518673,3.422382517373879 -76.52090845670212,3.422383768072163 -76.52065417398276,3.42452655327622 -76.52063649433174,3.4246564079424004 -76.52050683591273,3.425608687531441 -76.52050173610624,3.4256461424588696 -76.52014916421824,3.429043193956562 -76.52012758240069,3.4291299189597657 -76.52011106351543,3.4291962990955667 -76.51975875724789,3.4324435983321715 -76.51975671982211,3.4324548537078083 -76.51974897238415,3.432497657776493 -76.51944188461104,3.4351019505869305 -76.51940595218375,3.435406678608977 -76.51938074595431,3.4356699093354806 -76.51938055066874,3.4356719495192003 -76.51935830340813,3.435904274535179 -76.5190819694855,3.4383922539936527 -76.51908162030988,3.4383954544410837 -76.51884878354132,3.440531015538387 -76.51884807258774,3.440537536709557 -76.51865316745493,3.442325174971762 -76.51858908396693,3.4430077103269237 -76.51849286559231,3.4437436159336654 -76.51840254683059,3.4445599143517653 -76.51839178327945,3.44473007070186 -76.51838101702461,3.4449002596073344 -76.51807821200899,3.447668427955566 -76.51797267839805,3.4487583857196373 -76.51687144832013,3.4488657403917555 -76.5167994526418,3.4488747780487268 -76.51661946484586,3.448883808022412 -76.51652047117271,3.448883800370709 -76.51643947614664,3.4488928370575693 -76.51636748136218,3.4489018755860563 -76.51591750759616,3.448965144494049 -76.51553952843092,3.4490465057306756 -76.5154135356616,3.449073626109336 -76.51501755676752,3.449164029501201 -76.51484656533069,3.4492092335590425 -76.51449558311914,3.449290596349723 -76.51434259032966,3.449335801335824 -76.51398260958109,3.4494171638770346 -76.5139016144233,3.449435243712746 -76.51382061836254,3.449453324445852 -76.51344263786034,3.4495437282105903 -76.51325364758257,3.449588930036301 -76.5130106592443,3.4496522145098862 -76.51280367022365,3.4496974151977042 -76.5124076927809,3.4497697298608028 -76.51225470185227,3.449787804411444 -76.51214670767598,3.4498058829554292 -76.51203871447615,3.4498149172169175 -76.51194871997785,3.4498239534385573 -76.51166973810486,3.4498420176975797 -76.51138175794293,3.449841994151302 -76.51071580608664,3.4498238528032767 -76.51051694381145,3.4498238362464497 -76.51061678534695,3.4501674933381397 -76.5107967240565,3.45076437181485 -76.51098566334636,3.4513522078803827 -76.51103964721311,3.451505950160103 -76.51126457109595,3.4522475273515933 -76.5114984956078,3.452989104565233 -76.51150748890441,3.453061452477397 -76.51150748683116,3.4530903116644365</coordinates>
                        </LinearRing>
                    </outerBoundaryIs>
                </Polygon>
            </Placemark>
            <Placemark id="nur_upu_unidades_planificacion_urbana.9">
                <ExtendedData>
                    <SchemaData schemaUrl="#nur_upu_unidades_planificacion_urbana_1">
                        <SimpleData name="upu">4</SimpleData>
                        <SimpleData name="nombre_upu">AGUABLANCA</SimpleData>
                        <SimpleData name="area_ha">2203.95269845</SimpleData>
                        <SimpleData name="estado">Adoptada</SimpleData>
                        <SimpleData name="url1">http://idesc.cali.gov.co/download/upu/acuerdo_0433_2017_upu_4.pdf</SimpleData>
                    </SchemaData>
                </ExtendedData>
                <Polygon>
                    <outerBoundaryIs>
                        <LinearRing>
                            <tessellate>1</tessellate>
                            <coordinates>-76.47845301736803,3.4502908981149627 -76.47837202318381,3.4502908890854997 -76.47824603093086,3.4502999177863445 -76.47794005029445,3.4503179681882883 -76.47767906641832,3.4503360250507846 -76.47733708834487,3.4503540709145746 -76.47725390214593,3.450368813223586 -76.47724063320558,3.450295772084852 -76.47722756838853,3.4501866144752307 -76.47721457785516,3.4500468640748694 -76.47718851374859,3.4498722816573446 -76.477162443084,3.449763121641893 -76.4771233636725,3.449658270191934 -76.47707127711226,3.4495622489877014 -76.47698003050733,3.4494530814516353 -76.47686269872568,3.4493569812687346 -76.47679239562915,3.449302641879547 -76.47686616119712,3.449209744619925 -76.47689668242735,3.449171245715538 -76.47689706672138,3.4491707619133 -76.47691404765894,3.449149342584884 -76.47696735003916,3.4490665449067843 -76.47696729964473,3.4490665033049943 -76.47595200183301,3.448200520549226 -76.47591320297707,3.448104641886932 -76.47587686548897,3.4480078454375804 -76.47584305955958,3.447910200838649 -76.47581157370391,3.4478117089847506 -76.47578254831085,3.447712369882732 -76.47575619485077,3.4476124647914066 -76.47573223164714,3.447511924968102 -76.47571087018679,3.4474106789804186 -76.47569196916955,3.4473089384365387 -76.47567574096551,3.4472069864039336 -76.47566204250445,3.447104398742197 -76.47565094666018,3.4470015995886314 -76.47564245163866,3.4468984478667593 -76.47563641703641,3.446795224818596 -76.47563319562924,3.446691861731328 -76.47563243373641,3.446588498760354 -76.47563434464762,3.446484993934961 -76.47563871595814,3.4463817731874955 -76.47564589955711,3.44627848113038 -76.47565554355045,3.446175543689318 -76.4756677892333,3.446072817081427 -76.47568263659484,3.44597051563432 -76.47570001454302,3.4458685679019303 -76.47571999326838,3.445767044425668 -76.47574243327092,3.4456661568134885 -76.47576747494243,3.445565834533599 -76.47579511737891,3.4454661481239843 -76.47582507979126,3.445367310994562 -76.47585757367587,3.445269038289109 -76.47589259810894,3.445171825583665 -76.4759300127105,3.4450754621609625 -76.47596981747348,3.4449800872885215 -76.47604063879933,3.444797037550046 -76.47607172606418,3.4446984826165807 -76.47609831373805,3.4445985139931623 -76.47612033161137,3.444497484368093 -76.47613777967885,3.4443955366268573 -76.47615072902333,3.444292952021676 -76.47615910764527,3.4441898725301967 -76.4761627049528,3.444086509757432 -76.47616180351548,3.4439830762357326 -76.47615626113615,3.443879782668843 -76.47614600850861,3.4437769130151006 -76.47613125621453,3.4436745378224733 -76.47611193314786,3.4435729383360756 -76.47610919538242,3.4435380362472463 -76.47553851944537,3.442894120900686 -76.47490358552497,3.441632845086093 -76.47436019002733,3.4409904170713332 -76.47434204310863,3.440969639962529 -76.47402515336535,3.4406068092219866 -76.47396413415653,3.4405452643255283 -76.47392785978103,3.4405113472149793 -76.47389067192809,3.440478560478775 -76.47385256880472,3.4404467630402302 -76.47381362239811,3.4404160950749305 -76.47377383270818,3.4403865583914492 -76.47373326903265,3.440358080646179 -76.47369186117032,3.4403308038163836 -76.4736497513128,3.4403046582750667 -76.47360693675687,3.4402797127515727 -76.47356342019867,3.4402560395928594 -76.47351927003598,3.4402335664552997 -76.47347448716852,3.4402122951475214 -76.47342914178348,3.4401923658450713 -76.47338330407842,3.440173708013107 -76.47333690295899,3.4401563225523617 -76.47329008061335,3.440140208565489 -76.47324283613449,3.4401255071288688 -76.47319517042905,3.440112077165995 -76.47314715188774,3.4400999901227953 -76.47309878230678,3.440089315633212 -76.47305020117786,3.440079984070258 -76.47300133920658,3.4400719945260927 -76.47295226568352,3.4400654175423884 -76.47290305170606,3.440060183488766 -76.47285369637059,3.440056361999066 -76.47280427077449,3.4400538834429284 -76.47275477491061,3.4400528879924903 -76.47270527897989,3.4400532354791227 -76.47265585317635,3.440054925002025 -76.47260642729853,3.4400580985384863 -76.47214858128773,3.4401257260183606 -76.47203840290125,3.4401885220432016 -76.4716932612358,3.4402300929790806 -76.47155855617359,3.4402058425898185 -76.46945760217449,3.440573746189713 -76.469362895166,3.4406014996966743 -76.46931396039237,3.440608770635989 -76.46926453450388,3.440611449325979 -76.46921510886094,3.4406095357931332 -76.46916603533542,3.4406030291521636 -76.46911780617997,3.440592072314939 -76.4690707732664,3.4405766643963283 -76.46902535775313,3.440556946495841 -76.46898191060038,3.440533132056157 -76.46894085476252,3.440505430906573 -76.46890247190893,3.440473986852199 -76.46886718138641,3.4404391507986967 -76.46878816055035,3.440408266120665 -76.46874253444925,3.4403889017908558 -76.46869732956115,3.440368690118658 -76.46865254679378,3.4403474891233663 -76.46860825633763,3.440325369347119 -76.46856438709476,3.440302402228671 -76.46852094087284,3.4402784457873627 -76.4684780571528,3.440253641107378 -76.46843566484046,3.4402279899935646 -76.46839383593394,3.440201419198693 -76.46835249843149,3.4401740716040337 -76.4683117945291,3.440145806140989 -76.46827158293472,3.440116692435768 -76.46823207422709,3.440086801942605 -76.46819312801786,3.4400561346538505 -76.46815481450516,3.4400246191308677 -76.46811720477923,3.439992326820233 -76.46808022774606,3.439959256813765 -76.46804388340556,3.439925410015872 -76.46800831214232,3.4398908569726285 -76.46733262022738,3.4391277348822156 -76.4671206638405,3.438978844798617 -76.46698274208283,3.4388214155783032 -76.46688215850023,3.4386269703408017 -76.46620376997076,3.4379190507110695 -76.46542363065197,3.437104948378572 -76.46536310465446,3.4370403652995303 -76.46532802678065,3.4370053175137234 -76.46529217493524,3.4369709759684017 -76.46525554910599,3.4369375531825375 -76.46521822039496,3.4369049071793616 -76.46518011860402,3.436873109397283 -76.4651413130232,3.436842229474151 -76.46510187565028,3.4368121977801764 -76.46506173358335,3.436783154483171 -76.4650208895303,3.4367549594110587 -76.46497948207507,3.4367276822057553 -76.46493751301331,3.4367013943098677 -76.46489491035113,3.4366760957191094 -76.46487741643212,3.436666214819712 -76.46485174518644,3.436651715899319 -76.46480808770905,3.4366283244884372 -76.4641336214556,3.436208495368932 -76.46406282904562,3.4361634109009964 -76.4640216322419,3.436135850609734 -76.46398078824313,3.436107726031773 -76.4639404356416,3.4360789657328303 -76.46390050604325,3.4360495697088953 -76.46386099764827,3.4360195379599134 -76.46382205174031,3.4359889401282655 -76.46378352793565,3.435957707476075 -76.46374549642415,3.4359259087371528 -76.4637078861161,3.43589347517774 -76.463670839195,3.435860476440292 -76.463634354761,3.435826911620485 -76.46359829152213,3.435792853056834 -76.46356286186828,3.4357581587812946 -76.46352792360777,3.4357228984193164 -76.46349347853611,3.4356871443179733 -76.46345966614116,3.435650895581351 -76.46342634513948,3.435614081662796 -76.46339365771856,3.435576703475233 -76.46336153277632,3.4355389002822627 -76.4633299703168,3.4355006033543716 -76.46329904053819,3.435461740348926 -76.46326867323808,3.435422454146912 -76.46323893861026,3.4353827447526126 -76.46320976646518,3.435342539814939 -76.46318129809033,3.4353018411511376 -76.46315339128975,3.4352607889248317 -76.46312611806552,3.435219242063935 -76.46309954770727,3.435177271110927 -76.46307353982301,3.4351349474999577 -76.46304830589835,3.435092200705614 -76.46302363354775,3.435049099444681 -76.46299966496278,3.435005574996234 -76.4629763290454,3.434961697894262 -76.4629536959895,3.4349174663343858 -76.4628618399356,3.434651734172405 -76.46279416383625,3.434431787309193 -76.46278013043595,3.4342229399067232 -76.4626465396959,3.433645441531427 -76.46263084018956,3.4335775737436776 -76.46217312629535,3.431598920926203 -76.46196216106297,3.430686936181772 -76.4618513011954,3.4301858093789734 -76.46184355505271,3.430150792992689 -76.46174645121675,3.429711846486365 -76.46168494953224,3.429588198185292 -76.46166147883949,3.429499809598429 -76.46162136817073,3.429243905209523 -76.46163649939778,3.4291254950357 -76.46130160599625,3.427207120584317 -76.46125827155677,3.426871025736427 -76.46124773501974,3.4268036936080652 -76.46124373345623,3.426754166463881 -76.46124282670704,3.4267044278973464 -76.46124501205459,3.4266547600612967 -76.46125029218936,3.426605304936706 -76.46125866529805,3.4265562741381577 -76.46127006117398,3.4265078792759525 -76.46128447980362,3.4264603328690653 -76.46130178169584,3.426413704542605 -76.46233718119191,3.423160342312332 -76.4623449403043,3.422965062141088 -76.46241943062527,3.4226912977525714 -76.46251415143506,3.422542518432323 -76.46271573691776,3.421860121839229 -76.46274358704312,3.4217891213407854 -76.462759482246,3.4217420696659975 -76.46277369015722,3.4216943812357874 -76.46278614057138,3.421646269469442 -76.46279676240023,3.4215976629201363 -76.46280562762402,3.4215487732070673 -76.46281266515449,3.42149952978773 -76.4628178740835,3.421450074642971 -76.46282125530706,3.421400477406802 -76.4628228079255,3.4213507389835303 -76.4629063172305,3.4203326725330987 -76.46291007978256,3.4202868029941835 -76.46291285351617,3.420252989108072 -76.46296378481138,3.4196320890674565 -76.46310447927209,3.4179168312106105 -76.46310750895155,3.417861370228734 -76.46311208521392,3.4178118435974176 -76.46311841987695,3.417762529590774 -76.46312658133314,3.4177134282128727 -76.46313643008442,3.417664751070087 -76.46314803723145,3.4176163561857598 -76.463161330769,3.4175684560746387 -76.46317638268496,3.4175211212792367 -76.46319312099094,3.417474282161221 -76.4632114772857,3.4174280779842614 -76.46323151995747,3.4173825810992997 -76.46325317970931,3.417337861136009 -76.46327638634422,3.4172939904370154 -76.46330113896649,3.4172508957508727 -76.4633274384632,3.4172087914053293 -76.46335521464597,3.4171676050491175 -76.46338446660639,3.4171274786629273 -76.46341519524012,3.417088482784946 -76.46344718907375,3.4170505477684734 -76.46348058848402,3.4170138128896257 -76.46351525398154,3.4169783504868803 -76.46355118376653,3.416944159655657 -76.46358830944628,3.4169112412960794 -76.4636265599243,3.4168796650377145 -76.46366593429234,3.416849572861246 -76.46428264625291,3.4163444242040644 -76.46430170343011,3.416330300488503 -76.46454237763949,3.4161519332726846 -76.4652361987556,3.4157553152381235 -76.46529905662746,3.4157141335628287 -76.4653382203394,3.415683687707305 -76.46537527571786,3.415650769271663 -76.46541022185481,3.4156155184282966 -76.46544277797253,3.4155780771421402 -76.4654729440589,3.415538657932589 -76.46550043844057,3.415497330417593 -76.46552526110564,3.4154543062121996 -76.46554734274967,3.4154097987361225 -76.46610365275234,3.414417146327193 -76.46634486941954,3.413858535763478 -76.46639425776037,3.4135860392503 -76.46649060689171,3.413338488805295 -76.46655037766395,3.4132530793683626 -76.4673490869359,3.411211564504364 -76.46736076401722,3.4111625338127722 -76.4673701904393,3.4111137146108796 -76.4673776497016,3.411064541703906 -76.4673829987166,3.411015086526578 -76.46738630946878,3.4109654901594935 -76.46738758105865,3.410915750793954 -76.46738674328262,3.4108660827539317 -76.46738386723696,3.4108164146007534 -76.46737888182224,3.4107668874070214 -76.46737185811915,3.4107177127915023 -76.46731719000256,3.4105413993203695 -76.4670511177863,3.4096832636893173 -76.46694048054171,3.409509517194673 -76.46685875087526,3.4092357318389492 -76.46685778379914,3.409100292854617 -76.4667973437408,3.4089273305003283 -76.46673029297888,3.4087721000102027 -76.46633726559615,3.4078617758831813 -76.46629558352636,3.407794086615552 -76.46627520163183,3.407748796265998 -76.46625931841535,3.4077017400005656 -76.46624807603996,3.4076532714232743 -76.4662463202167,3.4076394946542004 -76.46618792322892,3.407432477757127 -76.46615743398496,3.407254361432063 -76.4661505671296,3.40707377579696 -76.46616732247519,3.4068938281540055 -76.46618367646651,3.406553431207248 -76.46623361503642,3.4063798465474235 -76.46631061821894,3.40621665153387 -76.46663541325933,3.4057496864807257 -76.46663787485744,3.405742692476467 -76.4666584804359,3.4056974785912573 -76.46668302203274,3.405654313249877 -76.46671121886509,3.4056134803980957 -76.46674293053364,3.405575262180877 -76.46677780606025,3.405540011269649 -76.46681570414596,3.405508010713654 -76.46689171365091,3.405426559521446 -76.46812395954582,3.404121782287789 -76.46819131922945,3.404054035742979 -76.46821557995337,3.404010800709948 -76.46821445624371,3.404006068252729 -76.46820145576089,3.403951309933465 -76.4683503505952,3.4029054033548674 -76.46835268450715,3.4027958936840594 -76.46834545127358,3.4027273608160957 -76.46833477128664,3.4026787512114836 -76.46832282513544,3.4026304951336734 -76.46830968481527,3.402582521143908 -76.46829534851888,3.4025349703186323 -76.46825537212264,3.402428414622402 -76.46784885594113,3.4013448599795675 -76.46748564359102,3.400403876296978 -76.46735688870163,3.400070384910038 -76.46735717057963,3.4000664989889264 -76.46735829889694,3.400036260730242 -76.46736160652675,3.4000099790671565 -76.46736807824483,3.3999822135618705 -76.4673801746316,3.3999477372817175 -76.46739128620324,3.3999194068221676 -76.46741920035075,3.3998935524622067 -76.46742580665308,3.399905916924874 -76.46744900166718,3.399948028665971 -76.46747311122476,3.3999854767903335 -76.46748773229248,3.400007734239211 -76.46750319569111,3.400029355081006 -76.46753264873956,3.400067722305332 -76.46754811303997,3.400089344050795 -76.46756343593518,3.4001132266310825 -76.46759520885075,3.400152512787941 -76.46761517152285,3.4001773135252504 -76.46763520541036,3.4001998543275405 -76.46766550178788,3.4002359607513886 -76.46768251304464,3.400256804849881 -76.46769804766963,3.400276095215653 -76.4677143553034,3.40029531418104 -76.46773143683426,3.400314675169618 -76.46774690123146,3.40033467091372 -76.46776320976319,3.400353961320969 -76.46778092379483,3.4003755831862814 -76.4678001837899,3.4003980525000346 -76.46782331059596,3.4004207345448014 -76.46784946089863,3.400445819578624 -76.467878001472,3.4004678661699512 -76.46790499514177,3.400489842137401 -76.4679350826188,3.400512030792727 -76.46795694551581,3.400526799815093 -76.46798260396453,3.4005448897706 -76.46800362268318,3.4005612123969526 -76.46802393867347,3.4005759813332257 -76.46805557302281,3.4005989468949833 -76.46807666201921,3.4006137158723817 -76.46809627528255,3.400626930213218 -76.46812868263983,3.400649895814793 -76.46815652049625,3.400670388708397 -76.46818435839582,3.4006901038712614 -76.46820945471977,3.400702682759585 -76.46825268960716,3.40072451942964 -76.46827321737163,3.4007338487842986 -76.46829831373593,3.400745721383018 -76.46832418498894,3.400756039467651 -76.46834710289804,3.4007646617590006 -76.46837381653172,3.400773426236855 -76.46839596156231,3.4007797171039185 -76.46842056786937,3.400784524086748 -76.46844517335644,3.400787847955984 -76.46846984998044,3.400790323560203 -76.46849607355169,3.4007920929602817 -76.46852770994417,3.4007940751719397 -76.46855934637843,3.400795280556949 -76.46859252972202,3.400796486024565 -76.46862191647925,3.4007968430176225 -76.46865896663488,3.4007982603068005 -76.46868835339224,3.400798617297829 -76.46873095777636,3.400797916022049 -76.46877728851419,3.400798840943363 -76.46882530580241,3.4007967979186975 -76.46886474614271,3.4007967322156767 -76.46891269405653,3.4007962437384776 -76.46895993826087,3.400795684682806 -76.46900633926919,3.400795124675242 -76.46905266906249,3.400796896947148 -76.46909288240764,3.400796831276194 -76.46913611933128,3.4007976845718946 -76.46917556052678,3.400798467124419 -76.46921654683565,3.4007991783152374 -76.46925514393918,3.400799889376768 -76.46928685064834,3.4007995401860227 -76.46932783789457,3.4007995450848245 -76.46936727913518,3.4007994793612326 -76.469404469757,3.400799342977929 -76.46943927027723,3.4007991359277594 -76.46949185711193,3.4007987887450013 -76.46952279172001,3.400798368967145 -76.46955217847808,3.400798725931765 -76.469578472325,3.400798940750491 -76.46960399226728,3.400799156431802 -76.46963176188777,3.4008002195955735 -76.46965882963936,3.4008004344531115 -76.46969046607578,3.400801639800914 -76.46972217274437,3.4008020674214277 -76.4697592229024,3.4008034855725566 -76.46979866320287,3.4008041966568388 -76.46984112708265,3.400805826705635 -76.46988436306737,3.4008074576976055 -76.46992837385311,3.4008091583624136 -76.46997315674753,3.400810788527551 -76.4700179405383,3.400812490133287 -76.47005274097837,3.400813836712164 -76.47009597696398,3.400815466790287 -76.4701260673959,3.400816601504288 -76.47017007728275,3.400818302157993 -76.47021486107435,3.4008200037545637 -76.47025647988303,3.4008231177580583 -76.4702881874125,3.400824322185591 -76.47032910344849,3.4008266593235543 -76.47037304310473,3.400829137694277 -76.47041627995154,3.4008315445836876 -76.47044559648349,3.4008326087090177 -76.47048728646139,3.4008342386889434 -76.47052511048678,3.4008364336765347 -76.47056293357245,3.400839405488226 -76.470586766108,3.4008418809942804 -76.47061987820189,3.400846266037769 -76.47065067128922,3.4008505080744214 -76.47068139328186,3.400854822453373 -76.47070831955347,3.400858923210891 -76.47073904151046,3.400863942971005 -76.47076674078366,3.4008681152096005 -76.47079753386872,3.4008724286842007 -76.47082677923164,3.400875046445517 -76.47085764258819,3.400877805366223 -76.47088695903908,3.400880493667688 -76.47091704943456,3.4008824051826023 -76.47094706869922,3.4008850935185415 -76.47097870506121,3.400887853379612 -76.47101259110303,3.4008914607195684 -76.47106644282728,3.4008981791023376 -76.47110103160405,3.400903341030992 -76.4711356212775,3.400908573496754 -76.47117492006423,3.4009139472798746 -76.47121562533503,3.400920170306227 -76.47125865039875,3.4009287944650946 -76.47130399549232,3.400935158802332 -76.47134856746348,3.4009438544791126 -76.47139236561306,3.4009509250203247 -76.47143454748357,3.4009595500325527 -76.47147679868924,3.4009673267781992 -76.47152130047216,3.4009760224434222 -76.47156200566957,3.400983799106449 -76.47160657678478,3.4009917170412964 -76.47164882892879,3.4009987874921186 -76.47169424421982,3.401005151814593 -76.47173579363336,3.401010597131946 -76.47178036572929,3.4010169614075263 -76.47181966452432,3.4010223360687237 -76.47185804989675,3.4010284160650386 -76.47189270890955,3.4010328716815295 -76.47192729769239,3.401038104118867 -76.47196034047286,3.401043195400179 -76.47199577245276,3.401048427877704 -76.47203415782386,3.401054579309651 -76.47206952047432,3.4010605886066143 -76.47210340648793,3.401064973638228 -76.4721318085481,3.401069922698717 -76.47216717033861,3.40107515516641 -76.47220105639198,3.401078762464608 -76.47223571630825,3.40108321716448 -76.47226812572463,3.401085199292127 -76.47230433262853,3.4010881004159685 -76.4723498894392,3.4010898724903966 -76.47237927617334,3.4010909356560655 -76.4724093657141,3.4010921408369907 -76.47243790925206,3.4010932039586197 -76.47246884289271,3.4010943386416526 -76.4725020262499,3.401095613608464 -76.47255152010885,3.4010967501211726 -76.47258238355843,3.401097884797047 -76.47261177036648,3.4010974639382745 -76.47264193104097,3.401097820847181 -76.47266597525461,3.401096411279776 -76.47270787609482,3.401092530143195 -76.47274520827995,3.4010869531452235 -76.47279343821859,3.401079470344716 -76.4728340047892,3.401070149548023 -76.47286050952516,3.4010641469692766 -76.47288785932975,3.401056661318703 -76.47291513800798,3.4010498819511725 -76.47294214136178,3.401042245257551 -76.47294410404764,3.4010416900917564 -76.47295971192894,3.401037594217436 -76.47299099795524,3.4010279184541496 -76.47303332316856,3.401013227781697 -76.47305764946344,3.4010032695187897 -76.47308042885166,3.400993239736194 -76.47310327933067,3.400983209956559 -76.47312458297554,3.4009716255443623 -76.47316015929462,3.4009512118872425 -76.47319025162184,3.400932139090566 -76.4732251252039,3.400910100302379 -76.47325282648858,3.4008917345776193 -76.47328545042062,3.4008681402164394 -76.4733116056212,3.400851257526912 -76.4733417681715,3.400831408807489 -76.4733696820523,3.400808379422701 -76.47340104111568,3.4007769434873767 -76.47341651037628,3.400754972469319 -76.47343598788603,3.4007300345171263 -76.4734556761916,3.40070050525479 -76.47347782587748,3.400667159809534 -76.47350335141853,3.400626115001927 -76.47352550110104,3.4005927695554754 -76.47354687781511,3.4005586472449867 -76.4735608712922,3.4005358287882483 -76.47357662254562,3.4005069341754126 -76.47359160075945,3.400478745811886 -76.4736066492013,3.4004497806258507 -76.47362155620937,3.4004239245440235 -76.47363569115315,3.4003972192515937 -76.4736498954592,3.400369031753602 -76.47365819317042,3.4003537714678336 -76.47367999338509,3.400307992267878 -76.47369581482253,3.4002790976562767 -76.47371002006595,3.400250060984666 -76.47372429459648,3.400221095758834 -76.473739272839,3.400192130567038 -76.47375010222665,3.4001707950661713 -76.47376430742933,3.400142536123666 -76.473783857054,3.4000959085431326 -76.47379644500532,3.400070758632791 -76.4738105088104,3.4000448310640183 -76.47382288416227,3.4000243430013932 -76.47383694789116,3.3999999699878938 -76.47385023861186,3.3999756674749113 -76.4738659195474,3.3999490336964295 -76.47388237344533,3.3999232482235286 -76.47389889850828,3.39989590819806 -76.47391542271114,3.399867719903908 -76.47393342358549,3.3998404504877 -76.47395142532137,3.3998139588011926 -76.47397104329274,3.399786689462621 -76.47398904416401,3.3997594200452834 -76.47400697469389,3.399735259735614 -76.47402638096493,3.3997126531484003 -76.47404093568449,3.3996953457422783 -76.4740564048015,3.399675706094401 -76.47408003111873,3.3996432089737127 -76.47409697690978,3.3996244176648656 -76.47411778861225,3.399605768523408 -76.47415076478198,3.399572848622662 -76.47416757003936,3.399557166417182 -76.47418669426695,3.399542331687255 -76.47421847400233,3.3995194444438184 -76.47424779326073,3.3995003715753027 -76.4742817523332,3.3994814409101646 -76.47431493750072,3.3994625111109134 -76.47434102230974,3.399448666057559 -76.47436696572132,3.399437223820772 -76.47439347130019,3.399431291737151 -76.47442756817478,3.3994286816478017 -76.47446251004382,3.399426072502093 -76.47449885742027,3.399425934976164 -76.47453204076088,3.3994264339508216 -76.47455756063665,3.3994273548831915 -76.47458378332152,3.3994283472911357 -76.47460845992555,3.399430894180217 -76.47463608891476,3.399436549416843 -76.47466519360349,3.399444678085517 -76.4746925405948,3.399457397989717 -76.47471693524477,3.399466091642909 -76.47474603993845,3.399474148866511 -76.47478484503775,3.399490403464032 -76.47482421317532,3.3995128754054265 -76.47486034604135,3.399539091147691 -76.47487011757549,3.3995465107949747 -76.47490618017967,3.3995742810879377 -76.4749226293715,3.3995904622711115 -76.47493739116763,3.399608904217076 -76.47495208180013,3.3996289007151814 -76.47496677326349,3.399650380326204 -76.47498062059265,3.399672708165326 -76.47499362372133,3.3996972959030387 -76.47500880623049,3.3997250642979635 -76.47502405896826,3.3997520549659317 -76.47504001451624,3.3997791162052375 -76.47506545947158,3.39982355925543 -76.47507909508019,3.399851256133377 -76.47509427762728,3.399878317335198 -76.47512042532769,3.3999243149728873 -76.47513483394003,3.3999520824248695 -76.47514846951601,3.399980557031845 -76.47516126186107,3.4000098075201595 -76.4751741235709,3.4000375052645104 -76.47518860327762,3.4000652727190204 -76.47520069202437,3.4000921221581804 -76.47521214911944,3.4001174866456165 -76.47522353512716,3.4001427814955907 -76.4752365381956,3.400168923785674 -76.47524940081286,3.400196550086383 -76.47526380939658,3.400225095266411 -76.4752781477898,3.400253640442913 -76.47529403298374,3.4002845170734655 -76.47530556042297,3.400306702817635 -76.47532228981959,3.400335318644336 -76.4753382453853,3.400362379878605 -76.47535349814208,3.400389370541247 -76.47537816929552,3.400432258990885 -76.47539187608166,3.4004584727545413 -76.47540790184591,3.400485463452633 -76.47543383791944,3.4005354175471427 -76.47545127006477,3.4005655870559477 -76.47546954551208,3.4005934966652207 -76.47548627491841,3.4006221124890277 -76.47550230072075,3.4006483968981382 -76.47551832739106,3.4006753875944074 -76.47553575871365,3.400704003450237 -76.47555396383046,3.4007350221660393 -76.4755729429251,3.400764486362 -76.47559276528575,3.4007924665796256 -76.47561406335778,3.400822778247267 -76.47563388658467,3.4008515361941094 -76.47565293504739,3.4008794458360065 -76.47567114027906,3.4009081322638295 -76.47569257974644,3.4009361125549202 -76.47571015336578,3.4009624675711034 -76.47572920183285,3.400990377211484 -76.47574754849495,3.401015955437352 -76.47576666816299,3.4010415336989013 -76.4757843111527,3.4010662636229356 -76.47579752604499,3.401085411770952 -76.47581509966986,3.4011117667852093 -76.47583344543662,3.401137345009392 -76.47585179207171,3.401163629520648 -76.47586859179773,3.4011899139596116 -76.47589635680771,3.4012329436163014 -76.47591315560047,3.4012600057844615 -76.4759307292316,3.4012863607965906 -76.47594830196704,3.401312645270052 -76.47596432782889,3.4013381519413763 -76.47598056624723,3.4013597030512193 -76.47599673353612,3.40138210152148 -76.47601142418135,3.401402874828995 -76.47602534182518,3.4014235775621544 -76.47603925946639,3.401444349929078 -76.47605465375597,3.40146667782424 -76.47607082108392,3.401488299467567 -76.47608853528756,3.4015106980079004 -76.47610631975463,3.401531541995452 -76.4761240339566,3.401554011977774 -76.47614111474697,3.4015740782021178 -76.4761721151264,3.401611810392843 -76.4762010054505,3.4016455145671167 -76.47621731413845,3.4016655816588 -76.47623277869803,3.4016863549986445 -76.4762637078869,3.401726417660188 -76.47628212390387,3.4017512190533417 -76.47630061198717,3.4017743944511185 -76.47631909923906,3.4017960867354384 -76.47633835945875,3.401818626418969 -76.47635762058239,3.401841096468189 -76.47636879756712,3.4018531789277713 -76.47639761764303,3.401888437648618 -76.47641533182292,3.401911683546921 -76.47643374878247,3.401935708111532 -76.47645139187598,3.4019588834676004 -76.47646826185861,3.4019843910735843 -76.47648147677678,3.4020035392121715 -76.47649757386114,3.402026714496458 -76.47651149148894,3.4020481940482394 -76.47651943417276,3.4020624666625485 -76.47653735739843,3.40209970176079 -76.47655837441006,3.402137786173053 -76.47658234295189,3.4021783422736127 -76.47659239376088,3.4021996805705776 -76.47660314824627,3.402221866263615 -76.47661305853245,3.402246312760979 -76.47662289765418,3.402272384348978 -76.47663273674445,3.402299162224243 -76.47664398225542,3.402328342987707 -76.47665677370556,3.402359148915681 -76.47667033906247,3.4023899539744975 -76.47668538023765,3.4024208305431625 -76.47669978979594,3.4024493757013787 -76.47671426961998,3.4024762957685866 -76.47672727286144,3.4025001771951198 -76.47673802642133,3.402523070078259 -76.47675426223134,3.4025633427640702 -76.47676606900013,3.4025987408700376 -76.47678026684355,3.402632725605749 -76.4767945349527,3.4026650861547894 -76.47681034910408,3.4026968101206245 -76.47682588214332,3.4027362354091686 -76.47683508879554,3.402759128220739 -76.47684584325754,3.4027820907366246 -76.47686573325039,3.4028286523477798 -76.47688253118761,3.402875920105266 -76.47688990898708,3.40290495870885 -76.47689735791332,3.4029332204899294 -76.47690796914658,3.4029794986207245 -76.47691401165208,3.4030053575137353 -76.47692153177606,3.403031287916476 -76.47693481427008,3.4030690880068755 -76.4769425461142,3.403089577926356 -76.47694512747864,3.4030989985243663 -76.47695203301124,3.4031241981944564 -76.47696144864602,3.4031626338579226 -76.47696770109988,3.4032024819524302 -76.4769700164658,3.40324374244291 -76.47696846500467,3.4032848616812372 -76.4769669847047,3.4033244263670874 -76.47696395662608,3.403363214156974 -76.4769617023841,3.403403555633277 -76.47695944821496,3.4034422720155755 -76.47695487409003,3.4034817660224945 -76.47694101940102,3.403520834569369 -76.47691704083702,3.4035619509797166 -76.47690628174124,3.403581731962738 -76.4768862412374,3.4036198108825686 -76.47686788719601,3.4036564067656507 -76.47685769031722,3.40368092107457 -76.47684432935449,3.403706848718369 -76.47681943632266,3.4037517099447308 -76.47680220939364,3.4037782722564844 -76.47678413743321,3.4038055417210704 -76.47675615140032,3.403851885917624 -76.47673962631323,3.4038800037201544 -76.47672464813643,3.4039081912269564 -76.47670959966169,3.4039387110159187 -76.47669673065111,3.4039708559981237 -76.47668231368456,3.404006110020664 -76.47666853017387,3.4040428471849067 -76.47665319877721,3.4040811379294262 -76.47663477542643,3.4041177338043056 -76.47661635106874,3.4041566601556847 -76.47659462216728,3.404198624928305 -76.47656818216409,3.404244192363886 -76.47654026647285,3.40428672115805 -76.47651094522423,3.4043275542546207 -76.47649132723329,3.4043547521995716 -76.47646284928257,3.404393325394642 -76.47643662105769,3.4044319683261697 -76.47640884678313,3.404471317473164 -76.47639232171065,3.404498658443447 -76.47636771058386,3.404537371985631 -76.47634387343363,3.4045745319114995 -76.47632151196046,3.404614871554252 -76.47630576082304,3.40464150536689 -76.47628417235458,3.4046818450443093 -76.47626251365394,3.4047230320818813 -76.47623930894206,3.404764077970927 -76.47622025218008,3.4047975646965063 -76.47619950787195,3.404836420393489 -76.47618115475224,3.4048714617063234 -76.47616202772332,3.404906502078632 -76.47614683778946,3.404940130962364 -76.47612932603961,3.404995377918414 -76.47612102560025,3.4050308438293078 -76.47611258460199,3.4050701251321027 -76.47610660494684,3.405106439418528 -76.47610139837072,3.4051411991851 -76.47609766750885,3.4051783618438267 -76.47609344559021,3.4052093062574023 -76.47608915340827,3.4052418061276066 -76.47608570550427,3.405270419195752 -76.4760839441038,3.405296772403444 -76.47608218360317,3.405323124706822 -76.47608049153826,3.4053681298716776 -76.47608062747447,3.4054062106115546 -76.4760810454339,3.4054365203952415 -76.47608455722062,3.4054669713988823 -76.4760939738493,3.405503075687678 -76.47610718604491,3.4055432071655485 -76.47612707695365,3.4055898402322864 -76.47614092436038,3.4056128734364 -76.4761547015048,3.4056374620969723 -76.4761700246963,3.405661415079833 -76.47618612176478,3.4056860743855504 -76.47620524153173,3.405711723175555 -76.47622140882923,3.4057356047539677 -76.47623820781408,3.4057603355338713 -76.47625592205964,3.4057835814341217 -76.47627588600496,3.405807605167818 -76.47629599043796,3.405829368064686 -76.47631454802854,3.4058495067002843 -76.47633085685936,3.4058680192336777 -76.47635911573022,3.405898614261698 -76.47638730347579,3.4059299870155693 -76.47641851471874,3.4059646100954377 -76.47643637050656,3.4059823458725864 -76.47645274866917,3.406000080677151 -76.47646983051406,3.4060185941480596 -76.47648916205611,3.4060379541815666 -76.47650856382273,3.4060566088349282 -76.4765272627761,3.4060751920130166 -76.47654743848837,3.406093069875496 -76.47656381665809,3.406110734139876 -76.47658321936275,3.406128611966166 -76.47660114444848,3.4061463468391056 -76.47662202291043,3.406165779287788 -76.47664367430866,3.4061868359609266 -76.47666602848999,3.4062086694913427 -76.47669302244991,3.4062321997698684 -76.4767207191902,3.4062565774436635 -76.476749119614,3.406281732878746 -76.47677766048986,3.4063054043021332 -76.4768069041877,3.406329005218429 -76.47683467213044,3.4063510524153604 -76.47686026063877,3.4063706966884193 -76.47688507531231,3.406388714927375 -76.47690616540041,3.4064050382684203 -76.47692795740366,3.4064214321792217 -76.47694982056926,3.4064362715372005 -76.4769747064077,3.4064527361258627 -76.47700113916231,3.4064692713224116 -76.47702764120965,3.406485807425719 -76.47705484787213,3.4065024131942123 -76.47708430329881,3.4065206450620416 -76.47711460199744,3.4065373224115914 -76.47714490159703,3.406553999760234 -76.4771737245056,3.4065698993112 -76.47720254745305,3.406584951497395 -76.4772321434424,3.406599297430325 -76.47726181055899,3.406612866539944 -76.47729372737498,3.406627283114021 -76.47732571441843,3.4066409219602556 -76.47735763037106,3.406654561706568 -76.47738961738166,3.406668978280639 -76.47742005754675,3.406681769690232 -76.4774489516937,3.406694561029398 -76.47747404926449,3.406705586026743 -76.47749682597623,3.4067173163022475 -76.4775181269303,3.4067274928597784 -76.47755679271309,3.4067475627394788 -76.47759081774372,3.4067675609671593 -76.47760164315102,3.4067749100956677 -76.4776238581751,3.4067901735882926 -76.47765394614417,3.4068107359439304 -76.4776887444231,3.4068254356913568 -76.47772523089944,3.406840276589504 -76.47775679586174,3.4068549056518123 -76.47779707784387,3.4068754693620966 -76.47782083997019,3.4068867059058072 -76.47784214092523,3.4068970235327938 -76.47786660493634,3.4069090369322477 -76.4778879769498,3.40692013229134 -76.47790843377075,3.406931226704935 -76.47792734450131,3.4069439461432585 -76.47794773102572,3.406957443376721 -76.47796811740788,3.4069741898931456 -76.47799082371981,3.4069909365120874 -76.47801345966072,3.407011781583363 -76.47803855598362,3.4070310722075967 -76.47806119196058,3.4070511404521384 -76.47808460091426,3.407071984651654 -76.47810491620945,3.4070887320663816 -76.47812122514495,3.4071061141481325 -76.47813760434092,3.407121941677146 -76.47815398350338,3.4071385469358333 -76.4781796420535,3.4071627128628537 -76.4782132437225,3.4071927437663163 -76.47822807614685,3.4072052504994814 -76.47825703907846,3.40723026483851 -76.47828129221014,3.4072495554192526 -76.47830716155143,3.407268916608877 -76.47833225788686,3.407288207225482 -76.47835334702997,3.407306579762914 -76.47838793434994,3.4073307460772257 -76.47842463128421,3.407348978222569 -76.47844944709936,3.407362688159233 -76.47846762988186,3.4073742192560097 -76.4784730677991,3.407377668636525 -76.47849542332962,3.4073907418107003 -76.47852213702605,3.407404450924388 -76.47855595166533,3.4074211998254906 -76.47859412441929,3.40743978562485 -76.47863616495242,3.4074577358427414 -76.47865521620578,3.407467699757659 -76.47869409273663,3.407485014085777 -76.47872657103409,3.40750183255654 -76.4787565187719,3.4075199233183033 -76.47878400619682,3.407538013067647 -76.47881078995931,3.407554831287541 -76.47882864610047,3.4075660666450593 -76.47886688883531,3.407589809871479 -76.47890456911307,3.4076141182826793 -76.47894217925246,3.4076372257296272 -76.47896066796858,3.4076497335145297 -76.47898112563236,3.407662806595155 -76.47901627447933,3.407687821179575 -76.47904432423658,3.407708525384583 -76.47906414826731,3.4077241414321007 -76.47908657277615,3.407744915026452 -76.47910583418299,3.4077649831005923 -76.47912762601264,3.4077870281646803 -76.4791545488098,3.4078146559230476 -76.47917057710553,3.4078297780364175 -76.4791866044506,3.4078461002048837 -76.47920579580244,3.4078630582585325 -76.47923904648397,3.4078950678008733 -76.47926667202158,3.4079246733717365 -76.47928909637982,3.407949192725853 -76.47931798796864,3.4079812717118343 -76.47934174758554,3.4080102413652664 -76.47936171152111,3.408037374146307 -76.4793714118099,3.408051222677765 -76.47938954691534,3.4080840780251673 -76.47940311264455,3.408110008666569 -76.47941421707795,3.408137846449225 -76.47942405720909,3.4081644832177793 -76.47943972987888,3.4082049683511006 -76.47945343567103,3.4082385288902914 -76.47946587626411,3.408270818781365 -76.47947705062028,3.408305085499025 -76.47948435820426,3.408337444803874 -76.4794891365041,3.408362173203483 -76.47949194580127,3.4083876087103833 -76.47949292735545,3.408414314732679 -76.47949390790188,3.4084435646553075 -76.47949495837065,3.408479172975376 -76.47949776783007,3.4085007930837974 -76.47950127986904,3.408528064425099 -76.47950605803241,3.4085560430122297 -76.47951146784544,3.4085858592394387 -76.47951631511576,3.4086182175342308 -76.4795210922184,3.4086500115195997 -76.47952551564876,3.4087033540351865 -76.47952593362632,3.4087357826785927 -76.4795261426525,3.408751114819409 -76.47952578786143,3.4087778207842945 -76.47952550429687,3.408801348007171 -76.47952409319645,3.408845292401348 -76.4795227523177,3.408888531415519 -76.4795193734393,3.4089254815819685 -76.47951360416228,3.408968861483074 -76.47950888997116,3.4090026319428817 -76.47950431510193,3.409040217806973 -76.47949650801856,3.4090727166362025 -76.47948616927894,3.409111008540552 -76.47947962651953,3.409144214615385 -76.47947371726315,3.4091779850236628 -76.47946844052596,3.4092142993593337 -76.47946126513763,3.4092475045025004 -76.47945345791307,3.4092832535188355 -76.47944571973996,3.409324654645086 -76.4794434672223,3.409347615668159 -76.47944205617402,3.409390218929703 -76.4794412788663,3.4094278049560156 -76.47944169670603,3.4094634132482664 -76.47944211465378,3.4094964785445003 -76.47944253260152,3.409529543840713 -76.47944428575386,3.40956833183949 -76.47944653237414,3.409599489062756 -76.47945327755748,3.4096312125939585 -76.4794637492164,3.4096629362848665 -76.47947745502942,3.4096964968229573 -76.47949122992263,3.409735074626148 -76.47950050633119,3.40977124941271 -76.47950725249827,3.4098010647921737 -76.47951132700169,3.4098277718504892 -76.47951624430796,3.409863945545823 -76.47952362182684,3.409902663246754 -76.47953240487864,3.40994392490808 -76.4795364103367,3.4099648387796964 -76.4795483563954,3.410009279321174 -76.47955453885238,3.4100479969706425 -76.47955875342186,3.410082264292922 -76.47956430322162,3.4101216882025027 -76.4795657073158,3.4101369489513638 -76.47957638897044,3.4101825913023163 -76.47958440042594,3.410211770986159 -76.47959740261123,3.4102434242452437 -76.4796098431803,3.41027698563145 -76.47962165027583,3.4103092745881076 -76.47964379102461,3.410359933785574 -76.47965032724197,3.410375125119391 -76.47966269783745,3.4104035987012935 -76.47967499834903,3.410429529284085 -76.47969453773932,3.4104744657241097 -76.47970578218889,3.410511842456242 -76.47971695663513,3.4105447671336586 -76.47972679571059,3.4105758550453666 -76.47973790102702,3.4106049643213106 -76.4797483728127,3.410634145012767 -76.47975694687729,3.4106594387824143 -76.47976615433372,3.410687983670837 -76.47977732883759,3.410719635945172 -76.47979166714387,3.410757012807845 -76.47980417691119,3.4107931171902144 -76.47981471857166,3.4108299277759984 -76.47982399505888,3.4108647596182826 -76.47983193636192,3.410893304452172 -76.47984247816126,3.4109268648500604 -76.47985168469606,3.4109560445821696 -76.47985779156569,3.4109736911714608 -76.47986285917892,3.410988334413057 -76.47987726662421,3.411029525771155 -76.47988661317103,3.411067607803252 -76.4798919556598,3.4110940146733415 -76.47989406098563,3.4111044182566923 -76.47990143942842,3.4111431359540494 -76.47991015234159,3.4111837618592213 -76.47991767002956,3.411228202207468 -76.47992139117827,3.4112694627453677 -76.47997696646294,3.411585847433487 -76.48002087523447,3.411865278601066 -76.48002819034181,3.4119339009130396 -76.48004854617142,3.412124856166741 -76.48003954697325,3.412129658720343 -76.4800329369524,3.4121358052198487 -76.48002639802063,3.412142021356271 -76.4800199994672,3.4121483794795093 -76.48001367200278,3.412154808144004 -76.48000741382762,3.412161307349681 -76.48000129603082,3.412167947637844 -76.47999524932301,3.412174659371606 -76.47998927280437,3.4121814407422564 -76.47998343666704,3.4121882935614436 -76.47997767071587,3.41219528746015 -76.47997204604887,3.4122022813648076 -76.47996649066818,3.4122094163489507 -76.47996107656869,3.41221662187734 -76.4799557326583,3.412223898851301 -76.47995052912633,3.4122313160034285 -76.47994539578642,3.41223873406284 -76.47994040372774,3.412246222666506 -76.47993555204742,3.41225385235268 -76.47993077055922,3.4122614820418056 -76.47992605925717,3.4122692537148036 -76.47992155853163,3.412277024492374 -76.47991705780005,3.4122849372508415 -76.47991276854489,3.41229285001826 -76.4799085494789,3.4123008324225905 -76.47990447079422,3.412308886275489 -76.4799004622987,3.412317010669639 -76.47989659508738,3.4123251350697674 -76.47989286735454,3.412333401456722 -76.47988928090592,3.4123416669453213 -76.47988576464644,3.4123500038795145 -76.47988238966828,3.4123584104536486 -76.47987915417448,3.412366817938029 -76.47987605996197,3.4123752959666893 -76.47987303593861,3.412383844536611 -76.4798701522996,3.4123923931124853 -76.47986740994186,3.4124010122326434 -76.47986480706857,3.4124096313587167 -76.4798622752784,3.4124184621026767 -76.47980967072387,3.412568025461456 -76.47972646883889,3.4128408721675183 -76.47971255301984,3.412941719626108 -76.47968699521819,3.4131269358091068 -76.47968502586237,3.4131357665764304 -76.4796832670832,3.413144598257073 -76.47968178996994,3.4131535004880265 -76.47968045323822,3.4131624723589207 -76.47967939727545,3.4131714451461352 -76.4796785527893,3.4131804179423755 -76.47967791887692,3.4131894612858935 -76.47967749644117,3.413198504638437 -76.4796772845822,3.4132075479999697 -76.47967735349224,3.4132165913734873 -76.47967763387895,3.4132256347560324 -76.47967812484244,3.4132346781475653 -76.47967882728558,3.413243651009834 -76.47967981049479,3.4132526944223787 -76.4796809340915,3.4132616673026233 -76.47968233936018,3.413270569656598 -76.47968395520564,3.41327947201956 -76.47968578253081,3.4132883038532538 -76.47968781953288,3.413297135695893 -76.47969013910688,3.41330589610796 -76.47969259906836,3.4133145868920587 -76.47969533980196,3.4133232062455043 -76.4796982209231,3.4133317559709795 -76.47970138371625,3.413340234265836 -76.47970468689697,3.413348642028381 -76.47970827175267,3.413356908726351 -76.4797120671882,3.4133651048949982 -76.47971600391122,3.4133732305313678 -76.47972015031421,3.4133812847340366 -76.47972450819991,3.4133891987734604 -76.47973076476319,3.413399796966206 -76.47974014760682,3.413409814707799 -76.47987086493738,3.4135493820873832 -76.48001539536533,3.4136990388183586 -76.48011169380864,3.4138706625510635 -76.48031752051293,3.414099526375993 -76.48058893337907,3.4144075974490433 -76.48089543360491,3.4146717281629284 -76.48103007804222,3.4147551497819837 -76.48115821457432,3.414834538675462 -76.48118750945855,3.4148476265423438 -76.4812925576408,3.414894558715759 -76.48143407821543,3.414957785809919 -76.4815470599725,3.414982147835908 -76.4816057483958,3.414994801901641 -76.48161799146142,3.414997442159704 -76.48196395682733,3.4150502577011554 -76.48221789599974,3.4150678789679034 -76.48236863016126,3.4150780289435048 -76.4824806245269,3.4150855710554175 -76.48260323374896,3.4151031770380227 -76.4826703228303,3.415114652116303 -76.48288346421907,3.4151511098359175 -76.48288390706631,3.4151486681433014 -76.48292060847638,3.414946224693623 -76.48293433446845,3.4147900154753303 -76.48294376942671,3.4146645390785038 -76.48294412164036,3.4146554957216897 -76.48294454494624,3.414646452367667 -76.48294510863686,3.4146374090191607 -76.48294588290179,3.4146284362172152 -76.4829466571694,3.4146193937813156 -76.48294764201138,3.4146104209876422 -76.4829486979456,3.414601448196759 -76.48294982407216,3.4145924754086296 -76.48295116077577,3.414583502628772 -76.48295256766893,3.414574601294296 -76.4829541149468,3.414565699060995 -76.48295573331693,3.414556796830483 -76.48295749207168,3.4145478955098163 -76.4829593912084,3.4145390638286135 -76.4829613605374,3.4145302330544998 -76.48296347024836,3.4145214719198473 -76.48296572124386,3.4145127116950746 -76.48296804243168,3.4145039514730513 -76.48297050400141,3.4144952608904875 -76.48297310595306,3.4144866417560555 -76.48297577899964,3.414477952086115 -76.48298091264442,3.4144624094464535 -76.483018112024,3.4143894309045 -76.48302120621574,3.4143809528657982 -76.48302458207395,3.414372545376421 -76.48302823869597,3.414364279878958 -76.48303210679211,3.4143560849280625 -76.48303632584165,3.41434810160578 -76.48304068527308,3.41434018882727 -76.4830453965578,3.4143324885817403 -76.48305024822437,3.414324858879976 -76.4830553815519,3.4143174408040977 -76.48306079564047,3.4143102352584 -76.4830664212004,3.414303170797534 -76.4830722573318,3.414296247421465 -76.4830783040319,3.4142895356684773 -76.48308456220059,3.4142830364429404 -76.48309103093797,3.4142767497448157 -76.48309764005177,3.414270673762678 -76.48310453082645,3.4142648112150615 -76.48311444444761,3.4142569691917846 -76.48320064602511,3.4141873169008172 -76.48324290324963,3.4141499468192498 -76.48325042661799,3.414145002197344 -76.48325780870992,3.414139845050659 -76.48326519170436,3.414134618269996 -76.48327243341964,3.414129249502849 -76.48327960584515,3.4141238101946563 -76.48328663609159,3.4141182288999516 -76.48329366724326,3.4141125074329817 -76.48330055801294,3.4141067145178656 -76.48330737859295,3.4141008510616744 -76.4833141280888,3.414094775987791 -76.48332073809982,3.414088700908432 -76.48332727702402,3.41408248384534 -76.48333367556891,3.4140761257001575 -76.4833400030242,3.414069697013875 -76.48334626118972,3.4140631977865623 -76.48335237807605,3.414056557477133 -76.48335842567258,3.4140498466266758 -76.48336433198722,3.414043064328061 -76.48337016811492,3.4140361409500963 -76.48337586296068,3.4140291470283155 -76.48338148851667,3.4140220825655136 -76.48338697279075,3.4140149475588992 -76.48339231668555,3.4140076714702183 -76.48339759039071,3.414000323936149 -76.48340272371385,3.413992905858309 -76.48340778684731,3.413985417239423 -76.48341270869888,3.4139778580767337 -76.48341749016845,3.4139702283702777 -76.48342374848477,3.413959772667698 -76.48342852995687,3.41395207242289 -76.48343303066235,3.413944301628875 -76.4834373198991,3.4139363183074227 -76.48344132836924,3.4139282644367714 -76.4834451253679,3.4139200694813163 -76.48344864160269,3.4139117325340407 -76.48345194726322,3.413903325040294 -76.48345497125997,3.4138947764590326 -76.48345778377981,3.413886228773901 -76.48346024534354,3.4138775381899 -76.48346249633299,3.4138687779637755 -76.48346453674817,3.4138599471911912 -76.48346622440475,3.4138510449623047 -76.48346770238427,3.4138421427252896 -76.48346889779747,3.4138331699390307 -76.48346981334129,3.413824198046263 -76.48347044721874,3.4138151546999502 -76.48347079942704,3.4138061113427254 -76.48347094105844,3.4137970679773395 -76.48347073082844,3.413788024598322 -76.48347031002159,3.4137789803068075 -76.48346960844276,3.4137700083513822 -76.48346862519489,3.4137610354807046 -76.48346686814043,3.413749235622309 -76.48344831419969,3.413696528329115 -76.48343475014508,3.41364558649502 -76.48343475388644,3.4136184563824647 -76.48346013535101,3.4136014323162143 -76.48349733026855,3.4135726107249362 -76.48353452435163,3.413542022961796 -76.48365616085405,3.4134588087495614 -76.48371198782921,3.413416353177249 -76.48379642894835,3.413373900509307 -76.48392319477557,3.4133161923829047 -76.48403139865758,3.4132737424115174 -76.48496677592422,3.412891762126677 -76.48590222144854,3.4125182581762856 -76.48676497127849,3.4121497616721315 -76.48684442190223,3.4120903522341175 -76.48749759632831,3.4116896152754608 -76.48777981789426,3.411514783138501 -76.48903469544237,3.4107540687746645 -76.48906578213283,3.410735750638261 -76.48928676271657,3.4106055315099555 -76.48928822957888,3.4106046670114587 -76.48934466901946,3.4105608311056548 -76.48943693610089,3.4104891671918542 -76.48960596672534,3.4103193390430246 -76.48981781046315,3.4101612423954863 -76.48992032053424,3.4101045907601857 -76.4901227400959,3.409986199572384 -76.49041234394402,3.409795682054453 -76.49070701171965,3.409594850638838 -76.49072156515302,3.4095853844898096 -76.49110067724193,3.409299708847255 -76.49141398195685,3.40902695493646 -76.49161239926451,3.4088485804248343 -76.49184738753057,3.4085443078462503 -76.49224944000748,3.4080406735758006 -76.49264102555398,3.4074373492024668 -76.49303267795912,3.4068707633625492 -76.49331462914628,3.406561266489637 -76.49381060144309,3.4061100649582676 -76.49401738331358,3.4059577323649752 -76.49420222526493,3.405821563249227 -76.49458764992796,3.4056509072163035 -76.49475737444183,3.4055479846404437 -76.49487500152351,3.405473529180758 -76.49510160550936,3.4053378294522694 -76.49545891435871,3.405101394437217 -76.49573775899748,3.4049218961496783 -76.49589032966661,3.4048124716450285 -76.49603847338211,3.4046811448559056 -76.49615610406322,3.404562884943045 -76.49625629705363,3.4044622166488545 -76.49650034082548,3.4042783339301463 -76.49670515459631,3.4040944483654534 -76.4969491305456,3.4038799030649134 -76.49722369164859,3.4036390774955168 -76.49761588085059,3.403293205022018 -76.4977895473152,3.4031409675709368 -76.49805545415587,3.4029600548098315 -76.4980663520186,3.4029523546320766 -76.49807373484832,3.4029471268303872 -76.49808104658652,3.402941899931314 -76.49808842941609,3.402936672129509 -76.49809574115415,3.4029314443259837 -76.49810305379201,3.40292621742676 -76.49811043572306,3.402920919086444 -76.49811774836078,3.4029156912827694 -76.49812506009853,3.402910463479016 -76.49813237183781,3.4029051660412257 -76.49813968447529,3.402899938237381 -76.49814699621443,3.402894639895139 -76.49815430885339,3.4028893415528625 -76.49816162059072,3.402884114653163 -76.49816893322952,3.402878816310772 -76.49817624496835,3.402873517968304 -76.49818348651557,3.402868219624143 -76.49819079915413,3.4028629212815837 -76.49819811089269,3.4028576238432824 -76.49820535333957,3.402852325498975 -76.498212665078,3.402847027156224 -76.49821990662646,3.4028416582734655 -76.49822721926462,3.4028363599306215 -76.4982344608129,3.402830991047751 -76.49824177255101,3.4028256927047735 -76.49824901499903,3.4028203238218113 -76.49825625654545,3.4028150263814285 -76.49826356918483,3.4028096574999855 -76.49827081073273,3.4028042886168355 -76.49827805228054,3.4027989197336286 -76.49828529382827,3.402793550850366 -76.49829253627583,3.40278818196707 -76.4982997778234,3.402782813083697 -76.4983070193709,3.402777444200267 -76.49831426181821,3.402772075316803 -76.49832143317403,3.402766706431638 -76.49832867472128,3.4027613375480423 -76.49833591716997,3.4027558981260935 -76.49834315871708,3.4027505292423856 -76.49835033007419,3.402745089818681 -76.49835757162113,3.402739720934863 -76.49836474387797,3.4027342815110697 -76.49837198542637,3.402728842088823 -76.49837915678317,3.4027234026648983 -76.49838632813827,3.4027180337792373 -76.49839357058632,3.402712594356845 -76.49840074194287,3.402707154932756 -76.49840791329936,3.4027017155086123 -76.49841508465737,3.402696205546095 -76.49842225601368,3.402690766121842 -76.49842942826983,3.402685325793219 -76.49843659962598,3.402679886368856 -76.49844377098367,3.402674376406121 -76.49845094233967,3.40266893698165 -76.4984581136972,3.4026634270188043 -76.4984652859529,3.4026579875942446 -76.49847245731027,3.4026524776312903 -76.49847955847606,3.402646966762329 -76.49848672983327,3.4026414567992656 -76.49849390118878,3.402636017374467 -76.49850100235433,3.4026305074096825 -76.49850817371127,3.4026249974464555 -76.49851527577816,3.402619416038928 -76.49852237694346,3.4026139060739817 -76.49852954830017,3.4026083961105913 -76.4985366494653,3.402602886145538 -76.49854375063036,3.402597376180431 -76.49855085179695,3.4025917947726123 -76.49855795296183,3.4025862848073984 -76.49856512431974,3.402580704305418 -76.49857222548609,3.4025751228974395 -76.49857932665073,3.402569612932063 -76.4985863576254,3.402564032426708 -76.49859345969138,3.402558451922926 -76.4986005608574,3.4025528705147337 -76.49860766202332,3.4025472900108236 -76.49861476318917,3.4025417095068615 -76.49862179416344,3.402536128096903 -76.49862889532912,3.402530547592834 -76.49863592630321,3.402524967087108 -76.49864302746875,3.402519385678594 -76.49865005844427,3.402513734634443 -76.49865715960965,3.402508153225823 -76.49866419058502,3.402502502181567 -76.49867122155871,3.402496921675577 -76.49867832272543,3.402491269728477 -76.49868535369897,3.402485689222381 -76.49869238467403,3.4024800372735764 -76.49869941564899,3.402474386229057 -76.49870644662388,3.4024687342801467 -76.49871347759868,3.402463083235521 -76.4987205085734,3.4024574321908427 -76.49872753954806,3.4024517802417753 -76.49873449943122,3.402446129195376 -76.49874153040571,3.4024404772462042 -76.49874856138169,3.402434755662997 -76.498755592356,3.402429103713718 -76.49876255313875,3.4024234526671324 -76.4987695841145,3.4024177301794296 -76.49877654489707,3.4024120791327404 -76.49878357587265,3.402406356644933 -76.49879053665667,3.402400634155483 -76.498797497439,3.402394983108638 -76.49880042843691,3.402392597532908 -76.49880452841433,3.402389260620674 -76.49881148829819,3.402383539035385 -76.49881844908187,3.4023778165457284 -76.49882540986546,3.4023720949603558 -76.49883237064898,3.402366372470595 -76.49883933143242,3.4023606499807832 -76.49884629221577,3.402354928395256 -76.49885325210073,3.4023491353670012 -76.4988630962509,3.402338184967498 -76.49886907257556,3.40233147401442 -76.49887511909161,3.4023247630628872 -76.4988810963176,3.4023179806670942 -76.49888707264358,3.4023111991755797 -76.4988930489695,3.402304416779689 -76.49889895510388,3.4022976343821765 -76.49890486123815,3.4022908528889646 -76.49891083756539,3.4022839999546397 -76.49891674369948,3.4022772184613506 -76.49892257964362,3.402270365523786 -76.49892848577915,3.4022635125877665 -76.49893439191456,3.402256660556045 -76.49894022785844,3.4022498076183694 -76.49894606380381,3.4022428841423373 -76.49895189974754,3.402236031204587 -76.49895766550124,3.40222910863124 -76.49896350144637,3.402222185155097 -76.49896926719994,3.40221526167734 -76.49897503205354,3.4022083381995256 -76.49898079780694,3.402201414721696 -76.49898656356183,3.4021944207055106 -76.49899225912358,3.4021874981303712 -76.49899802397842,3.4021805041140922 -76.49900371954158,3.402173510096225 -76.49900941510468,3.40216651607832 -76.49901511066925,3.402159451522062 -76.49902073514082,3.4021524575024937 -76.49902643070523,3.4021453929461645 -76.49903205517663,3.402138398926527 -76.4990376805494,3.4021313343685557 -76.4990433059221,3.4021242698105487 -76.49904886020495,3.402117133808259 -76.49905448557749,3.4021100692501838 -76.49906003986014,3.4021029341521634 -76.49906559414116,3.4020958695924297 -76.49907114932354,3.402088734494362 -76.49907670360597,3.402081599396242 -76.49908218859674,3.4020744633921995 -76.49908767268754,3.4020673282924427 -76.49909315677981,3.402060122654333 -76.49909864177033,3.4020529875545304 -76.49910412586246,3.402045781012017 -76.49910953976303,3.4020385753722415 -76.49911502475487,3.4020313697340203 -76.49912043865528,3.4020241631898434 -76.49912585255717,3.4020168870116505 -76.49913119626598,3.4020096804658433 -76.49913661016771,3.4020024042875865 -76.49914195387791,3.401995127203396 -76.49914729758648,3.401987921561832 -76.49915264129804,3.4019805748435954 -76.49915798590791,3.401973297759331 -76.49916325942631,3.4019660215777887 -76.49916860313768,3.4019586739551215 -76.49917387665596,3.401951396869181 -76.49917915017568,3.4019440501492277 -76.499184352604,3.4019367025233245 -76.49918962612357,3.401929355803309 -76.49919482945164,3.4019220081773653 -76.49920003278116,3.4019145900130714 -76.49920523610905,3.401907243291406 -76.49921043943841,3.401899825127053 -76.49921557167637,3.4018924069610903 -76.49922070481415,3.401884988795118 -76.4992258379518,3.401877571533455 -76.49923097108942,3.401870153367425 -76.49923610332705,3.4018627352013464 -76.49924123646606,3.4018552464969396 -76.49924629941351,3.4018477586952827 -76.49925136145947,3.4018403405275603 -76.4992564244068,3.4018328518215086 -76.49926141626271,3.401825363113853 -76.49926647921143,3.401817803869426 -76.49927147106717,3.4018103151617147 -76.49927646382274,3.401802826453997 -76.49928145567988,3.4017952672079095 -76.4992863782454,3.401787707960262 -76.4992913701024,3.40178014871412 -76.49929629266776,3.401772589466418 -76.49930121433316,3.4017650302186686 -76.49930613599848,3.4017574709708924 -76.49931105856516,3.4017498411847895 -76.49931591003889,3.4017422819354066 -76.49932076151408,3.4017346521476783 -76.49932561298921,3.401727022359924 -76.49933046536414,3.4017193925721623 -76.49933524664769,3.401711761878468 -76.49934009812257,3.4017041320906345 -76.49934487940597,3.4016965023012253 -76.49934966069083,3.401688801973471 -76.49935437178262,3.4016811721824616 -76.4993591530673,3.401673471854656 -76.49936386416051,3.401665770620938 -76.49936857525363,3.4016580702915338 -76.49945914188383,3.401497770333678 -76.49953248237156,3.4013568978711772 -76.4996058217031,3.401226905486405 -76.49968991984716,3.4010666053637952 -76.4997955341623,3.400871617121986 -76.49985375784252,3.400748122958831 -76.49999178855737,3.4004794481660308 -76.50014486876402,3.4001761556326677 -76.50023332587949,3.4000114749397405 -76.50030448656453,3.399872863210222 -76.50041657014816,3.3996669949458007 -76.50053301399757,3.3994438873723976 -76.50061282180131,3.399296516385037 -76.5006882715108,3.399144904861869 -76.50078101820392,3.398980224202566 -76.50089310287606,3.3987549270906223 -76.50100743708326,3.398536129483692 -76.50110229338975,3.398351949508069 -76.50118639099342,3.3981937681048344 -76.50127695824149,3.398016158940322 -76.50138475250039,3.3978124798678264 -76.50146238149948,3.3976607977830167 -76.50154437054924,3.397502687746344 -76.50161335035499,3.3973683144975295 -76.5017039162541,3.3972058240038665 -76.50178372471909,3.3970520230705197 -76.50188075902156,3.3968852235166285 -76.50201225074787,3.3966273569213254 -76.50210928628013,3.396438867710556 -76.50219774374104,3.3962677569802984 -76.50226243427124,3.3961463834511347 -76.50235082169117,3.3959643935232267 -76.50243274148521,3.3957889020343166 -76.5025362462015,3.3955961037296114 -76.50260093562315,3.395481300188012 -76.50268292230514,3.3953339290538893 -76.50281012365991,3.3950870128831387 -76.50290068918473,3.394922331961292 -76.50299990706094,3.3947078429864894 -76.50312282163597,3.3944370467535543 -76.50321985782656,3.3942376764299524 -76.50327160989364,3.394148872312232 -76.50338804696626,3.3939798835402852 -76.50349583480607,3.3938347040008763 -76.5036359670674,3.393639718623616 -76.50378263684365,3.3934491139502425 -76.5039529340118,3.393197750833521 -76.50415346292162,3.3929291506207853 -76.50431300249787,3.3926907862026963 -76.50450495342463,3.392428687051594 -76.50459980617143,3.3922748164818977 -76.50469465766916,3.3921405157689346 -76.50477664038293,3.392034334310337 -76.50485426273377,3.391954222114907 -76.5049318840687,3.391880538849404 -76.50505478460035,3.3917570508150794 -76.505130226358,3.391685557803891 -76.50520784761606,3.3916140657257055 -76.5054105477827,3.391427775375306 -76.5059452471505,3.3909381354268695 -76.50628589339074,3.390619667166084 -76.5067085184081,3.3902405876339423 -76.5068766973008,3.3900846035400356 -76.50702765269102,3.3899112368995215 -76.50715055142015,3.389815938605576 -76.5072777380792,3.389718450048848 -76.50754076144955,3.389486664647572 -76.50786846865441,3.3892028145912456 -76.50805176244155,3.3890468313907816 -76.50812073336624,3.3889970276917283 -76.50817466115474,3.3889363428030905 -76.50822859106462,3.388849728740146 -76.50827387092606,3.388795542305991 -76.50835577743572,3.388756550112003 -76.5085498179756,3.3887002566203406 -76.50881071764,3.3886438987940872 -76.50912765018573,3.3885703057901493 -76.50914262505425,3.388570519391262 -76.50915162384491,3.388569672133305 -76.50916048226202,3.3885681891241775 -76.50916920030555,3.388566070363885 -76.50917777707645,3.3885632453140766 -76.50918607309278,3.3885597836071177 -76.50919408835449,3.388555687051688 -76.50920182196091,3.3885510243774553 -76.50920913353104,3.3885457964871084 -76.50921602396556,3.388539933746662 -76.50922375855387,3.3885282054815513 -76.50922924249362,3.3885210703212834 -76.50923514847199,3.388514288761992 -76.50924147648976,3.3885077893609905 -76.50924808526447,3.3885017131932975 -76.5092550458873,3.388495991530076 -76.50936479175026,3.3884663269152813 -76.50942046192569,3.3884554691767415 -76.50950926657949,3.3884381485134343 -76.50962067896745,3.388411578532274 -76.51000194923267,3.3883206525264447 -76.51000293724313,3.38832576566284 -76.51001538559022,3.388377776975412 -76.51040681434948,3.3895121706667806 -76.51042294779234,3.3895589250965794 -76.51045931350862,3.389664315187115 -76.51062435164621,3.3900745317232337 -76.51091086940949,3.3905546330520875 -76.51093309614633,3.3905846599990213 -76.51117618474723,3.3909130663010227 -76.51144061660865,3.391270305740702 -76.51257397621505,3.3927422655428896 -76.51270411937534,3.392911290035318 -76.5131699710488,3.3935283576701516 -76.5132153354826,3.3935880958493763 -76.51334075271119,3.3937532514608213 -76.51348863714674,3.3939479926267397 -76.51402564923278,3.3946660206098636 -76.51443703031299,3.3952156833412164 -76.51490507095517,3.3958247693461048 -76.51523516539737,3.396225876610127 -76.5155061418499,3.3965081399238963 -76.51585348893873,3.396815167013028 -76.51617629017119,3.397096830811557 -76.5163018390824,3.39720638011799 -76.51774789487197,3.3984295399886446 -76.51831449333295,3.3989148415709014 -76.51884167733996,3.3993555742777315 -76.51896608576514,3.3994775669143764 -76.51908613696894,3.3995952856287177 -76.51914468271748,3.3996526939683975 -76.51946985333674,3.4000389441904817 -76.52005130610291,3.4008377080317125 -76.52009587579785,3.4008989344174885 -76.52016546871327,3.4009945373938475 -76.52024299776586,3.401101041252062 -76.52025567450639,3.401118455179387 -76.52044781802451,3.4013858569719595 -76.52079762245714,3.4018414314380077 -76.52132232659176,3.402549550937577 -76.52154895995061,3.4028466644820328 -76.52182978774199,3.4032378624591564 -76.52208105688229,3.4035498322968274 -76.5220996099972,3.403576587995665 -76.52204053431709,3.4038579754039757 -76.52195779695022,3.4042234653208925 -76.52187446289928,3.4045943387495847 -76.52183874924235,3.404893429417176 -76.52179708195195,3.4052583214899137 -76.52175541551537,3.4056112491738797 -76.52168993961993,3.4059402499221583 -76.52158279582171,3.406227378077785 -76.52146232990607,3.4065008679198017 -76.52078320563854,3.407222865076493 -76.51944354155552,3.408560935613189 -76.51839095097604,3.4095464553465837 -76.51833919595676,3.409595528190216 -76.51822249697203,3.40970617991809 -76.51782478342807,3.410083283017675 -76.51618608178363,3.411661715449743 -76.51510158641933,3.412687293496108 -76.51506786426523,3.4127198123679685 -76.51401310112958,3.4137369093549865 -76.51382138935564,3.4139197966722277 -76.51259368086046,3.4150909898978754 -76.51166068859627,3.4159883690764854 -76.51155260922206,3.4160916044893046 -76.51012563444934,3.417454617876729 -76.50950363879403,3.4180315002386004 -76.50887366405063,3.418664472697467 -76.5081280642646,3.4193455132743296 -76.50804171805187,3.4194281387196255 -76.50796060304782,3.419505758719794 -76.50794859273792,3.4195175484047673 -76.50726683303542,3.420186802003233 -76.50666077915041,3.4207797102586075 -76.5065457198316,3.4208889335103656 -76.5065454156585,3.4208892219894427 -76.50601086801684,3.4213966538281024 -76.50478884729566,3.422597037014178 -76.50458344767489,3.4227987993397795 -76.50348696544874,3.4238484009770858 -76.50273023334421,3.424567620856657 -76.50280557060945,3.4246503392562384 -76.50288303367005,3.4247226370136103 -76.50315431765371,3.4249094671779003 -76.50341605104056,3.4251433054361042 -76.50299651714126,3.4256049718002823 -76.50284351626705,3.4257767830553836 -76.50266351351564,3.425993807916003 -76.50263651275864,3.426029979080479 -76.50251951271916,3.4261565759159445 -76.50247451245286,3.4262108325706886 -76.50236651167218,3.4263283870916608 -76.502204509121,3.42652732636978 -76.50218650961,3.4265454118586773 -76.50216630343947,3.426567234025111 -76.5019685818495,3.4267915256595383 -76.50188141338633,3.426891388984988 -76.50186387485532,3.426897262310025 -76.50185483954598,3.4269063398674744 -76.5017612932572,3.427012077629485 -76.50172727664439,3.42705159557995 -76.50166721600921,3.427117280908301 -76.50160928098353,3.427181897348673 -76.5014402689959,3.427275344540482 -76.50138233030981,3.42738695935897 -76.50126291607694,3.4276180213752556 -76.50087607984575,3.4283644730863916 -76.50059889673129,3.4288992858597807 -76.50055736660245,3.428982420683645 -76.50053334450685,3.4289703481854708 -76.50042245717518,3.4289146197028857 -76.49988253278144,3.428634223902243 -76.49948658901951,3.4284261887969296 -76.49900669941282,3.4281850076843257 -76.4986712326627,3.428743392828698 -76.4985746608743,3.4289041355905474 -76.49811210286724,3.429737441432474 -76.49794151355735,3.4300556238160884 -76.4972228661584,3.431396042647023 -76.49670447264675,3.4323896002918057 -76.49588011225963,3.4339559313616346 -76.49575142635683,3.4342004407937616 -76.49530032481502,3.435064785897653 -76.49480634886832,3.4360112795580844 -76.49357944550933,3.438538835969586 -76.49332940332613,3.439013339733019 -76.49284071516959,3.4399832863863753 -76.49241162483362,3.440821512468792 -76.4919706147479,3.4416717113947923 -76.49167263380401,3.442258468538465 -76.49096939875592,3.4436235755442572 -76.49081695000947,3.4439371802384113 -76.49085884032377,3.4439244584388935 -76.49039802858188,3.44492927487906 -76.49037192434241,3.444985017354494 -76.48993871969284,3.445932801530318 -76.48979239235577,3.446250019060493 -76.48973463128128,3.446385417163239 -76.48960756533019,3.446582707602912 -76.48937268602766,3.4469618140542844 -76.48887982635217,3.4477238947481856 -76.48871040134047,3.4480217657553935 -76.48772850636723,3.4497587039631306 -76.48728761454277,3.4505401320273585 -76.48677416147125,3.4514870535562165 -76.4866585786801,3.4523087150060925 -76.48639336656694,3.4522995065627495 -76.48549932248444,3.4521636751091442 -76.48538233344424,3.4521365325394098 -76.48507636198435,3.4520641516035564 -76.48489637894691,3.452018914457604 -76.48387947472274,3.451774631538767 -76.48315054466389,3.4515936823931255 -76.48283999266668,3.4515038061695407 -76.48255660409936,3.4514217914267102 -76.48252293158798,3.4514114227627783 -76.48155770783953,3.451114203202402 -76.48079278715694,3.4508789887773808 -76.47891369341639,3.4503110327278392 -76.4788759853099,3.4503090342947353 -76.47877699241572,3.450309022699066 -76.47845301736803,3.4502908981149627</coordinates>
                        </LinearRing>
                    </outerBoundaryIs>
                </Polygon>
            </Placemark>
            <Placemark id="nur_upu_unidades_planificacion_urbana.10">
                <ExtendedData>
                    <SchemaData schemaUrl="#nur_upu_unidades_planificacion_urbana_1">
                        <SimpleData name="upu">10</SimpleData>
                        <SimpleData name="nombre_upu">ESTADIO</SimpleData>
                        <SimpleData name="area_ha">656.903713098</SimpleData>
                        <SimpleData name="estado">Adoptada</SimpleData>
                        <SimpleData name="url1">http://idesc.cali.gov.co/download/upu/acuerdo_0423_2017_upu_10.pdf</SimpleData>
                    </SchemaData>
                </ExtendedData>
                <Polygon>
                    <outerBoundaryIs>
                        <LinearRing>
                            <tessellate>1</tessellate>
                            <coordinates>-76.51827029884592,3.4459124164686896 -76.51838101702461,3.4449002596073344 -76.51839178327945,3.44473007070186 -76.51840254683059,3.4445599143517653 -76.51849286559231,3.4437436159336654 -76.51858908396693,3.4430077103269237 -76.51865316745493,3.442325174971762 -76.51884807258774,3.440537536709557 -76.51884878354132,3.440531015538387 -76.51908162030988,3.4383954544410837 -76.5190819694855,3.4383922539936527 -76.51935830340813,3.435904274535179 -76.51938055066874,3.4356719495192003 -76.51952721636103,3.4356535364872287 -76.52010317270776,3.4355721882213324 -76.52036415364041,3.4355360338279883 -76.52099410694379,3.435445644376613 -76.52106317142918,3.4354360764587186 -76.52151606775368,3.435373335029377 -76.52182204553489,3.43531909616547 -76.52216402101226,3.435246773118809 -76.52223601650115,3.435228691683509 -76.52230801108743,3.435210609338423 -76.52260499306138,3.4351111524910833 -76.52284797881818,3.4350207354335054 -76.52309096538157,3.434912231576208 -76.52332495267913,3.4348037276828243 -76.52362193782005,3.434640966935759 -76.52377493214642,3.434541500226619 -76.52397292328237,3.4344149059389895 -76.52414391764783,3.4342883099031805 -76.52423391396808,3.434225442772831 -76.52508887977304,3.4336282059631746 -76.52535600929802,3.433442764043755 -76.52558385916981,3.433284589823146 -76.52593484537381,3.4330404413595574 -76.52625883123058,3.432814377857109 -76.5265558185773,3.4326063993435705 -76.52686180582451,3.4323893782123758 -76.52720379135341,3.432154271801985 -76.52743824957534,3.4319903093319932 -76.52751543699063,3.431936330709147 -76.52808571573303,3.4321091117011386 -76.52871566134957,3.4321001083643283 -76.52882937678757,3.432091952978036 -76.52884165076904,3.4320910729515934 -76.52893164262345,3.432091078495407 -76.52909362796133,3.4320910888145764 -76.52924661501365,3.4320910982839488 -76.52940860116817,3.4320820651803365 -76.52955258813365,3.432082073779779 -76.52964257998707,3.432082080160755 -76.52979556703772,3.432082089541951 -76.52981720554902,3.432078990169308 -76.5298610620524,3.4323451632268784 -76.5310374184095,3.4327242472373456 -76.53122639842907,3.432778518918951 -76.53167635058814,3.4329141968646715 -76.53199131733592,3.4330227370765893 -76.53236927683129,3.433140323391036 -76.53251326181619,3.4331855492912386 -76.53286617831071,3.433290354728376 -76.53308020257552,3.4333574076142326 -76.53324682161261,3.4334105722786914 -76.53364714275958,3.433538308062727 -76.53380012628743,3.433592577916893 -76.53427707614672,3.433746342798887 -76.53433337866687,3.4338036136402463 -76.53433837239646,3.4338086932282046 -76.5344210734809,3.433574526654911 -76.53442107770715,3.4334931363358927 -76.53440308430785,3.433402701101083 -76.53433110587001,3.43314043811846 -76.53426812370917,3.4329233927481786 -76.53424113255682,3.4328058275318507 -76.53423213555037,3.4327696532810292 -76.53421414076797,3.4327063481479914 -76.53420514517842,3.4326430437899704 -76.53399821002232,3.431829126336677 -76.53396221975244,3.4317115603320554 -76.53380027154112,3.4310694698181514 -76.53377328335344,3.4308976434634424 -76.53363832485579,3.430391204885312 -76.5335663386666,3.4302555499032175 -76.53341336520843,3.430038499355275 -76.53290115382784,3.429301950804336 -76.53302013860197,3.428791271075543 -76.53315939105252,3.4282742326660283 -76.53323810065052,3.427957926197601 -76.53330470069339,3.42769028316056 -76.5333440490774,3.4275265081088007 -76.53334237959285,3.427515687739029 -76.53340008229439,3.4272606150965537 -76.5334479427981,3.4270869745121915 -76.53325050132722,3.4269904355665703 -76.53336529103116,3.4266747797217096 -76.53336848920871,3.4266661360256276 -76.53357038351416,3.4260382222602512 -76.53401333649676,3.4246605861588004 -76.53479879477203,3.422293591868283 -76.53512370171896,3.4212845873238775 -76.53528431788817,3.420787373084471 -76.5352914394233,3.420765327948866 -76.53545672571742,3.4202536586792562 -76.53584375039398,3.4190961245507623 -76.53622177524154,3.4179476337608543 -76.53647425702448,3.4171736987467636 -76.53659510176398,3.4168032729848155 -76.53675280908125,3.4163198505542858 -76.53692215661374,3.415790493895212 -76.53707683003066,3.415307008150897 -76.53723883921457,3.4148186731935173 -76.53740984932459,3.4142941645570763 -76.53776986890554,3.4131999327055462 -76.53794987949857,3.412639251210179 -76.53821989324503,3.4118253599159356 -76.5384629060791,3.411065726562984 -76.53847246699665,3.4110382661826972 -76.53868139351277,3.410397093447135 -76.5387180082796,3.410285459549701 -76.53871818734908,3.410284912422244 -76.53971379241158,3.410604578990628 -76.54019973008471,3.4107673851367997 -76.54049669308952,3.410857834437574 -76.54138757941831,3.41115631190281 -76.54148656728697,3.411192490471706 -76.54159455204326,3.4112557998551223 -76.54170253681363,3.411319108321862 -76.5422604524137,3.4117893928218446 -76.54236909855791,3.411885739349788 -76.54240733034591,3.411905747844703 -76.54247848114825,3.4118764411711826 -76.54256027044457,3.4118420862376566 -76.54270919699637,3.411779530703482 -76.54275276868874,3.4117558414854092 -76.54300848042311,3.4114794754914226 -76.54327656517307,3.4111839543679534 -76.54367018934329,3.4107048117039134 -76.54385835043489,3.4104974308578764 -76.54410279557227,3.410215920068053 -76.54425828249516,3.4100253307746624 -76.54427431999393,3.410005671894481 -76.544386775707,3.4098949529026004 -76.54451765113811,3.409810026945027 -76.54466938399138,3.409709771928525 -76.54493665498607,3.4095512230896747 -76.54504741711554,3.4094820945345305 -76.54513706358576,3.409430587519919 -76.54518821120317,3.409401200672039 -76.54526657851143,3.4093561744159104 -76.54542181640119,3.409259276090092 -76.54552600682128,3.409202075858792 -76.54554531570697,3.4091940584058853 -76.54564219668859,3.409153834571797 -76.54575529474,3.409114894460902 -76.54580992797878,3.4090991539378463 -76.54586238912874,3.4090935320987983 -76.54592192006179,3.4090952704710156 -76.5460069551737,3.4091045123537578 -76.54605751610114,3.4091125984988895 -76.54612991072791,3.4091356978668004 -76.54620919899794,3.4091749647866045 -76.54626435616498,3.409200372473934 -76.5463080208253,3.409228667111303 -76.54636317799795,3.4092540747928757 -76.54641603683609,3.4092794834375573 -76.54648383409436,3.4093095110302833 -76.54655393050125,3.4093360740397642 -76.54663896427557,3.409361483607892 -76.54674123636187,3.409382275151795 -76.5468607457343,3.4093938284069094 -76.54697450893444,3.409393255547057 -76.54707908047273,3.4093886414447527 -76.5471595192742,3.4093770971600743 -76.54722111150798,3.409364923069831 -76.54728015948551,3.409343864837282 -76.54734968389181,3.409316586276762 -76.54741118940898,3.409292866502937 -76.54740440748664,3.409249689110228 -76.5474042652777,3.4092487811595977 -76.54739000569185,3.40915800147113 -76.54736041831919,3.4089753017535402 -76.54760692251885,3.409005440915169 -76.54817239393759,3.4090857290431913 -76.54878259222504,3.4091692286316526 -76.54969629227337,3.409300899031577 -76.54966433712208,3.4094871093707826 -76.54961320500908,3.4098787929444097 -76.54958763726543,3.410093898468706 -76.54958414066019,3.410227234959994 -76.54964734970413,3.410234065311759 -76.54979558642214,3.410267560165916 -76.54991394538789,3.4102929711376855 -76.55000012929668,3.4103149158546158 -76.55008631327978,3.410339170241015 -76.550136875204,3.410347255265612 -76.55018283958474,3.410356496172597 -76.55023340143984,3.410362271514824 -76.55026902406829,3.4103674703503866 -76.55029545411307,3.410368626178134 -76.55036210417127,3.41036862862986 -76.55042070938916,3.410376714293666 -76.55047012124815,3.4103848002407977 -76.55055170907517,3.4103963515036835 -76.55062985011456,3.410402128674616 -76.55070799101097,3.4104032864846765 -76.55076659598143,3.410403289161263 -76.55082750030006,3.410406755373191 -76.55088150880769,3.410413687219618 -76.55093092148151,3.4104188855941886 -76.5509676931586,3.410420041979974 -76.55097377379546,3.410420825847415 -76.55110500421202,3.410422722591234 -76.55121869613033,3.4104125496894753 -76.55149489058839,3.4104251029634765 -76.55157822577739,3.4104286895846423 -76.55162108371782,3.4104376610305147 -76.5518407303907,3.4104783300705876 -76.55187737184315,3.410487448210434 -76.55196811471764,3.4105100292541763 -76.55210145047347,3.410526176338053 -76.55226811950422,3.41054650847807 -76.55239014638505,3.410566842976962 -76.55242362078837,3.4105663860787523 -76.55256574346826,3.4105644442531085 -76.55267705479122,3.410570422720174 -76.55277705728814,3.410609301341617 -76.55289156499605,3.410667354124792 -76.55293756726037,3.410704917834424 -76.5529634432017,3.410739592865139 -76.55299219432064,3.4107742668934846 -76.55301807026576,3.4108089410183027 -76.55305832248082,3.410855173892912 -76.55309857450541,3.4108956271468034 -76.5531388259253,3.4109447493752088 -76.5531647019776,3.4109823128531467 -76.55320207873798,3.411019876843012 -76.55323945596213,3.4110444391756887 -76.55329120900215,3.411093561005124 -76.55334008657698,3.411134014858169 -76.55346552584805,3.411203702399318 -76.55352981462046,3.4112563407522405 -76.5535893430942,3.411366403770953 -76.55359419476017,3.411375486766264 -76.55364839555132,3.4114769461007204 -76.55370649353696,3.411543941007519 -76.55378840065147,3.411572650875639 -76.55386554464724,3.411576476256484 -76.5539274496592,3.411551589456913 -76.5540084022325,3.4115353167044735 -76.55406751132556,3.411538563922691 -76.55413651739809,3.411538566028755 -76.554170310099,3.411555409932342 -76.55421031091974,3.4115640223398604 -76.55431285163739,3.411561097724189 -76.5544455524473,3.4115573138154565 -76.55450364924373,3.4115630543000877 -76.55456174567901,3.4115841088266574 -76.55469222569594,3.411635787056079 -76.55481318232894,3.4116941649376837 -76.55483604014572,3.4117046924134007 -76.55485984981902,3.411708519620516 -76.5549005421757,3.411728430762702 -76.55496937757813,3.4117621130433253 -76.55503223722378,3.4118090088040627 -76.55506080957792,3.411824320916576 -76.55509795309986,3.4118291053305265 -76.55520013858492,3.411831858061074 -76.55523986018672,3.41183292826363 -76.55528462357097,3.4118491974762586 -76.55530606435885,3.4118681941093767 -76.55537319900331,3.4119276753524015 -76.55546367808745,3.411965956269053 -76.55556939351699,3.4119582953892444 -76.55564198408786,3.4119381495283907 -76.55564198232885,3.411988911780898 -76.55564197222856,3.412256347785979 -76.55564557783819,3.4123228146247255 -76.55565244805996,3.412705550646809 -76.55559507425149,3.413134395741748 -76.55546886977324,3.413616269148187 -76.5554367466284,3.4137084937130084 -76.55533807887517,3.4140370429732196 -76.5551751621909,3.4146065289410172 -76.55498012121684,3.4152440294156667 -76.5549115458365,3.415443856914602 -76.55482028009338,3.4157909348098365 -76.5547509838056,3.416117540431479 -76.55474207084767,3.416159549015562 -76.55476061907953,3.4161686016712185 -76.55530523251217,3.416391551779976 -76.55561787927202,3.416452350712513 -76.55589018428107,3.4165131510329005 -76.55603137866532,3.41652328071411 -76.55637430409801,3.4172023129202027 -76.5561927728061,3.4173036696554333 -76.55579945371859,3.417536788853738 -76.55552715686429,3.417709094043405 -76.55537588438287,3.417901664568213 -76.55526494988331,3.4180131534608087 -76.55520444155424,3.4181246405151278 -76.55517419273842,3.4183172066155736 -76.55440770509516,3.418205748287174 -76.55433712701152,3.4187631759896195 -76.55425646430515,3.4193408738465667 -76.55408502080778,3.4195334439721745 -76.55375221343587,3.419786830921764 -76.55343957765267,3.4200503510626876 -76.55333790065714,3.4200213398062767 -76.55333328536597,3.4200311330300335 -76.55333291909932,3.4200310019137254 -76.55322013679563,3.4206266663346607 -76.55313782952135,3.4212422386764763 -76.5530829576684,3.4216709957545186 -76.55297320554664,3.422710732885549 -76.55284516763025,3.4237688440158474 -76.5528210599662,3.4239314672216317 -76.55219490823092,3.423736162245334 -76.55206892196767,3.423690940520299 -76.55181694976935,3.4236095394851236 -76.55142999169166,3.4234919602346623 -76.55120501568233,3.423428647615882 -76.55075506588437,3.423283935478732 -76.55034111110193,3.423148267184518 -76.55022412500077,3.4231030458376535 -76.54960319242713,3.4229221523095656 -76.54906325312406,3.422750304757304 -76.54893726713327,3.4227050826157015 -76.54835233233113,3.4225241899114156 -76.54824434395154,3.422488011428228 -76.54763241277468,3.4222980738832933 -76.54744823038918,3.4222425383234043 -76.54739843206902,3.4223704111694015 -76.5470654250085,3.4232837800480604 -76.54702942437882,3.4233922987736483 -76.54668741685566,3.4243147102214517 -76.54664643990287,3.424433081818495 -76.54661541428342,3.424522705173716 -76.54649841247878,3.424830175698193 -76.54643540960384,3.425029127925233 -76.54621040259089,3.425662155407056 -76.5460213976993,3.4261776207787467 -76.54596739617814,3.4263313567872205 -76.54585939284703,3.4266297836157706 -76.54581439149877,3.4267563892674597 -76.54568838979829,3.4270548156467053 -76.54561638856826,3.42722663703733 -76.5455443879781,3.427389415052732 -76.54540938940178,3.4276426238772086 -76.54519339001052,3.4280586099980335 -76.54509150989044,3.428275391228026 -76.54504038939007,3.428384165282181 -76.54473439052352,3.4289629288195895 -76.54466239145012,3.429089533288144 -76.54419439181257,3.4299938511604036 -76.54387039198481,3.4306178307942576 -76.54365439216724,3.431033816549794 -76.54359139175776,3.431151377347073 -76.54342039243606,3.431467888519178 -76.54327639402575,3.4317030096020726 -76.54311439347532,3.432010478037993 -76.54279939705387,3.4325259357504474 -76.542682400127,3.4326706251372454 -76.54262886090335,3.4327342030688217 -76.54258340272679,3.432788183987837 -76.5421964126905,3.4332855518998224 -76.54177342214908,3.4338371788562223 -76.54153942712792,3.4341446422870763 -76.54100843901482,3.43482287028879 -76.54093644024012,3.434922344361596 -76.54054944849506,3.4354197115922864 -76.5404684504112,3.4355191849136495 -76.54018945597316,3.435880906442542 -76.54011702667704,3.435970807151563 -76.54003645867564,3.4360708103680513 -76.53950546988331,3.4367309507801664 -76.5393794727201,3.436875638124754 -76.53863782475447,3.437745045722671 -76.53860365540031,3.4377851021605497 -76.5377780430255,3.438752935968974 -76.53751512645317,3.439061143184529 -76.5368941554634,3.4397890809373357 -76.53608350530767,3.4405272530612243 -76.53581903852825,3.4406969217688834 -76.53482479573204,3.4412212065418277 -76.53471188091824,3.441277932751882 -76.53432948753768,3.4414700384833834 -76.53425836676787,3.441504066989598 -76.53425747854563,3.4415044911363295 -76.53416219038486,3.44155008283288 -76.53372403130267,3.441766201065983 -76.53326993890681,3.44199032449871 -76.53318768951291,3.442021313597798 -76.53314247556203,3.442038349188621 -76.53313998457267,3.442039183924408 -76.5331702822495,3.442092862237343 -76.53317325476372,3.4424389979803176 -76.53318293933815,3.443566752744696 -76.53292994031288,3.443558628800823 -76.53253411435931,3.443545917997155 -76.53072783060423,3.4434879122945516 -76.53027766444141,3.4434910650045465 -76.52991615659681,3.4434935971609626 -76.52981587231905,3.443518016139138 -76.52979486632474,3.4434405960785077 -76.52977618618534,3.4433147722768545 -76.52977440961043,3.4433028088238045 -76.52977057026467,3.4432769457355725 -76.52976417765548,3.4432338849008888 -76.52973728874389,3.4430527691265835 -76.52972662210082,3.442980924199504 -76.52969746343804,3.44278452425013 -76.52968339755321,3.4426897779317867 -76.5295974292311,3.4426945717383317 -76.52881673054418,3.4427025279660053 -76.52855384323382,3.442678495657968 -76.52775721377515,3.4426544285850387 -76.52712787818497,3.442606355891905 -76.52610022806635,3.442558256249273 -76.52600463227655,3.4425582504716328 -76.52553701535442,3.442606775223794 -76.52551124951228,3.442608327200259 -76.52541225567923,3.4426264072109163 -76.52533126045621,3.4426535322969745 -76.52522326651841,3.442689698163289 -76.52491728318665,3.4427891549518073 -76.52484298157624,3.442809889922133 -76.52488453355022,3.4429143388168564 -76.52518031024256,3.443626003394327 -76.52292636934354,3.44422790021253 -76.52270864049434,3.4443162281996194 -76.52010524517891,3.4451161633451886 -76.52019430575696,3.4455587213378567 -76.51871872312415,3.4458576942257753 -76.5186507406246,3.4457961702588817 -76.51854085541436,3.4457896895544864 -76.51827029884592,3.4459124164686896</coordinates>
                        </LinearRing>
                    </outerBoundaryIs>
                </Polygon>
            </Placemark>
        </Folder>
    </Document>
</kml>
