<?xml version="1.0" encoding="utf-8"?>
<kml xmlns="http://www.opengis.net/kml/2.2">
<Document><name>Colombia Bricks</name>
<Placemark><name>ANTONIO NARIÑO, CIUDAD JARDIN</name><ExtendedData><Data name="brick_id"><value>BOG-001</value></Data><Data name="nombre"><value>CIUDAD JARDIN</value></Data><Data name="zona"><value>ANTONIO NARIÑO</value></Data><Data name="ciudad"><value>BOGOTA</value></Data><Data name="departamento"><value>BOGOTA D.C.</value></Data><Data name="nombre_brick"><value>ANTONIO NARIÑO, CIUDAD JARDIN</value></Data></ExtendedData><Polygon><outerBoundaryIs><LinearRing><coordinates>-74.090362,4.581406 -74.094582,4.575797 -74.102494,4.581260 -74.098918,4.583265 -74.097372,4.584242 -74.095297,4.585220 -74.094438,4.585780 -74.093771,4.586448 -74.089850,4.591355 -74.089483,4.591683 -74.089005,4.591820 -74.084931,4.589320 -74.090362,4.581406</coordinates></LinearRing></outerBoundaryIs></Polygon></Placemark>
<Placemark><name>ANTONIO NARIÑO, RESTREPO</name><ExtendedData><Data name="brick_id"><value>BOG-002</value></Data><Data name="nombre"><value>RESTREPO</value></Data><Data name="zona"><value>ANTONIO NARIÑO</value></Data><Data name="ciudad"><value>BOGOTA</value></Data><Data name="departamento"><value>BOGOTA D.C.</value></Data><Data name="nombre_brick"><value>ANTONIO NARIÑO, RESTREPO</value></Data></ExtendedData><Polygon><outerBoundaryIs><LinearRing><coordinates>-74.089483,4.591683 -74.089748,4.591477 -74.093771,4.586448 -74.094438,4.585780 -74.095297,4.585220 -74.097372,4.584242 -74.098918,4.583265 -74.102494,4.581260 -74.102661,4.581372 -74.108882,4.589228 -74.109328,4.588826 -74.110066,4.588659 -74.112780,4.588572 -74.115054,4.588329 -74.116863,4.588447 -74.124471,4.589959 -74.125228,4.590284 -74.128031,4.592539 -74.130754,4.593353 -74.126352,4.593251 -74.122143,4.593562 -74.120902,4.593784 -74.114633,4.595385 -74.113437,4.595807 -74.111576,4.596607 -74.109095,4.597829 -74.107073,4.598244 -74.104028,4.595841 -74.103706,4.595455 -74.103615,4.595087 -74.103204,4.594661 -74.102703,4.594790 -74.099085,4.594919 -74.090716,4.592532 -74.089005,4.591820 -74.089483,4.591683</coordinates></LinearRing></outerBoundaryIs></Polygon></Placemark>
<Placemark><name>BARRIOS UNIDOS, DOCE DE OCTUBRE</name><ExtendedData><Data name="brick_id"><value>BOG-003</value></Data><Data name="nombre"><value>DOCE DE OCTUBRE</value></Data><Data name="zona"><value>BARRIOS UNIDOS</value></Data><Data name="ciudad"><value>BOGOTA</value></Data><Data name="departamento"><value>BOGOTA D.C.</value></Data><Data name="nombre_brick"><value>BARRIOS UNIDOS, DOCE DE OCTUBRE</value></Data></ExtendedData><Polygon><outerBoundaryIs><LinearRing><coordinates>-74.069328,4.672422 -74.070065,4.671683 -74.075259,4.665557 -74.075803,4.664711 -74.076272,4.663678 -74.077505,4.658486 -74.080902,4.660322 -74.082019,4.660988 -74.082382,4.661322 -74.086761,4.668717 -74.088059,4.670505 -74.089251,4.671890 -74.085543,4.678428 -74.085178,4.678943 -74.084095,4.679974 -74.079023,4.684006 -74.077577,4.681811 -74.076575,4.680780 -74.075848,4.679749 -74.075322,4.679170 -74.074520,4.678567 -74.067980,4.674473 -74.067393,4.673930 -74.069328,4.672422</coordinates></LinearRing></outerBoundaryIs></Polygon></Placemark>
<Placemark><name>BARRIOS UNIDOS, LOS ALCAZARES</name><ExtendedData><Data name="brick_id"><value>BOG-004</value></Data><Data name="nombre"><value>LOS ALCAZARES</value></Data><Data name="zona"><value>BARRIOS UNIDOS</value></Data><Data name="ciudad"><value>BOGOTA</value></Data><Data name="departamento"><value>BOGOTA D.C.</value></Data><Data name="nombre_brick"><value>BARRIOS UNIDOS, LOS ALCAZARES</value></Data></ExtendedData><Polygon><outerBoundaryIs><LinearRing><coordinates>-74.062851,4.655075 -74.063468,4.654243 -74.063835,4.653314 -74.064133,4.652387 -74.064635,4.649647 -74.078319,4.651994 -74.077871,4.656606 -74.077151,4.660098 -74.076272,4.663678 -74.075803,4.664711 -74.075259,4.665557 -74.070065,4.671683 -74.069328,4.672422 -74.068278,4.673272 -74.067393,4.673930 -74.058590,4.678924 -74.062511,4.655728 -74.062851,4.655075</coordinates></LinearRing></outerBoundaryIs></Polygon></Placemark>
<Placemark><name>BARRIOS UNIDOS, LOS ANDES</name><ExtendedData><Data name="brick_id"><value>BOG-005</value></Data><Data name="nombre"><value>LOS ANDES</value></Data><Data name="zona"><value>BARRIOS UNIDOS</value></Data><Data name="ciudad"><value>BOGOTA</value></Data><Data name="departamento"><value>BOGOTA D.C.</value></Data><Data name="nombre_brick"><value>BARRIOS UNIDOS, LOS ANDES</value></Data></ExtendedData><Polygon><outerBoundaryIs><LinearRing><coordinates>-74.057247,4.686836 -74.058590,4.678924 -74.067393,4.673930 -74.067980,4.674473 -74.074520,4.678567 -74.075322,4.679170 -74.075848,4.679749 -74.076575,4.680780 -74.077577,4.681811 -74.079023,4.684006 -74.073928,4.688061 -74.072749,4.688754 -74.071707,4.689170 -74.070436,4.689505 -74.069087,4.689659 -74.067394,4.689493 -74.065157,4.689016 -74.057247,4.686836</coordinates></LinearRing></outerBoundaryIs></Polygon></Placemark>
<Placemark><name>BARRIOS UNIDOS, PARQUE SALITRE</name><ExtendedData><Data name="brick_id"><value>BOG-006</value></Data><Data name="nombre"><value>PARQUE SALITRE</value></Data><Data name="zona"><value>BARRIOS UNIDOS</value></Data><Data name="ciudad"><value>BOGOTA</value></Data><Data name="departamento"><value>BOGOTA D.C.</value></Data><Data name="nombre_brick"><value>BARRIOS UNIDOS, PARQUE SALITRE</value></Data></ExtendedData><Polygon><outerBoundaryIs><LinearRing><coordinates>-74.077871,4.656606 -74.078319,4.651994 -74.082207,4.652775 -74.083613,4.653346 -74.084829,4.654172 -74.085455,4.654831 -74.091202,4.663132 -74.091710,4.664000 -74.092363,4.664867 -74.092902,4.665430 -74.093715,4.666065 -74.089251,4.671890 -74.088059,4.670505 -74.086761,4.668717 -74.082382,4.661322 -74.082019,4.660988 -74.080902,4.660322 -74.077505,4.658486 -74.077871,4.656606</coordinates></LinearRing></outerBoundaryIs></Polygon></Placemark>
<Placemark><name>BOSA, APOGEO</name><ExtendedData><Data name="brick_id"><value>BOG-007</value></Data><Data name="nombre"><value>APOGEO</value></Data><Data name="zona"><value>BOSA</value></Data><Data name="ciudad"><value>BOGOTA</value></Data><Data name="departamento"><value>BOGOTA D.C.</value></Data><Data name="nombre_brick"><value>BOSA, APOGEO</value></Data></ExtendedData><Polygon><outerBoundaryIs><LinearRing><coordinates>-74.160681,4.596194 -74.163311,4.595717 -74.165628,4.595657 -74.167948,4.595754 -74.171005,4.596061 -74.174745,4.596650 -74.177432,4.596918 -74.177422,4.598459 -74.178843,4.601858 -74.177923,4.601835 -74.177708,4.602069 -74.177790,4.601776 -74.177814,4.601213 -74.177751,4.601072 -74.177308,4.600901 -74.176288,4.601026 -74.175953,4.601244 -74.175821,4.601619 -74.175735,4.602151 -74.175906,4.602940 -74.175626,4.603416 -74.173870,4.603123 -74.173107,4.603217 -74.172889,4.603155 -74.172827,4.602967 -74.172905,4.602686 -74.173123,4.602358 -74.174264,4.601695 -74.174532,4.601353 -74.174562,4.601242 -74.174417,4.600798 -74.174009,4.600170 -74.173838,4.600110 -74.173345,4.600392 -74.171765,4.600841 -74.170080,4.600561 -74.169941,4.600842 -74.170171,4.601558 -74.170064,4.602061 -74.169908,4.602243 -74.169103,4.602341 -74.168996,4.602523 -74.168980,4.603627 -74.168783,4.604047 -74.168594,4.604245 -74.168126,4.604393 -74.167444,4.604410 -74.165354,4.605527 -74.164377,4.605815 -74.163531,4.606235 -74.163145,4.606343 -74.161905,4.606106 -74.159539,4.605495 -74.156979,4.604083 -74.156837,4.603990 -74.156585,4.603074 -74.156436,4.603004 -74.155425,4.602922 -74.155118,4.602765 -74.154751,4.602513 -74.153684,4.601425 -74.153492,4.600983 -74.153159,4.601008 -74.152470,4.600893 -74.152241,4.600683 -74.152150,4.600477 -74.152160,4.599759 -74.160681,4.596194</coordinates></LinearRing></outerBoundaryIs></Polygon></Placemark>
<Placemark><name>BOSA, BOSA CENTRAL</name><ExtendedData><Data name="brick_id"><value>BOG-008</value></Data><Data name="nombre"><value>BOSA CENTRAL</value></Data><Data name="zona"><value>BOSA</value></Data><Data name="ciudad"><value>BOGOTA</value></Data><Data name="departamento"><value>BOGOTA D.C.</value></Data><Data name="nombre_brick"><value>BOSA, BOSA CENTRAL</value></Data></ExtendedData><Polygon><outerBoundaryIs><LinearRing><coordinates>-74.196212,4.617473 -74.195834,4.617711 -74.195476,4.618377 -74.195231,4.618674 -74.194673,4.618855 -74.194399,4.618763 -74.194068,4.618522 -74.193646,4.617886 -74.193520,4.617870 -74.193094,4.618195 -74.192631,4.618404 -74.192328,4.618422 -74.191252,4.618209 -74.191187,4.618038 -74.191657,4.617263 -74.191795,4.616621 -74.191689,4.616084 -74.191730,4.615714 -74.192131,4.615046 -74.192169,4.614516 -74.191565,4.614216 -74.190963,4.614082 -74.189780,4.613614 -74.188819,4.612894 -74.188557,4.612770 -74.188306,4.612758 -74.187400,4.613659 -74.187234,4.613743 -74.186833,4.613694 -74.186099,4.613934 -74.185809,4.614300 -74.185757,4.615105 -74.185339,4.615162 -74.184955,4.615332 -74.184750,4.615741 -74.184062,4.616277 -74.183393,4.617127 -74.183097,4.617186 -74.182752,4.617124 -74.182426,4.616786 -74.182370,4.616521 -74.182479,4.616274 -74.182815,4.615878 -74.182979,4.615370 -74.182232,4.615005 -74.182026,4.614655 -74.181587,4.614798 -74.180530,4.616545 -74.180208,4.616920 -74.180079,4.617010 -74.179860,4.616907 -74.179498,4.616428 -74.179395,4.616144 -74.179421,4.615937 -74.179939,4.615109 -74.180219,4.614834 -74.181286,4.614713 -74.181764,4.614432 -74.181904,4.614261 -74.181433,4.613704 -74.181339,4.613218 -74.181193,4.612959 -74.180486,4.612625 -74.178935,4.611667 -74.178048,4.610955 -74.177292,4.609619 -74.177284,4.609197 -74.177674,4.608658 -74.177845,4.608088 -74.177744,4.607635 -74.177386,4.607104 -74.177379,4.606393 -74.178473,4.606087 -74.178578,4.605945 -74.178655,4.605457 -74.178495,4.605094 -74.177993,4.604901 -74.177471,4.605187 -74.176706,4.605126 -74.176583,4.605332 -74.176198,4.604686 -74.176113,4.604405 -74.176121,4.603519 -74.176283,4.603156 -74.177424,4.602362 -74.177923,4.601835 -74.178843,4.601858 -74.177422,4.598459 -74.177432,4.596918 -74.178699,4.596993 -74.181866,4.596842 -74.183944,4.596389 -74.185036,4.596673 -74.185641,4.596707 -74.187009,4.596973 -74.198218,4.599643 -74.204063,4.600768 -74.204267,4.599441 -74.213450,4.611356 -74.215911,4.614086 -74.217082,4.615895 -74.217124,4.616079 -74.217091,4.616446 -74.216963,4.616742 -74.216821,4.616854 -74.216453,4.616831 -74.216174,4.616536 -74.215902,4.616466 -74.215521,4.616793 -74.215147,4.616809 -74.214522,4.616472 -74.214186,4.616378 -74.213761,4.616543 -74.213527,4.617338 -74.213339,4.617591 -74.212895,4.617665 -74.212162,4.617617 -74.211836,4.617290 -74.212244,4.616145 -74.212211,4.615850 -74.212146,4.615621 -74.211787,4.615065 -74.211574,4.614951 -74.211060,4.615190 -74.210440,4.615518 -74.209689,4.616172 -74.209330,4.616287 -74.208922,4.616140 -74.208759,4.615812 -74.208987,4.615125 -74.208905,4.614831 -74.208677,4.614798 -74.208383,4.614896 -74.208187,4.615011 -74.208040,4.615223 -74.207665,4.616254 -74.207420,4.616631 -74.207273,4.616696 -74.207029,4.616647 -74.206686,4.616402 -74.206457,4.614847 -74.206196,4.614291 -74.205919,4.613996 -74.205567,4.613931 -74.205376,4.614553 -74.205444,4.615060 -74.205389,4.615482 -74.205237,4.615882 -74.204651,4.616773 -74.203826,4.616799 -74.203562,4.616879 -74.202809,4.617446 -74.202621,4.617806 -74.202741,4.618548 -74.202535,4.618892 -74.201884,4.619341 -74.201541,4.619289 -74.201299,4.618959 -74.200876,4.617646 -74.200537,4.617267 -74.200158,4.617196 -74.199180,4.617386 -74.198551,4.617352 -74.198514,4.617540 -74.198723,4.618169 -74.198543,4.619361 -74.198229,4.619734 -74.197697,4.619753 -74.197436,4.619431 -74.197964,4.618656 -74.197238,4.618223 -74.196669,4.617454 -74.196212,4.617473</coordinates></LinearRing></outerBoundaryIs></Polygon></Placemark>
<Placemark><name>BOSA, BOSA OCCIDENTAL</name><ExtendedData><Data name="brick_id"><value>BOG-009</value></Data><Data name="nombre"><value>BOSA OCCIDENTAL</value></Data><Data name="zona"><value>BOSA</value></Data><Data name="ciudad"><value>BOGOTA</value></Data><Data name="departamento"><value>BOGOTA D.C.</value></Data><Data name="nombre_brick"><value>BOSA, BOSA OCCIDENTAL</value></Data></ExtendedData><Polygon><outerBoundaryIs><LinearRing><coordinates>-74.177009,4.625477 -74.176561,4.624020 -74.177731,4.623208 -74.177238,4.622355 -74.179693,4.620126 -74.179707,4.619991 -74.179152,4.619244 -74.180104,4.618486 -74.180524,4.618913 -74.181023,4.619032 -74.181493,4.619039 -74.182504,4.618788 -74.183380,4.619132 -74.185235,4.618855 -74.185123,4.617423 -74.185130,4.615785 -74.185039,4.615675 -74.184785,4.615625 -74.184955,4.615332 -74.185339,4.615162 -74.185757,4.615105 -74.185809,4.614300 -74.186099,4.613934 -74.186833,4.613694 -74.187234,4.613743 -74.187400,4.613659 -74.188306,4.612758 -74.188557,4.612770 -74.188819,4.612894 -74.189780,4.613614 -74.190963,4.614082 -74.191565,4.614216 -74.192169,4.614516 -74.192131,4.615046 -74.191730,4.615714 -74.191689,4.616084 -74.191795,4.616621 -74.191657,4.617263 -74.191187,4.618038 -74.191252,4.618209 -74.191594,4.618314 -74.192631,4.618404 -74.193094,4.618195 -74.193520,4.617870 -74.193646,4.617886 -74.194068,4.618522 -74.194399,4.618763 -74.194673,4.618855 -74.195231,4.618674 -74.195476,4.618377 -74.195834,4.617711 -74.196212,4.617473 -74.196669,4.617454 -74.197238,4.618223 -74.197964,4.618656 -74.197436,4.619431 -74.197697,4.619753 -74.198082,4.619783 -74.198420,4.619568 -74.198543,4.619361 -74.198682,4.618643 -74.198723,4.618169 -74.198514,4.617540 -74.198551,4.617352 -74.199180,4.617386 -74.200363,4.617201 -74.200537,4.617267 -74.200876,4.617646 -74.201299,4.618959 -74.201541,4.619289 -74.201884,4.619341 -74.202535,4.618892 -74.202741,4.618548 -74.202621,4.617806 -74.202809,4.617446 -74.203562,4.616879 -74.203826,4.616799 -74.204651,4.616773 -74.204262,4.617845 -74.203874,4.618513 -74.203703,4.619186 -74.203746,4.619797 -74.204453,4.622347 -74.204822,4.622021 -74.205079,4.621935 -74.205095,4.621845 -74.205365,4.621635 -74.205650,4.621638 -74.205800,4.621302 -74.206000,4.621092 -74.206083,4.621042 -74.206220,4.621187 -74.206341,4.621182 -74.206631,4.620959 -74.206650,4.620823 -74.207882,4.623637 -74.195749,4.628872 -74.195499,4.628406 -74.193035,4.629484 -74.185186,4.632685 -74.182629,4.633689 -74.179949,4.634607 -74.177803,4.629681 -74.177312,4.627932 -74.177009,4.625477</coordinates></LinearRing></outerBoundaryIs></Polygon></Placemark>
<Placemark><name>BOSA, EL PORVENIR</name><ExtendedData><Data name="brick_id"><value>BOG-010</value></Data><Data name="nombre"><value>EL PORVENIR</value></Data><Data name="zona"><value>BOSA</value></Data><Data name="ciudad"><value>BOGOTA</value></Data><Data name="departamento"><value>BOGOTA D.C.</value></Data><Data name="nombre_brick"><value>BOSA, EL PORVENIR</value></Data></ExtendedData><Polygon><outerBoundaryIs><LinearRing><coordinates>-74.183652,4.642468 -74.179949,4.634607 -74.182629,4.633689 -74.185186,4.632685 -74.193035,4.629484 -74.195499,4.628406 -74.204934,4.645947 -74.201960,4.643859 -74.201623,4.643763 -74.200886,4.643837 -74.200672,4.644337 -74.200702,4.644543 -74.201103,4.644781 -74.202597,4.645287 -74.203018,4.645852 -74.202925,4.646495 -74.202255,4.647135 -74.201280,4.648367 -74.200808,4.648697 -74.198995,4.649310 -74.198210,4.649814 -74.197384,4.650157 -74.196895,4.650458 -74.195822,4.651565 -74.194875,4.653599 -74.194567,4.654553 -74.194267,4.654944 -74.193554,4.655149 -74.192955,4.655182 -74.192160,4.655003 -74.191535,4.654703 -74.191081,4.654282 -74.187582,4.651777 -74.186792,4.651466 -74.186529,4.651462 -74.185771,4.651708 -74.184457,4.652650 -74.184104,4.652824 -74.183870,4.652848 -74.183710,4.652735 -74.183542,4.652484 -74.183574,4.652054 -74.184448,4.650220 -74.185472,4.648615 -74.185923,4.647678 -74.185955,4.647340 -74.185577,4.646833 -74.183652,4.642468</coordinates></LinearRing></outerBoundaryIs></Polygon></Placemark>
<Placemark><name>BOSA, TINTAL SUR</name><ExtendedData><Data name="brick_id"><value>BOG-011</value></Data><Data name="nombre"><value>TINTAL SUR</value></Data><Data name="zona"><value>BOSA</value></Data><Data name="ciudad"><value>BOGOTA</value></Data><Data name="departamento"><value>BOGOTA D.C.</value></Data><Data name="nombre_brick"><value>BOSA, TINTAL SUR</value></Data></ExtendedData><Polygon><outerBoundaryIs><LinearRing><coordinates>-74.205237,4.615882 -74.205389,4.615482 -74.205444,4.615060 -74.205376,4.614553 -74.205567,4.613931 -74.205706,4.613931 -74.206049,4.614111 -74.206343,4.614536 -74.206470,4.614917 -74.206686,4.616402 -74.207029,4.616647 -74.207273,4.616696 -74.207420,4.616631 -74.207665,4.616254 -74.208040,4.615223 -74.208187,4.615011 -74.208677,4.614798 -74.208905,4.614831 -74.208987,4.614962 -74.208954,4.615289 -74.208759,4.615812 -74.208840,4.616009 -74.209036,4.616205 -74.209330,4.616287 -74.209689,4.616172 -74.210440,4.615518 -74.211060,4.615190 -74.211574,4.614951 -74.211787,4.615065 -74.212146,4.615621 -74.212211,4.615850 -74.212244,4.616145 -74.211836,4.617290 -74.212162,4.617617 -74.212895,4.617665 -74.213339,4.617591 -74.213527,4.617338 -74.213761,4.616543 -74.214186,4.616378 -74.214522,4.616472 -74.215147,4.616809 -74.215521,4.616793 -74.215902,4.616466 -74.216174,4.616536 -74.216453,4.616831 -74.216821,4.616854 -74.216963,4.616742 -74.217091,4.616446 -74.217082,4.615895 -74.217351,4.615753 -74.217718,4.615804 -74.218107,4.615980 -74.218427,4.616494 -74.218497,4.617220 -74.218412,4.617852 -74.218642,4.618004 -74.218871,4.618026 -74.219652,4.617457 -74.219847,4.617621 -74.219848,4.618666 -74.220056,4.618877 -74.220484,4.618873 -74.221290,4.618648 -74.221740,4.618922 -74.221693,4.619195 -74.220862,4.619587 -74.220812,4.619969 -74.221038,4.620304 -74.221278,4.620453 -74.222322,4.620822 -74.222397,4.621136 -74.222260,4.621341 -74.221284,4.621195 -74.221070,4.621480 -74.220957,4.622172 -74.220727,4.622602 -74.220667,4.623066 -74.220850,4.623395 -74.221656,4.623692 -74.222645,4.623929 -74.223149,4.624279 -74.223476,4.624697 -74.223581,4.625472 -74.222993,4.626907 -74.222563,4.627586 -74.222175,4.628511 -74.222228,4.628866 -74.222430,4.629117 -74.221806,4.629791 -74.221351,4.630087 -74.220866,4.630181 -74.219585,4.629897 -74.218451,4.629457 -74.217657,4.629353 -74.216675,4.629520 -74.216294,4.629706 -74.215846,4.630218 -74.215769,4.630775 -74.215796,4.631342 -74.216668,4.632993 -74.217331,4.633997 -74.217530,4.634712 -74.217509,4.635074 -74.217380,4.635367 -74.217141,4.635580 -74.216514,4.635768 -74.216006,4.635822 -74.215078,4.636304 -74.214696,4.637269 -74.214931,4.638356 -74.215428,4.639230 -74.215764,4.640025 -74.216143,4.640349 -74.217099,4.640698 -74.218351,4.640931 -74.219605,4.641422 -74.220018,4.641683 -74.220448,4.642001 -74.221064,4.642748 -74.221354,4.643451 -74.221295,4.644059 -74.220702,4.644275 -74.220263,4.644312 -74.219708,4.644281 -74.216597,4.644478 -74.216031,4.644458 -74.215562,4.644335 -74.214679,4.643733 -74.214295,4.642572 -74.214269,4.641111 -74.213963,4.640586 -74.213493,4.640411 -74.211547,4.640618 -74.208171,4.640490 -74.207018,4.640647 -74.205693,4.641629 -74.205486,4.642272 -74.205472,4.642857 -74.205757,4.643594 -74.206375,4.644674 -74.207094,4.645626 -74.207159,4.645952 -74.207109,4.646182 -74.206809,4.646579 -74.206101,4.646653 -74.205792,4.646528 -74.204934,4.645947 -74.195749,4.628872 -74.207882,4.623637 -74.206650,4.620823 -74.206631,4.620959 -74.206341,4.621182 -74.206220,4.621187 -74.206083,4.621042 -74.206000,4.621092 -74.205800,4.621302 -74.205650,4.621638 -74.205365,4.621635 -74.205095,4.621845 -74.205079,4.621935 -74.204822,4.622021 -74.204453,4.622347 -74.203746,4.619797 -74.203703,4.619186 -74.203874,4.618513 -74.204262,4.617845 -74.204651,4.616773 -74.205237,4.615882</coordinates></LinearRing></outerBoundaryIs></Polygon></Placemark>
<Placemark><name>CANDELARIA, LA CANDELARIA</name><ExtendedData><Data name="brick_id"><value>BOG-012</value></Data><Data name="nombre"><value>LA CANDELARIA</value></Data><Data name="zona"><value>CANDELARIA</value></Data><Data name="ciudad"><value>BOGOTA</value></Data><Data name="departamento"><value>BOGOTA D.C.</value></Data><Data name="nombre_brick"><value>CANDELARIA, LA CANDELARIA</value></Data></ExtendedData><Polygon><outerBoundaryIs><LinearRing><coordinates>-74.065729,4.597517 -74.065966,4.597548 -74.066278,4.597372 -74.066676,4.596944 -74.066879,4.596504 -74.066952,4.595772 -74.067317,4.594909 -74.067627,4.594551 -74.068084,4.593648 -74.068289,4.593579 -74.068168,4.592935 -74.068001,4.592704 -74.068072,4.592360 -74.067845,4.592387 -74.067809,4.592297 -74.067930,4.592068 -74.068127,4.592033 -74.068204,4.591935 -74.068183,4.591444 -74.068281,4.591011 -74.067984,4.590818 -74.068054,4.590657 -74.068230,4.590737 -74.068310,4.590620 -74.068326,4.590521 -74.068081,4.590470 -74.068264,4.589989 -74.068438,4.589865 -74.068608,4.590126 -74.068856,4.590227 -74.069045,4.590588 -74.070140,4.590990 -74.070579,4.591457 -74.071031,4.590690 -74.071262,4.589990 -74.072140,4.589204 -74.072537,4.588990 -74.073049,4.589076 -74.073568,4.589429 -74.073892,4.589792 -74.074299,4.589954 -74.074666,4.589973 -74.075391,4.589785 -74.075730,4.589814 -74.078099,4.591143 -74.078412,4.591152 -74.079210,4.590971 -74.079676,4.591074 -74.080080,4.591262 -74.080554,4.591608 -74.080784,4.591962 -74.081448,4.594538 -74.077032,4.601715 -74.076607,4.602159 -74.075346,4.602267 -74.074799,4.602224 -74.072663,4.600963 -74.071417,4.600648 -74.071050,4.600611 -74.070185,4.600804 -74.069623,4.600759 -74.068800,4.601021 -74.068062,4.601448 -74.067841,4.601696 -74.067421,4.602448 -74.066932,4.602887 -74.066003,4.603230 -74.064932,4.603410 -74.064639,4.603365 -74.064052,4.603038 -74.063533,4.603189 -74.062314,4.603265 -74.060984,4.602732 -74.059365,4.601832 -74.059251,4.601521 -74.059346,4.601169 -74.059570,4.600930 -74.060096,4.600636 -74.060911,4.600573 -74.061273,4.600150 -74.061484,4.600051 -74.062175,4.600240 -74.062670,4.599711 -74.063520,4.599168 -74.063863,4.599247 -74.064266,4.599696 -74.064439,4.599631 -74.065093,4.598972 -74.064938,4.598133 -74.064763,4.597865 -74.064683,4.597522 -74.064855,4.597286 -74.065163,4.597260 -74.065729,4.597517</coordinates></LinearRing></outerBoundaryIs></Polygon></Placemark>
<Placemark><name>CHAPINERO, CHAPINERO</name><ExtendedData><Data name="brick_id"><value>BOG-013</value></Data><Data name="nombre"><value>CHAPINERO</value></Data><Data name="zona"><value>CHAPINERO</value></Data><Data name="ciudad"><value>BOGOTA</value></Data><Data name="departamento"><value>BOGOTA D.C.</value></Data><Data name="nombre_brick"><value>CHAPINERO, CHAPINERO</value></Data></ExtendedData><Polygon><outerBoundaryIs><LinearRing><coordinates>-74.058688,4.649999 -74.059046,4.649382 -74.059560,4.648433 -74.060121,4.647096 -74.061157,4.645648 -74.061404,4.645036 -74.062927,4.639440 -74.063527,4.636931 -74.063818,4.634974 -74.063876,4.632903 -74.064225,4.631450 -74.063052,4.631094 -74.061930,4.631121 -74.061851,4.631041 -74.061811,4.630848 -74.061897,4.630448 -74.062322,4.629822 -74.062351,4.628748 -74.061977,4.627730 -74.061699,4.627264 -74.061569,4.626695 -74.060842,4.625682 -74.060442,4.625800 -74.059715,4.626318 -74.059292,4.626294 -74.058635,4.624999 -74.058376,4.624692 -74.058189,4.624527 -74.057221,4.624034 -74.058705,4.623971 -74.059627,4.624099 -74.060469,4.624338 -74.061692,4.624894 -74.062179,4.625253 -74.062473,4.625340 -74.064398,4.624982 -74.065200,4.625074 -74.065587,4.625357 -74.066664,4.626883 -74.067045,4.627223 -74.067450,4.627353 -74.067576,4.628021 -74.067944,4.628172 -74.068070,4.628470 -74.068407,4.628804 -74.066187,4.641459 -74.064133,4.652387 -74.063531,4.654097 -74.058146,4.650705 -74.058688,4.649999</coordinates></LinearRing></outerBoundaryIs></Polygon></Placemark>
<Placemark><name>CHAPINERO, CHICO LAGO</name><ExtendedData><Data name="brick_id"><value>BOG-014</value></Data><Data name="nombre"><value>CHICO LAGO</value></Data><Data name="zona"><value>CHAPINERO</value></Data><Data name="ciudad"><value>BOGOTA</value></Data><Data name="departamento"><value>BOGOTA D.C.</value></Data><Data name="nombre_brick"><value>CHAPINERO, CHICO LAGO</value></Data></ExtendedData><Polygon><outerBoundaryIs><LinearRing><coordinates>-74.050016,4.685482 -74.048361,4.684975 -74.043312,4.682613 -74.038149,4.679918 -74.039643,4.678155 -74.044398,4.680637 -74.049459,4.670833 -74.056206,4.660948 -74.052927,4.658821 -74.054879,4.655962 -74.056088,4.653507 -74.057080,4.651884 -74.057461,4.651384 -74.058146,4.650705 -74.063531,4.654097 -74.063195,4.654670 -74.062851,4.655075 -74.062511,4.655728 -74.057247,4.686836 -74.050016,4.685482</coordinates></LinearRing></outerBoundaryIs></Polygon></Placemark>
<Placemark><name>CHAPINERO, EL REFUGIO</name><ExtendedData><Data name="brick_id"><value>BOG-015</value></Data><Data name="nombre"><value>EL REFUGIO</value></Data><Data name="zona"><value>CHAPINERO</value></Data><Data name="ciudad"><value>BOGOTA</value></Data><Data name="departamento"><value>BOGOTA D.C.</value></Data><Data name="nombre_brick"><value>CHAPINERO, EL REFUGIO</value></Data></ExtendedData><Polygon><outerBoundaryIs><LinearRing><coordinates>-74.034898,4.678472 -74.034912,4.678415 -74.035155,4.678380 -74.035525,4.678499 -74.035713,4.678474 -74.036060,4.678319 -74.036386,4.677959 -74.036561,4.677488 -74.036559,4.677291 -74.036954,4.676753 -74.036872,4.676747 -74.036864,4.676437 -74.036646,4.675883 -74.036525,4.675837 -74.036397,4.675555 -74.036570,4.675283 -74.036548,4.675162 -74.036693,4.674848 -74.037142,4.674826 -74.037687,4.674465 -74.038230,4.674420 -74.038406,4.674246 -74.038891,4.674046 -74.039213,4.673600 -74.039153,4.672456 -74.039041,4.672234 -74.038770,4.672009 -74.038765,4.671412 -74.038665,4.671454 -74.038603,4.672142 -74.037137,4.671973 -74.037083,4.671334 -74.037321,4.670289 -74.037315,4.669786 -74.037581,4.669421 -74.037516,4.668908 -74.037897,4.667919 -74.038218,4.667987 -74.038701,4.668377 -74.038842,4.668225 -74.039147,4.668162 -74.039396,4.668260 -74.039360,4.668383 -74.040519,4.668525 -74.040892,4.668656 -74.041700,4.668518 -74.042359,4.668554 -74.042464,4.668367 -74.042272,4.667787 -74.042320,4.667262 -74.042008,4.666787 -74.041919,4.666212 -74.041861,4.666176 -74.041762,4.666260 -74.041703,4.666068 -74.041636,4.665770 -74.041726,4.665382 -74.041551,4.664828 -74.041716,4.664273 -74.041421,4.663717 -74.042220,4.663899 -74.042586,4.664130 -74.042775,4.664416 -74.043025,4.664560 -74.044325,4.664354 -74.044710,4.664186 -74.044803,4.664016 -74.044797,4.663684 -74.044636,4.663403 -74.044551,4.662925 -74.044120,4.661790 -74.044303,4.661597 -74.044316,4.661341 -74.044530,4.661109 -74.044543,4.660918 -74.044341,4.660206 -74.044018,4.659578 -74.044168,4.659543 -74.045812,4.659974 -74.046003,4.659921 -74.046712,4.659444 -74.046773,4.658798 -74.046968,4.658218 -74.046948,4.657925 -74.046835,4.657400 -74.046648,4.657485 -74.046616,4.656770 -74.046220,4.656050 -74.046212,4.655517 -74.046104,4.655292 -74.046298,4.654863 -74.046087,4.654621 -74.045547,4.654401 -74.045814,4.654207 -74.046615,4.654328 -74.047000,4.654471 -74.047116,4.654663 -74.047456,4.654845 -74.047705,4.654140 -74.048004,4.653671 -74.048252,4.653488 -74.048350,4.653259 -74.048318,4.653018 -74.047808,4.652039 -74.047821,4.651703 -74.047681,4.651262 -74.047806,4.650494 -74.047753,4.650372 -74.047286,4.649650 -74.046746,4.649622 -74.046525,4.649437 -74.046337,4.649124 -74.046115,4.649010 -74.046402,4.648954 -74.046757,4.649139 -74.047085,4.649028 -74.047494,4.649460 -74.048428,4.649895 -74.048600,4.650264 -74.048441,4.650557 -74.048595,4.651043 -74.048985,4.651352 -74.049667,4.651675 -74.050122,4.652361 -74.050196,4.652294 -74.050238,4.651912 -74.050097,4.651633 -74.050157,4.651511 -74.050299,4.651485 -74.050731,4.651763 -74.051172,4.651886 -74.051674,4.652510 -74.053000,4.653073 -74.053344,4.653055 -74.054532,4.652623 -74.054707,4.652322 -74.053751,4.651744 -74.054642,4.650355 -74.056994,4.651760 -74.057110,4.651843 -74.056088,4.653507 -74.054879,4.655962 -74.052927,4.658821 -74.056206,4.660948 -74.049459,4.670833 -74.044398,4.680637 -74.039643,4.678155 -74.038149,4.679918 -74.034898,4.678472</coordinates></LinearRing></outerBoundaryIs></Polygon></Placemark>
<Placemark><name>CHAPINERO, PARDO RUBIO</name><ExtendedData><Data name="brick_id"><value>BOG-016</value></Data><Data name="nombre"><value>PARDO RUBIO</value></Data><Data name="zona"><value>CHAPINERO</value></Data><Data name="ciudad"><value>BOGOTA</value></Data><Data name="departamento"><value>BOGOTA D.C.</value></Data><Data name="nombre_brick"><value>CHAPINERO, PARDO RUBIO</value></Data></ExtendedData><Polygon><outerBoundaryIs><LinearRing><coordinates>-74.047598,4.649011 -74.048134,4.648848 -74.048511,4.648947 -74.048896,4.648686 -74.048655,4.648382 -74.048032,4.648003 -74.046963,4.647534 -74.046931,4.647280 -74.047005,4.646680 -74.047552,4.646021 -74.047697,4.645704 -74.048477,4.645460 -74.049010,4.645093 -74.049263,4.644812 -74.049088,4.644731 -74.049162,4.644134 -74.049072,4.644088 -74.049162,4.643817 -74.048892,4.643230 -74.048442,4.642597 -74.048397,4.642326 -74.048712,4.642100 -74.049748,4.641919 -74.050876,4.641575 -74.052516,4.642385 -74.052639,4.642140 -74.052918,4.641129 -74.052612,4.640181 -74.052637,4.639581 -74.052558,4.639428 -74.052688,4.638876 -74.052544,4.638605 -74.052208,4.638409 -74.052168,4.638170 -74.052343,4.638144 -74.052477,4.637894 -74.052716,4.637748 -74.052953,4.637708 -74.053203,4.637802 -74.053557,4.637493 -74.053686,4.637588 -74.053955,4.637584 -74.054384,4.637988 -74.054375,4.638345 -74.054567,4.638181 -74.054745,4.638154 -74.054827,4.638194 -74.054883,4.638415 -74.055403,4.638289 -74.055556,4.638355 -74.055894,4.638711 -74.055923,4.639188 -74.056254,4.639449 -74.056526,4.639537 -74.056679,4.639461 -74.056660,4.639248 -74.056762,4.638965 -74.057312,4.638774 -74.057291,4.638597 -74.057132,4.638703 -74.056969,4.638598 -74.056964,4.638317 -74.056702,4.637883 -74.056541,4.638473 -74.053069,4.636533 -74.053640,4.635455 -74.054376,4.635490 -74.056957,4.636952 -74.056795,4.637552 -74.056992,4.637317 -74.057124,4.636954 -74.057010,4.636667 -74.057455,4.636530 -74.057601,4.636342 -74.057653,4.636003 -74.057512,4.635842 -74.057696,4.635733 -74.057779,4.635446 -74.057992,4.635206 -74.058013,4.634733 -74.055816,4.634550 -74.056039,4.631799 -74.057683,4.632321 -74.057578,4.631822 -74.057320,4.631344 -74.057649,4.630622 -74.058181,4.630812 -74.057907,4.631453 -74.057907,4.631956 -74.057777,4.631997 -74.057745,4.632344 -74.058633,4.632642 -74.058703,4.632269 -74.058887,4.632124 -74.058790,4.631994 -74.058766,4.631674 -74.059028,4.631534 -74.059151,4.631180 -74.059258,4.629619 -74.059272,4.629532 -74.059382,4.629523 -74.059287,4.629388 -74.059559,4.629345 -74.059714,4.629207 -74.059840,4.629255 -74.060297,4.629110 -74.060572,4.628776 -74.060234,4.628597 -74.059911,4.628590 -74.059477,4.628313 -74.057449,4.627430 -74.054815,4.626955 -74.054817,4.626624 -74.055099,4.626649 -74.055137,4.626452 -74.055329,4.626422 -74.055543,4.625338 -74.056730,4.625547 -74.056903,4.625472 -74.056914,4.625575 -74.057856,4.625708 -74.057653,4.625301 -74.057043,4.624771 -74.056982,4.624465 -74.056372,4.624179 -74.055253,4.623301 -74.055111,4.622975 -74.055111,4.622750 -74.055334,4.622749 -74.056337,4.623469 -74.056661,4.623911 -74.057221,4.624034 -74.058189,4.624527 -74.058376,4.624692 -74.058635,4.624999 -74.059292,4.626294 -74.059715,4.626318 -74.060677,4.625682 -74.060936,4.625753 -74.061569,4.626695 -74.061699,4.627264 -74.061977,4.627730 -74.062351,4.628748 -74.062322,4.629822 -74.061897,4.630448 -74.061811,4.630848 -74.061851,4.631041 -74.061930,4.631121 -74.063052,4.631094 -74.064225,4.631450 -74.063876,4.632903 -74.063818,4.634974 -74.063527,4.636931 -74.062927,4.639440 -74.061404,4.645036 -74.061157,4.645648 -74.060121,4.647096 -74.059560,4.648433 -74.058688,4.649999 -74.057110,4.651843 -74.054642,4.650355 -74.053751,4.651744 -74.054707,4.652322 -74.054532,4.652623 -74.053344,4.653055 -74.053063,4.653082 -74.052685,4.652973 -74.051674,4.652510 -74.051172,4.651886 -74.050731,4.651763 -74.050299,4.651485 -74.050157,4.651511 -74.050097,4.651633 -74.050238,4.651912 -74.050196,4.652294 -74.050122,4.652361 -74.049667,4.651675 -74.048985,4.651352 -74.048595,4.651043 -74.048441,4.650557 -74.048600,4.650264 -74.048428,4.649895 -74.047494,4.649460 -74.047085,4.649028 -74.047598,4.649011</coordinates></LinearRing></outerBoundaryIs></Polygon></Placemark>
<Placemark><name>CHAPINERO, SAN ISIDRO - PATIOS</name><ExtendedData><Data name="brick_id"><value>BOG-017</value></Data><Data name="nombre"><value>SAN ISIDRO - PATIOS</value></Data><Data name="zona"><value>CHAPINERO</value></Data><Data name="ciudad"><value>BOGOTA</value></Data><Data name="departamento"><value>BOGOTA D.C.</value></Data><Data name="nombre_brick"><value>CHAPINERO, SAN ISIDRO - PATIOS</value></Data></ExtendedData><Polygon><outerBoundaryIs><LinearRing><coordinates>-74.023878,4.662957 -74.024034,4.664717 -74.022697,4.664787 -74.022852,4.665480 -74.025483,4.667063 -74.026987,4.669260 -74.025825,4.670760 -74.026050,4.670923 -74.025635,4.672261 -74.024635,4.671546 -74.023504,4.672730 -74.023486,4.672992 -74.023121,4.673923 -74.009785,4.665430 -74.009785,4.664502 -74.010503,4.663573 -74.011038,4.663595 -74.012438,4.663909 -74.013649,4.664049 -74.014498,4.663857 -74.014789,4.663638 -74.014807,4.664927 -74.015843,4.665425 -74.017240,4.663852 -74.019942,4.665661 -74.020880,4.663627 -74.021564,4.663808 -74.021970,4.662904 -74.023878,4.662957</coordinates></LinearRing></outerBoundaryIs></Polygon></Placemark>
<Placemark><name>CIUDAD BOLIVAR, ARBORIZADORA</name><ExtendedData><Data name="brick_id"><value>BOG-018</value></Data><Data name="nombre"><value>ARBORIZADORA</value></Data><Data name="zona"><value>CIUDAD BOLIVAR</value></Data><Data name="ciudad"><value>BOGOTA</value></Data><Data name="departamento"><value>BOGOTA D.C.</value></Data><Data name="nombre_brick"><value>CIUDAD BOLIVAR, ARBORIZADORA</value></Data></ExtendedData><Polygon><outerBoundaryIs><LinearRing><coordinates>-74.153914,4.593731 -74.154129,4.593462 -74.154208,4.593177 -74.154187,4.592856 -74.154093,4.592584 -74.153535,4.592225 -74.153323,4.592182 -74.152671,4.592566 -74.152401,4.592958 -74.152055,4.593044 -74.151754,4.592786 -74.151217,4.591988 -74.151389,4.591400 -74.151552,4.591320 -74.152091,4.591496 -74.152823,4.591461 -74.152971,4.591059 -74.153356,4.590873 -74.153703,4.590963 -74.154017,4.591261 -74.154260,4.591258 -74.154397,4.591134 -74.154547,4.590790 -74.154824,4.590540 -74.156497,4.590018 -74.156642,4.589240 -74.156957,4.588704 -74.156424,4.588421 -74.155984,4.588403 -74.155635,4.588134 -74.155044,4.587933 -74.154372,4.587861 -74.153561,4.587965 -74.153321,4.587904 -74.153106,4.587684 -74.153051,4.587441 -74.153355,4.586901 -74.153377,4.586656 -74.153287,4.586492 -74.153070,4.586379 -74.152545,4.586514 -74.152215,4.586690 -74.151920,4.587012 -74.151758,4.587417 -74.151849,4.587755 -74.152537,4.588370 -74.152648,4.588697 -74.151383,4.588959 -74.150957,4.588699 -74.150495,4.587986 -74.150424,4.587817 -74.150886,4.587058 -74.151185,4.586182 -74.151282,4.586085 -74.151916,4.585943 -74.152155,4.585408 -74.151977,4.585168 -74.151495,4.584832 -74.150754,4.584659 -74.150591,4.584521 -74.150612,4.584353 -74.151241,4.583951 -74.151388,4.583777 -74.151485,4.583059 -74.151383,4.582819 -74.151114,4.582575 -74.150744,4.582473 -74.149835,4.583008 -74.149325,4.582930 -74.148968,4.583153 -74.148422,4.583310 -74.147884,4.582926 -74.147550,4.582250 -74.147216,4.581947 -74.147195,4.581785 -74.147611,4.581293 -74.147942,4.581577 -74.148768,4.581783 -74.149314,4.581454 -74.149437,4.581238 -74.149652,4.580355 -74.149434,4.579440 -74.149772,4.578930 -74.149990,4.578327 -74.149659,4.577960 -74.148717,4.576470 -74.148577,4.576463 -74.148454,4.576590 -74.148355,4.576933 -74.148727,4.577405 -74.148775,4.577662 -74.148714,4.577888 -74.148355,4.578080 -74.147901,4.577669 -74.147812,4.577200 -74.147676,4.576939 -74.147058,4.576494 -74.147010,4.576340 -74.147355,4.575672 -74.147724,4.575316 -74.147594,4.574740 -74.147775,4.574573 -74.147806,4.574357 -74.147703,4.573990 -74.147447,4.573744 -74.147219,4.573703 -74.147065,4.573788 -74.146833,4.574583 -74.146744,4.574716 -74.146509,4.574795 -74.146082,4.574621 -74.145993,4.574490 -74.145741,4.573603 -74.145614,4.573439 -74.145181,4.573038 -74.144840,4.573011 -74.144652,4.573161 -74.144143,4.573953 -74.143686,4.574305 -74.143638,4.574603 -74.143822,4.574895 -74.143850,4.575145 -74.143041,4.575758 -74.143095,4.576621 -74.142849,4.577129 -74.142618,4.577317 -74.142122,4.577300 -74.140961,4.576074 -74.140873,4.575914 -74.140829,4.575417 -74.140890,4.575273 -74.141005,4.575119 -74.141677,4.574721 -74.142106,4.574219 -74.142816,4.574147 -74.142926,4.574020 -74.143245,4.572827 -74.143124,4.572485 -74.142777,4.572269 -74.142568,4.571855 -74.142442,4.571805 -74.142051,4.571866 -74.141803,4.571723 -74.141770,4.571579 -74.142023,4.570977 -74.142001,4.570751 -74.141649,4.570602 -74.140681,4.570613 -74.140460,4.570469 -74.140389,4.569873 -74.140493,4.569282 -74.140747,4.569204 -74.141115,4.569304 -74.141523,4.569122 -74.141710,4.568845 -74.141655,4.568669 -74.141302,4.568746 -74.140460,4.568326 -74.140427,4.568188 -74.140686,4.567330 -74.140627,4.567002 -74.142296,4.566659 -74.142834,4.566700 -74.143429,4.566912 -74.152077,4.572807 -74.153536,4.574002 -74.154613,4.575335 -74.155143,4.576207 -74.158545,4.582601 -74.160934,4.587516 -74.161150,4.588304 -74.161973,4.595624 -74.152160,4.599759 -74.152178,4.599250 -74.151969,4.598714 -74.151497,4.598405 -74.151206,4.597907 -74.150708,4.597499 -74.150433,4.596936 -74.150095,4.596652 -74.149940,4.596320 -74.149750,4.596124 -74.149670,4.595832 -74.149772,4.595620 -74.150067,4.595626 -74.150579,4.596314 -74.150896,4.596499 -74.151255,4.596569 -74.151612,4.596485 -74.151921,4.596286 -74.152823,4.594466 -74.153914,4.593731</coordinates></LinearRing></outerBoundaryIs></Polygon></Placemark>
<Placemark><name>CIUDAD BOLIVAR, EL MOCHUELO</name><ExtendedData><Data name="brick_id"><value>BOG-019</value></Data><Data name="nombre"><value>EL MOCHUELO</value></Data><Data name="zona"><value>CIUDAD BOLIVAR</value></Data><Data name="ciudad"><value>BOGOTA</value></Data><Data name="departamento"><value>BOGOTA D.C.</value></Data><Data name="nombre_brick"><value>CIUDAD BOLIVAR, EL MOCHUELO</value></Data></ExtendedData><Polygon><outerBoundaryIs><LinearRing><coordinates>-74.125880,4.544622 -74.125005,4.544327 -74.124855,4.544076 -74.124887,4.543816 -74.125344,4.542656 -74.125001,4.541581 -74.124972,4.539366 -74.124783,4.538586 -74.124659,4.537504 -74.124545,4.537085 -74.123944,4.536318 -74.123905,4.536161 -74.123891,4.535918 -74.124141,4.535055 -74.124125,4.534726 -74.124047,4.534477 -74.123392,4.533526 -74.123066,4.532337 -74.123090,4.529202 -74.123213,4.527459 -74.124787,4.527586 -74.125253,4.526720 -74.125510,4.526049 -74.126040,4.525746 -74.126782,4.525561 -74.127563,4.524991 -74.128856,4.524718 -74.128997,4.524359 -74.129099,4.524313 -74.130079,4.524153 -74.130744,4.523942 -74.132668,4.523909 -74.133192,4.526450 -74.133392,4.526995 -74.133343,4.527104 -74.133828,4.527447 -74.134239,4.528113 -74.134608,4.528475 -74.135453,4.528955 -74.135517,4.529093 -74.135194,4.529343 -74.135198,4.529581 -74.134938,4.530423 -74.134949,4.531034 -74.134769,4.531291 -74.134689,4.532323 -74.134935,4.532982 -74.134729,4.533674 -74.134141,4.534889 -74.134038,4.535525 -74.133781,4.536351 -74.130560,4.537754 -74.131420,4.538377 -74.133200,4.539860 -74.133498,4.540199 -74.136689,4.546343 -74.136893,4.546790 -74.137053,4.547717 -74.136873,4.548904 -74.136536,4.550164 -74.136486,4.550624 -74.136705,4.552108 -74.135115,4.552349 -74.134146,4.554986 -74.134129,4.556459 -74.133654,4.556442 -74.133247,4.556324 -74.133228,4.556088 -74.133848,4.555429 -74.133888,4.555187 -74.133606,4.554902 -74.133347,4.554251 -74.132808,4.553469 -74.132077,4.552916 -74.131969,4.552638 -74.131930,4.552073 -74.132143,4.551189 -74.132074,4.550921 -74.132381,4.550481 -74.132244,4.549918 -74.131970,4.549551 -74.131676,4.549374 -74.131499,4.549361 -74.131075,4.549400 -74.130219,4.549734 -74.129841,4.549715 -74.129560,4.549688 -74.128809,4.549341 -74.128371,4.549505 -74.128175,4.549669 -74.127836,4.549754 -74.127098,4.549616 -74.126673,4.549243 -74.126392,4.548725 -74.126108,4.548430 -74.125912,4.548017 -74.125364,4.547506 -74.125377,4.547198 -74.125494,4.546903 -74.126154,4.546175 -74.126304,4.546123 -74.126546,4.546274 -74.126667,4.546928 -74.126770,4.547132 -74.126940,4.547217 -74.128009,4.546896 -74.128701,4.546785 -74.129047,4.546857 -74.129387,4.546791 -74.129939,4.546293 -74.129978,4.546038 -74.129351,4.545500 -74.128600,4.545271 -74.128384,4.545022 -74.127810,4.545094 -74.127274,4.545408 -74.126810,4.545520 -74.126471,4.545454 -74.126294,4.545310 -74.126086,4.544823 -74.125880,4.544622</coordinates></LinearRing></outerBoundaryIs></Polygon></Placemark>
<Placemark><name>CIUDAD BOLIVAR, EL TESORO</name><ExtendedData><Data name="brick_id"><value>BOG-020</value></Data><Data name="nombre"><value>EL TESORO</value></Data><Data name="zona"><value>CIUDAD BOLIVAR</value></Data><Data name="ciudad"><value>BOGOTA</value></Data><Data name="departamento"><value>BOGOTA D.C.</value></Data><Data name="nombre_brick"><value>CIUDAD BOLIVAR, EL TESORO</value></Data></ExtendedData><MultiGeometry><Polygon><outerBoundaryIs><LinearRing><coordinates>-74.134853,4.533549 -74.135783,4.534234 -74.136130,4.534318 -74.137320,4.534870 -74.139698,4.536142 -74.140353,4.535030 -74.141138,4.534195 -74.141201,4.534033 -74.141760,4.534340 -74.141857,4.534287 -74.141911,4.533827 -74.144023,4.534190 -74.144017,4.533862 -74.144246,4.533153 -74.144537,4.532785 -74.144955,4.532708 -74.144974,4.532537 -74.144843,4.532455 -74.144930,4.532266 -74.144945,4.531885 -74.144760,4.531540 -74.145027,4.531359 -74.145759,4.531173 -74.146130,4.531283 -74.146612,4.531224 -74.146684,4.531362 -74.146620,4.531793 -74.146812,4.531780 -74.146745,4.531836 -74.146723,4.532245 -74.146914,4.532225 -74.146904,4.532410 -74.147240,4.532370 -74.147244,4.532183 -74.147314,4.532170 -74.147308,4.532084 -74.147519,4.532057 -74.147510,4.531938 -74.147805,4.531910 -74.147825,4.532112 -74.147736,4.532118 -74.147731,4.532334 -74.148466,4.532247 -74.148520,4.531535 -74.149785,4.531666 -74.149507,4.532377 -74.149688,4.532443 -74.149548,4.532599 -74.149111,4.532552 -74.149146,4.532829 -74.149383,4.533389 -74.150400,4.532804 -74.150420,4.532949 -74.150531,4.532915 -74.150538,4.533028 -74.150630,4.532987 -74.150666,4.533104 -74.150716,4.533079 -74.150842,4.533461 -74.150770,4.533492 -74.150836,4.533586 -74.150749,4.533662 -74.150976,4.534182 -74.149667,4.534854 -74.150273,4.535414 -74.150260,4.535776 -74.150637,4.535589 -74.151295,4.537039 -74.151094,4.537086 -74.151171,4.537636 -74.151316,4.537669 -74.151587,4.538658 -74.151139,4.538644 -74.151152,4.538961 -74.149825,4.538834 -74.149057,4.538843 -74.148061,4.540150 -74.148523,4.540478 -74.147608,4.541481 -74.144625,4.541718 -74.143426,4.541690 -74.143286,4.543713 -74.143210,4.543846 -74.142205,4.544378 -74.141966,4.544745 -74.141078,4.545655 -74.139716,4.545792 -74.139725,4.545707 -74.137793,4.545696 -74.137695,4.546604 -74.137344,4.547321 -74.137053,4.547717 -74.136893,4.546790 -74.136689,4.546343 -74.133498,4.540199 -74.133200,4.539860 -74.131420,4.538377 -74.130560,4.537754 -74.133781,4.536351 -74.134038,4.535525 -74.134141,4.534889 -74.134729,4.533674 -74.134935,4.532982 -74.134853,4.533549</coordinates></LinearRing></outerBoundaryIs></Polygon><Polygon><outerBoundaryIs><LinearRing><coordinates>-74.154580,4.533954 -74.151463,4.535316 -74.151064,4.534287 -74.151259,4.534202 -74.151303,4.534298 -74.152324,4.533756 -74.154390,4.532964 -74.154628,4.532932 -74.154580,4.533954</coordinates></LinearRing></outerBoundaryIs></Polygon><Polygon><outerBoundaryIs><LinearRing><coordinates>-74.150528,4.530750 -74.150539,4.531013 -74.150713,4.531064 -74.151165,4.531569 -74.151378,4.531618 -74.151525,4.531950 -74.151478,4.532096 -74.150286,4.531668 -74.149944,4.531264 -74.150109,4.530638 -74.150528,4.530750</coordinates></LinearRing></outerBoundaryIs></Polygon></MultiGeometry></Placemark>
<Placemark><name>CIUDAD BOLIVAR, ISMAEL PERDOMO</name><ExtendedData><Data name="brick_id"><value>BOG-021</value></Data><Data name="nombre"><value>ISMAEL PERDOMO</value></Data><Data name="zona"><value>CIUDAD BOLIVAR</value></Data><Data name="ciudad"><value>BOGOTA</value></Data><Data name="departamento"><value>BOGOTA D.C.</value></Data><Data name="nombre_brick"><value>CIUDAD BOLIVAR, ISMAEL PERDOMO</value></Data></ExtendedData><Polygon><outerBoundaryIs><LinearRing><coordinates>-74.171005,4.596061 -74.167011,4.595701 -74.163311,4.595717 -74.160681,4.596194 -74.161973,4.595624 -74.161123,4.588146 -74.160934,4.587516 -74.158964,4.583449 -74.157379,4.580453 -74.160148,4.579988 -74.160598,4.580104 -74.159815,4.578894 -74.160501,4.578384 -74.160702,4.578319 -74.161037,4.577930 -74.161982,4.577346 -74.169229,4.570962 -74.169844,4.571622 -74.171621,4.572020 -74.172000,4.571812 -74.172368,4.571722 -74.172673,4.571493 -74.173286,4.571275 -74.174601,4.571894 -74.175109,4.571920 -74.175597,4.571699 -74.175722,4.572030 -74.175296,4.575391 -74.175697,4.575392 -74.175699,4.575480 -74.175965,4.575447 -74.176114,4.576294 -74.177640,4.577496 -74.177843,4.577743 -74.178304,4.577502 -74.178801,4.577118 -74.179389,4.576977 -74.179701,4.578367 -74.180735,4.586606 -74.180953,4.587594 -74.180915,4.587880 -74.181352,4.588918 -74.182081,4.590187 -74.182652,4.591564 -74.183194,4.593664 -74.183292,4.593657 -74.183345,4.593770 -74.183141,4.593876 -74.183400,4.594648 -74.183799,4.596403 -74.181866,4.596842 -74.178699,4.596993 -74.174745,4.596650 -74.171005,4.596061</coordinates></LinearRing></outerBoundaryIs></Polygon></Placemark>
<Placemark><name>CIUDAD BOLIVAR, JERUSALEM</name><ExtendedData><Data name="brick_id"><value>BOG-022</value></Data><Data name="nombre"><value>JERUSALEM</value></Data><Data name="zona"><value>CIUDAD BOLIVAR</value></Data><Data name="ciudad"><value>BOGOTA</value></Data><Data name="departamento"><value>BOGOTA D.C.</value></Data><Data name="nombre_brick"><value>CIUDAD BOLIVAR, JERUSALEM</value></Data></ExtendedData><Polygon><outerBoundaryIs><LinearRing><coordinates>-74.154792,4.573916 -74.154265,4.572976 -74.153057,4.570098 -74.152945,4.569977 -74.152630,4.570506 -74.151801,4.568897 -74.151186,4.568837 -74.151064,4.566196 -74.152298,4.565814 -74.152638,4.565860 -74.152907,4.566087 -74.153265,4.566103 -74.155606,4.565419 -74.156046,4.565508 -74.156497,4.565298 -74.156508,4.565187 -74.156374,4.565114 -74.156497,4.565011 -74.156558,4.564790 -74.156490,4.564645 -74.156056,4.564383 -74.156008,4.563638 -74.155163,4.563329 -74.155012,4.563689 -74.154701,4.563472 -74.154399,4.563093 -74.154045,4.562867 -74.153839,4.562376 -74.153698,4.562285 -74.153427,4.561790 -74.152649,4.561129 -74.151488,4.559881 -74.151847,4.559340 -74.152016,4.559265 -74.152581,4.559357 -74.153619,4.559107 -74.155735,4.559104 -74.156078,4.558972 -74.156237,4.558841 -74.156426,4.558440 -74.156700,4.558222 -74.156700,4.557609 -74.157042,4.556973 -74.157824,4.556544 -74.158794,4.555611 -74.159033,4.555537 -74.159209,4.555629 -74.158165,4.556818 -74.157948,4.557245 -74.158510,4.558252 -74.158908,4.558579 -74.158783,4.558754 -74.158776,4.559089 -74.158846,4.559381 -74.159208,4.560074 -74.159412,4.561446 -74.159528,4.561751 -74.159671,4.561932 -74.160036,4.562103 -74.160055,4.562511 -74.160324,4.562912 -74.160920,4.563088 -74.161826,4.562661 -74.162091,4.562415 -74.162341,4.562024 -74.162595,4.560908 -74.162667,4.560716 -74.162782,4.560720 -74.162818,4.559179 -74.166185,4.557777 -74.164706,4.554954 -74.164824,4.554868 -74.167590,4.553800 -74.167940,4.553517 -74.169252,4.552990 -74.171185,4.553503 -74.174173,4.552438 -74.174714,4.553175 -74.175331,4.553026 -74.175790,4.553121 -74.176150,4.553414 -74.176425,4.553360 -74.176911,4.553507 -74.176896,4.553651 -74.177063,4.553867 -74.177060,4.554314 -74.176698,4.554849 -74.176570,4.555337 -74.176456,4.556392 -74.176969,4.558051 -74.176449,4.558868 -74.176332,4.559407 -74.176385,4.560490 -74.176512,4.560828 -74.177088,4.561517 -74.177412,4.562215 -74.177804,4.563845 -74.177949,4.565100 -74.177825,4.568109 -74.178064,4.568870 -74.178399,4.569504 -74.178517,4.570168 -74.177304,4.570737 -74.176333,4.571557 -74.175597,4.571699 -74.175109,4.571920 -74.174601,4.571894 -74.173286,4.571275 -74.172673,4.571493 -74.172368,4.571722 -74.172000,4.571812 -74.171621,4.572020 -74.169844,4.571622 -74.169229,4.570962 -74.161982,4.577346 -74.161037,4.577930 -74.160702,4.578319 -74.160501,4.578384 -74.159815,4.578894 -74.160598,4.580104 -74.160148,4.579988 -74.157379,4.580453 -74.154924,4.575818 -74.153973,4.574492 -74.154792,4.573916</coordinates></LinearRing></outerBoundaryIs></Polygon></Placemark>
<Placemark><name>CIUDAD BOLIVAR, LUCERO</name><ExtendedData><Data name="brick_id"><value>BOG-023</value></Data><Data name="nombre"><value>LUCERO</value></Data><Data name="zona"><value>CIUDAD BOLIVAR</value></Data><Data name="ciudad"><value>BOGOTA</value></Data><Data name="departamento"><value>BOGOTA D.C.</value></Data><Data name="nombre_brick"><value>CIUDAD BOLIVAR, LUCERO</value></Data></ExtendedData><Polygon><outerBoundaryIs><LinearRing><coordinates>-74.157042,4.556973 -74.156700,4.557609 -74.156700,4.558222 -74.156426,4.558440 -74.156237,4.558841 -74.156078,4.558972 -74.155735,4.559104 -74.153619,4.559107 -74.152990,4.559221 -74.152103,4.556742 -74.149158,4.559692 -74.148685,4.559510 -74.147637,4.558811 -74.146402,4.558678 -74.146370,4.558853 -74.146298,4.558862 -74.145817,4.557677 -74.145700,4.557725 -74.145498,4.557470 -74.145190,4.557622 -74.145160,4.557284 -74.145067,4.557185 -74.144430,4.557190 -74.144247,4.557316 -74.144181,4.557080 -74.144033,4.557098 -74.143454,4.556889 -74.143232,4.557080 -74.142681,4.556500 -74.143120,4.557424 -74.142595,4.557639 -74.142745,4.558047 -74.143002,4.557929 -74.143388,4.558853 -74.142927,4.558864 -74.142819,4.559031 -74.141944,4.559549 -74.141344,4.560143 -74.140997,4.559879 -74.140413,4.560699 -74.139195,4.561620 -74.138968,4.561889 -74.138697,4.563665 -74.138115,4.563569 -74.137919,4.563441 -74.137691,4.562655 -74.137473,4.562353 -74.136758,4.562029 -74.136100,4.561910 -74.135198,4.561133 -74.133937,4.560754 -74.133836,4.560626 -74.133814,4.560337 -74.134147,4.559686 -74.134197,4.558894 -74.133987,4.557463 -74.134185,4.557383 -74.134761,4.557434 -74.135110,4.557296 -74.135258,4.557141 -74.134697,4.556417 -74.134468,4.556355 -74.134129,4.556459 -74.134146,4.554986 -74.135115,4.552349 -74.136705,4.552108 -74.136486,4.550624 -74.136536,4.550164 -74.136873,4.548904 -74.137053,4.547717 -74.137344,4.547321 -74.137695,4.546604 -74.137793,4.545696 -74.139725,4.545707 -74.139716,4.545792 -74.141078,4.545655 -74.141966,4.544745 -74.142205,4.544378 -74.143210,4.543846 -74.143286,4.543713 -74.143426,4.541690 -74.144677,4.541715 -74.146532,4.541604 -74.147702,4.541443 -74.148523,4.540478 -74.148061,4.540150 -74.149057,4.538843 -74.149825,4.538834 -74.151152,4.538961 -74.151139,4.538644 -74.151587,4.538658 -74.151316,4.537669 -74.154051,4.538458 -74.154829,4.538536 -74.155919,4.538380 -74.159421,4.538302 -74.160354,4.539786 -74.160506,4.539789 -74.160832,4.540062 -74.161131,4.540194 -74.162469,4.539981 -74.163831,4.540986 -74.164273,4.541366 -74.164689,4.541888 -74.164449,4.542758 -74.163336,4.545088 -74.162832,4.545596 -74.162055,4.546710 -74.161398,4.546941 -74.160557,4.546895 -74.159611,4.546978 -74.158798,4.547149 -74.158446,4.547566 -74.163044,4.549269 -74.165652,4.549275 -74.166064,4.549999 -74.165176,4.551041 -74.163397,4.551979 -74.162988,4.552424 -74.162650,4.552991 -74.162279,4.553110 -74.161723,4.553499 -74.160304,4.554821 -74.159209,4.555629 -74.159033,4.555537 -74.158794,4.555611 -74.157835,4.556536 -74.157042,4.556973</coordinates></LinearRing></outerBoundaryIs></Polygon></Placemark>
<Placemark><name>CIUDAD BOLIVAR, MONTE BLANCO</name><ExtendedData><Data name="brick_id"><value>BOG-024</value></Data><Data name="nombre"><value>MONTE BLANCO</value></Data><Data name="zona"><value>CIUDAD BOLIVAR</value></Data><Data name="ciudad"><value>BOGOTA</value></Data><Data name="departamento"><value>BOGOTA D.C.</value></Data><Data name="nombre_brick"><value>CIUDAD BOLIVAR, MONTE BLANCO</value></Data></ExtendedData><MultiGeometry><Polygon><outerBoundaryIs><LinearRing><coordinates>-74.120900,4.489684 -74.121197,4.489282 -74.121643,4.488217 -74.121658,4.487357 -74.121375,4.486330 -74.121296,4.485682 -74.121649,4.484806 -74.121799,4.484159 -74.122609,4.482365 -74.123223,4.481953 -74.123482,4.481607 -74.123818,4.480651 -74.124259,4.480141 -74.124457,4.479268 -74.124572,4.479056 -74.124776,4.478906 -74.125093,4.478909 -74.125426,4.478765 -74.126945,4.477590 -74.127312,4.477152 -74.128130,4.475844 -74.128326,4.475375 -74.128514,4.475272 -74.128747,4.475372 -74.129306,4.476061 -74.129769,4.476380 -74.130078,4.476448 -74.130328,4.476355 -74.130317,4.476475 -74.129782,4.476723 -74.128499,4.476965 -74.128220,4.477098 -74.128248,4.477881 -74.128826,4.479380 -74.128815,4.479712 -74.128633,4.480354 -74.128880,4.481067 -74.128928,4.481476 -74.128667,4.482571 -74.128631,4.486693 -74.128420,4.488434 -74.128139,4.489580 -74.130014,4.490950 -74.130570,4.491155 -74.131056,4.491195 -74.131768,4.491033 -74.132359,4.490643 -74.132798,4.489500 -74.133821,4.488591 -74.134196,4.488465 -74.135518,4.488331 -74.137014,4.487953 -74.137611,4.488099 -74.138045,4.488478 -74.139282,4.489085 -74.139541,4.489332 -74.139908,4.489466 -74.140141,4.489499 -74.140861,4.489181 -74.140986,4.489238 -74.141477,4.489114 -74.141611,4.489168 -74.141833,4.489113 -74.141853,4.489014 -74.142271,4.488820 -74.142986,4.488974 -74.143721,4.488995 -74.144040,4.489113 -74.144354,4.489345 -74.144761,4.489417 -74.144675,4.489604 -74.143857,4.491188 -74.142883,4.490996 -74.141775,4.490980 -74.141880,4.492772 -74.141143,4.493475 -74.141335,4.493909 -74.142022,4.494265 -74.142350,4.493455 -74.147615,4.493178 -74.147616,4.493698 -74.147740,4.494267 -74.147764,4.495457 -74.146423,4.495471 -74.146345,4.495998 -74.147510,4.495984 -74.147222,4.496723 -74.147245,4.497172 -74.147601,4.498162 -74.147665,4.499333 -74.147821,4.499964 -74.139488,4.504181 -74.139484,4.504747 -74.139247,4.504932 -74.138992,4.505463 -74.138562,4.505848 -74.138555,4.506407 -74.138352,4.506758 -74.137068,4.507637 -74.136110,4.508057 -74.136498,4.508945 -74.135996,4.509262 -74.135610,4.509353 -74.135277,4.509562 -74.134897,4.509585 -74.134913,4.509923 -74.136766,4.509850 -74.136582,4.514087 -74.135304,4.513463 -74.134588,4.512712 -74.134219,4.512609 -74.133978,4.512014 -74.133523,4.511818 -74.133487,4.511531 -74.132996,4.511242 -74.132948,4.511094 -74.132439,4.510891 -74.131979,4.511313 -74.132005,4.511908 -74.131753,4.512798 -74.132094,4.514244 -74.132038,4.514630 -74.132145,4.515963 -74.131658,4.517442 -74.131821,4.517970 -74.131718,4.518561 -74.131945,4.519116 -74.131982,4.519884 -74.132153,4.520105 -74.132290,4.520494 -74.132262,4.520701 -74.132477,4.521082 -74.132478,4.521656 -74.132743,4.522645 -74.132571,4.523047 -74.132668,4.523909 -74.130744,4.523942 -74.130079,4.524153 -74.129099,4.524313 -74.128994,4.524406 -74.128671,4.523767 -74.128020,4.522904 -74.127580,4.522059 -74.125780,4.520513 -74.125610,4.520162 -74.125886,4.518102 -74.125778,4.515558 -74.125985,4.514648 -74.126677,4.513206 -74.127312,4.510693 -74.127295,4.510019 -74.127082,4.509326 -74.126709,4.507146 -74.126737,4.506212 -74.126791,4.506075 -74.127856,4.505720 -74.128151,4.505466 -74.128424,4.504961 -74.128456,4.504476 -74.128377,4.504247 -74.128045,4.503944 -74.127741,4.503479 -74.127500,4.502757 -74.127141,4.502102 -74.126845,4.501320 -74.126716,4.501302 -74.126219,4.501486 -74.125791,4.501783 -74.125599,4.501797 -74.125056,4.501322 -74.124489,4.500628 -74.123931,4.500243 -74.123005,4.499940 -74.122739,4.499699 -74.122540,4.498671 -74.122215,4.497936 -74.121880,4.497571 -74.121617,4.496666 -74.121637,4.496364 -74.122023,4.495385 -74.122109,4.494879 -74.121349,4.492998 -74.121448,4.492740 -74.121841,4.492312 -74.122410,4.492028 -74.123034,4.491833 -74.123121,4.491506 -74.122904,4.491253 -74.122447,4.491107 -74.120652,4.491229 -74.120436,4.490972 -74.120494,4.490582 -74.120900,4.489684</coordinates></LinearRing></outerBoundaryIs></Polygon><Polygon><outerBoundaryIs><LinearRing><coordinates>-74.145109,4.507660 -74.145473,4.507606 -74.146181,4.507024 -74.146470,4.507165 -74.146673,4.507510 -74.147264,4.507473 -74.147594,4.506344 -74.147488,4.505929 -74.148550,4.506016 -74.148834,4.506582 -74.150177,4.507297 -74.149119,4.508405 -74.149282,4.508639 -74.149159,4.510724 -74.148002,4.510393 -74.147966,4.510512 -74.146626,4.510213 -74.146908,4.509138 -74.145943,4.509219 -74.144783,4.509449 -74.143079,4.508729 -74.143197,4.506852 -74.145714,4.506074 -74.145938,4.506087 -74.145894,4.506290 -74.145505,4.506869 -74.145462,4.507275 -74.144984,4.507753 -74.145109,4.507660</coordinates></LinearRing></outerBoundaryIs></Polygon></MultiGeometry></Placemark>
<Placemark><name>CIUDAD BOLIVAR, SAN FRANCISCO</name><ExtendedData><Data name="brick_id"><value>BOG-025</value></Data><Data name="nombre"><value>SAN FRANCISCO</value></Data><Data name="zona"><value>CIUDAD BOLIVAR</value></Data><Data name="ciudad"><value>BOGOTA</value></Data><Data name="departamento"><value>BOGOTA D.C.</value></Data><Data name="nombre_brick"><value>CIUDAD BOLIVAR, SAN FRANCISCO</value></Data></ExtendedData><Polygon><outerBoundaryIs><LinearRing><coordinates>-74.140624,4.566499 -74.140433,4.565740 -74.140513,4.565141 -74.140449,4.564958 -74.139342,4.563793 -74.139197,4.563697 -74.138697,4.563665 -74.138968,4.561889 -74.139195,4.561620 -74.140413,4.560699 -74.140997,4.559879 -74.141344,4.560143 -74.141944,4.559549 -74.142819,4.559031 -74.142927,4.558864 -74.143388,4.558853 -74.143002,4.557929 -74.142745,4.558047 -74.142595,4.557639 -74.143120,4.557424 -74.142681,4.556500 -74.143232,4.557080 -74.143454,4.556889 -74.144033,4.557098 -74.144181,4.557080 -74.144247,4.557316 -74.144430,4.557190 -74.145067,4.557185 -74.145160,4.557284 -74.145190,4.557622 -74.145498,4.557470 -74.145700,4.557725 -74.145817,4.557677 -74.146298,4.558862 -74.146370,4.558853 -74.146402,4.558678 -74.147637,4.558811 -74.148685,4.559510 -74.149158,4.559692 -74.152103,4.556742 -74.152990,4.559221 -74.152581,4.559357 -74.152016,4.559265 -74.151847,4.559340 -74.151488,4.559881 -74.152649,4.561129 -74.153427,4.561790 -74.153698,4.562285 -74.153839,4.562376 -74.154045,4.562867 -74.154399,4.563093 -74.154701,4.563472 -74.155012,4.563689 -74.155163,4.563329 -74.156008,4.563638 -74.156056,4.564383 -74.156490,4.564645 -74.156558,4.564790 -74.156497,4.565011 -74.156374,4.565114 -74.156508,4.565187 -74.156497,4.565298 -74.156046,4.565508 -74.155606,4.565419 -74.153265,4.566103 -74.152907,4.566087 -74.152638,4.565860 -74.152298,4.565814 -74.151064,4.566196 -74.151186,4.568837 -74.151801,4.568897 -74.152630,4.570506 -74.152945,4.569977 -74.153057,4.570098 -74.154265,4.572976 -74.154792,4.573916 -74.153973,4.574492 -74.153154,4.573633 -74.152077,4.572807 -74.143429,4.566912 -74.142834,4.566700 -74.142296,4.566659 -74.140627,4.567002 -74.140624,4.566499</coordinates></LinearRing></outerBoundaryIs></Polygon></Placemark>
<Placemark><name>ENGATIVA, ALAMOS</name><ExtendedData><Data name="brick_id"><value>BOG-026</value></Data><Data name="nombre"><value>ALAMOS</value></Data><Data name="zona"><value>ENGATIVA</value></Data><Data name="ciudad"><value>BOGOTA</value></Data><Data name="departamento"><value>BOGOTA D.C.</value></Data><Data name="nombre_brick"><value>ENGATIVA, ALAMOS</value></Data></ExtendedData><Polygon><outerBoundaryIs><LinearRing><coordinates>-74.110641,4.690515 -74.109210,4.689741 -74.116694,4.681658 -74.115570,4.680334 -74.113451,4.676665 -74.113179,4.673630 -74.113193,4.672280 -74.112973,4.668503 -74.120898,4.681015 -74.121682,4.682115 -74.122477,4.682972 -74.124651,4.684804 -74.124053,4.685537 -74.121455,4.686661 -74.118400,4.688651 -74.120378,4.692221 -74.122948,4.693624 -74.124681,4.694936 -74.122869,4.697429 -74.122775,4.697398 -74.122707,4.697705 -74.117585,4.694728 -74.110641,4.690515</coordinates></LinearRing></outerBoundaryIs></Polygon></Placemark>
<Placemark><name>ENGATIVA, BOLIVIA</name><ExtendedData><Data name="brick_id"><value>BOG-027</value></Data><Data name="nombre"><value>BOLIVIA</value></Data><Data name="zona"><value>ENGATIVA</value></Data><Data name="ciudad"><value>BOGOTA</value></Data><Data name="departamento"><value>BOGOTA D.C.</value></Data><Data name="nombre_brick"><value>ENGATIVA, BOLIVIA</value></Data></ExtendedData><Polygon><outerBoundaryIs><LinearRing><coordinates>-74.104474,4.720190 -74.105513,4.717570 -74.108359,4.711312 -74.110090,4.707907 -74.113691,4.711411 -74.114500,4.712321 -74.116453,4.714972 -74.121074,4.721541 -74.126941,4.728618 -74.126544,4.728955 -74.126031,4.729662 -74.126129,4.730189 -74.126324,4.730590 -74.127327,4.731861 -74.127540,4.732250 -74.128155,4.734003 -74.128352,4.735275 -74.128302,4.735958 -74.127914,4.736297 -74.127212,4.736447 -74.126658,4.736678 -74.126630,4.737045 -74.127380,4.737305 -74.127417,4.738846 -74.127164,4.739306 -74.126536,4.739835 -74.126130,4.740018 -74.125446,4.740119 -74.122163,4.739596 -74.121570,4.739584 -74.120690,4.739437 -74.120573,4.739309 -74.120599,4.737878 -74.119650,4.736823 -74.119005,4.736412 -74.118645,4.736299 -74.117815,4.736247 -74.116935,4.736015 -74.116524,4.735685 -74.116014,4.735018 -74.114603,4.734695 -74.114133,4.733477 -74.114131,4.732258 -74.114026,4.732051 -74.113313,4.731798 -74.113034,4.731551 -74.112875,4.731250 -74.112355,4.730656 -74.111310,4.729711 -74.111063,4.729604 -74.110355,4.729514 -74.109986,4.729338 -74.109737,4.729110 -74.108901,4.727610 -74.108685,4.727427 -74.107724,4.726716 -74.107418,4.726613 -74.107270,4.726391 -74.106603,4.725874 -74.106363,4.725877 -74.105891,4.726093 -74.104858,4.726096 -74.104227,4.725933 -74.104092,4.725824 -74.103979,4.725588 -74.104067,4.724014 -74.103858,4.723608 -74.103438,4.723312 -74.104474,4.720190</coordinates></LinearRing></outerBoundaryIs></Polygon></Placemark>
<Placemark><name>ENGATIVA, BOYACA REAL</name><ExtendedData><Data name="brick_id"><value>BOG-028</value></Data><Data name="nombre"><value>BOYACA REAL</value></Data><Data name="zona"><value>ENGATIVA</value></Data><Data name="ciudad"><value>BOGOTA</value></Data><Data name="departamento"><value>BOGOTA D.C.</value></Data><Data name="nombre_brick"><value>ENGATIVA, BOYACA REAL</value></Data></ExtendedData><Polygon><outerBoundaryIs><LinearRing><coordinates>-74.089652,4.695200 -74.090354,4.694696 -74.090689,4.694347 -74.092524,4.690875 -74.098889,4.681668 -74.099417,4.681052 -74.104619,4.685369 -74.107226,4.688359 -74.107829,4.688907 -74.108611,4.689418 -74.110641,4.690515 -74.117592,4.694720 -74.116853,4.695586 -74.116010,4.696942 -74.110090,4.707907 -74.108860,4.706854 -74.107761,4.706165 -74.100868,4.703053 -74.097407,4.700272 -74.095820,4.699104 -74.089162,4.695437 -74.089652,4.695200</coordinates></LinearRing></outerBoundaryIs></Polygon></Placemark>
<Placemark><name>ENGATIVA, ENGATIVA</name><ExtendedData><Data name="brick_id"><value>BOG-029</value></Data><Data name="nombre"><value>ENGATIVA</value></Data><Data name="zona"><value>ENGATIVA</value></Data><Data name="ciudad"><value>BOGOTA</value></Data><Data name="departamento"><value>BOGOTA D.C.</value></Data><Data name="nombre_brick"><value>ENGATIVA, ENGATIVA</value></Data></ExtendedData><Polygon><outerBoundaryIs><LinearRing><coordinates>-74.135724,4.722327 -74.135614,4.722043 -74.135741,4.721398 -74.135501,4.720721 -74.135120,4.720122 -74.134588,4.719857 -74.134038,4.719423 -74.133410,4.718683 -74.132829,4.718472 -74.132450,4.718565 -74.132102,4.718403 -74.131753,4.718048 -74.131331,4.718017 -74.130877,4.717555 -74.130735,4.717289 -74.130438,4.717145 -74.130280,4.716931 -74.130316,4.716763 -74.130103,4.716672 -74.130018,4.716516 -74.130046,4.716315 -74.130406,4.715935 -74.130772,4.715757 -74.130965,4.715789 -74.131120,4.715201 -74.131474,4.714936 -74.131500,4.714667 -74.131414,4.714126 -74.130973,4.713987 -74.130637,4.713590 -74.130278,4.713469 -74.130056,4.713248 -74.129933,4.712858 -74.129339,4.712081 -74.129339,4.711232 -74.128871,4.711051 -74.128150,4.711033 -74.127962,4.710916 -74.127640,4.711109 -74.127464,4.711116 -74.126545,4.710438 -74.126381,4.710227 -74.126292,4.709791 -74.126346,4.709602 -74.126654,4.708977 -74.127264,4.708106 -74.127344,4.707543 -74.127819,4.707184 -74.128088,4.706661 -74.128533,4.706186 -74.128832,4.705154 -74.128806,4.705003 -74.128538,4.704787 -74.128260,4.704279 -74.128190,4.703876 -74.128033,4.703584 -74.127538,4.703340 -74.126038,4.703467 -74.124880,4.703403 -74.123375,4.702373 -74.122431,4.701921 -74.122132,4.701614 -74.122069,4.701125 -74.122411,4.700547 -74.122042,4.700348 -74.121799,4.700004 -74.121736,4.699643 -74.121880,4.699227 -74.122366,4.698685 -74.122636,4.698033 -74.122775,4.697398 -74.122869,4.697429 -74.124681,4.694936 -74.154778,4.717645 -74.155979,4.718186 -74.156156,4.718008 -74.156240,4.717394 -74.156349,4.717176 -74.156783,4.717450 -74.157918,4.718737 -74.158702,4.719395 -74.159223,4.719703 -74.160115,4.719965 -74.160344,4.720234 -74.160477,4.720973 -74.160478,4.721507 -74.160247,4.722723 -74.159769,4.723842 -74.159011,4.724778 -74.158561,4.725169 -74.157939,4.725532 -74.157082,4.725568 -74.156893,4.725471 -74.157017,4.725000 -74.157348,4.724449 -74.157507,4.724334 -74.157490,4.724162 -74.157106,4.723710 -74.156534,4.723471 -74.155413,4.723238 -74.153699,4.723173 -74.152081,4.722770 -74.151103,4.722732 -74.150721,4.722910 -74.150357,4.723691 -74.149235,4.725465 -74.148556,4.725896 -74.144109,4.728238 -74.139477,4.725483 -74.136194,4.722844 -74.135724,4.722327</coordinates></LinearRing></outerBoundaryIs></Polygon></Placemark>
<Placemark><name>ENGATIVA, GARCES NAVAS</name><ExtendedData><Data name="brick_id"><value>BOG-030</value></Data><Data name="nombre"><value>GARCES NAVAS</value></Data><Data name="zona"><value>ENGATIVA</value></Data><Data name="ciudad"><value>BOGOTA</value></Data><Data name="departamento"><value>BOGOTA D.C.</value></Data><Data name="nombre_brick"><value>ENGATIVA, GARCES NAVAS</value></Data></ExtendedData><Polygon><outerBoundaryIs><LinearRing><coordinates>-74.121074,4.721541 -74.116453,4.714972 -74.114500,4.712321 -74.113691,4.711411 -74.110090,4.707907 -74.116010,4.696942 -74.116853,4.695586 -74.117585,4.694728 -74.122707,4.697705 -74.122366,4.698685 -74.121880,4.699227 -74.121736,4.699643 -74.121799,4.700004 -74.122042,4.700348 -74.122411,4.700547 -74.122069,4.701125 -74.122132,4.701614 -74.122431,4.701921 -74.123375,4.702373 -74.124880,4.703403 -74.126038,4.703467 -74.127538,4.703340 -74.128033,4.703584 -74.128190,4.703876 -74.128260,4.704279 -74.128538,4.704787 -74.128806,4.705003 -74.128832,4.705154 -74.128533,4.706186 -74.128088,4.706661 -74.127819,4.707184 -74.127344,4.707543 -74.127264,4.708106 -74.126654,4.708977 -74.126346,4.709602 -74.126305,4.709988 -74.126447,4.710339 -74.127324,4.711066 -74.127640,4.711109 -74.127962,4.710916 -74.128150,4.711033 -74.128871,4.711051 -74.129339,4.711232 -74.129339,4.712081 -74.129933,4.712858 -74.130056,4.713248 -74.130278,4.713469 -74.130637,4.713590 -74.130973,4.713987 -74.131414,4.714126 -74.131474,4.714936 -74.131120,4.715201 -74.130965,4.715789 -74.130772,4.715757 -74.130406,4.715935 -74.130046,4.716315 -74.130018,4.716516 -74.130103,4.716672 -74.130316,4.716763 -74.130280,4.716931 -74.130438,4.717145 -74.130735,4.717289 -74.130877,4.717555 -74.131331,4.718017 -74.131753,4.718048 -74.132102,4.718403 -74.132450,4.718565 -74.132829,4.718472 -74.133410,4.718683 -74.134038,4.719423 -74.134588,4.719857 -74.135120,4.720122 -74.135501,4.720721 -74.135741,4.721398 -74.135614,4.722043 -74.135724,4.722327 -74.136194,4.722844 -74.139477,4.725483 -74.144109,4.728238 -74.142876,4.728879 -74.142397,4.729046 -74.140346,4.729487 -74.138074,4.730575 -74.137394,4.730726 -74.137069,4.730704 -74.136919,4.730463 -74.136189,4.728395 -74.136006,4.728292 -74.135000,4.728317 -74.133173,4.728941 -74.132437,4.729338 -74.131553,4.730194 -74.131428,4.730710 -74.130977,4.730878 -74.130583,4.730867 -74.129541,4.730330 -74.129392,4.729970 -74.129602,4.729522 -74.129646,4.728398 -74.128928,4.726771 -74.128608,4.726743 -74.128146,4.727180 -74.127627,4.727932 -74.126941,4.728618 -74.121074,4.721541</coordinates></LinearRing></outerBoundaryIs></Polygon></Placemark>
<Placemark><name>ENGATIVA, JARDIN BOTANICO</name><ExtendedData><Data name="brick_id"><value>BOG-031</value></Data><Data name="nombre"><value>JARDIN BOTANICO</value></Data><Data name="zona"><value>ENGATIVA</value></Data><Data name="ciudad"><value>BOGOTA</value></Data><Data name="departamento"><value>BOGOTA D.C.</value></Data><Data name="nombre_brick"><value>ENGATIVA, JARDIN BOTANICO</value></Data></ExtendedData><Polygon><outerBoundaryIs><LinearRing><coordinates>-74.103416,4.653507 -74.109425,4.662935 -74.100900,4.670722 -74.100581,4.670419 -74.097809,4.668849 -74.096196,4.667843 -74.093715,4.666065 -74.103416,4.653507</coordinates></LinearRing></outerBoundaryIs></Polygon></Placemark>
<Placemark><name>ENGATIVA, LAS FERIAS</name><ExtendedData><Data name="brick_id"><value>BOG-032</value></Data><Data name="nombre"><value>LAS FERIAS</value></Data><Data name="zona"><value>ENGATIVA</value></Data><Data name="ciudad"><value>BOGOTA</value></Data><Data name="departamento"><value>BOGOTA D.C.</value></Data><Data name="nombre_brick"><value>ENGATIVA, LAS FERIAS</value></Data></ExtendedData><Polygon><outerBoundaryIs><LinearRing><coordinates>-74.084095,4.679974 -74.085178,4.678943 -74.085543,4.678428 -74.089354,4.671711 -74.093715,4.666065 -74.096196,4.667843 -74.097809,4.668849 -74.100581,4.670419 -74.100900,4.670722 -74.100989,4.670640 -74.101946,4.672769 -74.102276,4.673229 -74.103890,4.674660 -74.103383,4.675616 -74.101503,4.678395 -74.098889,4.681668 -74.092624,4.690725 -74.090689,4.694347 -74.090354,4.694696 -74.089342,4.695369 -74.085431,4.696531 -74.085371,4.696080 -74.085201,4.695641 -74.085145,4.695017 -74.084672,4.694373 -74.083659,4.693868 -74.082428,4.693438 -74.081851,4.693267 -74.081375,4.693206 -74.081088,4.693265 -74.080811,4.692888 -74.080384,4.691813 -74.080295,4.691191 -74.080343,4.690759 -74.080275,4.690559 -74.079607,4.689835 -74.079454,4.689538 -74.079197,4.688490 -74.078836,4.687537 -74.077328,4.685360 -74.084095,4.679974</coordinates></LinearRing></outerBoundaryIs></Polygon></Placemark>
<Placemark><name>ENGATIVA, MINUTO DE DIOS</name><ExtendedData><Data name="brick_id"><value>BOG-033</value></Data><Data name="nombre"><value>MINUTO DE DIOS</value></Data><Data name="zona"><value>ENGATIVA</value></Data><Data name="ciudad"><value>BOGOTA</value></Data><Data name="departamento"><value>BOGOTA D.C.</value></Data><Data name="nombre_brick"><value>ENGATIVA, MINUTO DE DIOS</value></Data></ExtendedData><Polygon><outerBoundaryIs><LinearRing><coordinates>-74.093608,4.711977 -74.093351,4.711359 -74.092255,4.710399 -74.091998,4.710377 -74.091513,4.710628 -74.091222,4.710710 -74.091038,4.710677 -74.090873,4.710497 -74.090465,4.709692 -74.090438,4.709404 -74.090548,4.708850 -74.090489,4.708651 -74.090374,4.708512 -74.089820,4.708581 -74.089678,4.708417 -74.089548,4.707590 -74.089824,4.707231 -74.089737,4.707022 -74.089638,4.706861 -74.088164,4.705944 -74.087989,4.705654 -74.087851,4.704454 -74.088108,4.704070 -74.088174,4.702185 -74.088485,4.700930 -74.088277,4.700352 -74.088539,4.699794 -74.088369,4.698530 -74.087755,4.698580 -74.087320,4.698074 -74.086370,4.697651 -74.085890,4.697336 -74.085566,4.696889 -74.085431,4.696531 -74.089162,4.695437 -74.095820,4.699104 -74.097407,4.700272 -74.100868,4.703053 -74.107761,4.706165 -74.108860,4.706854 -74.110090,4.707907 -74.108359,4.711312 -74.105513,4.717570 -74.104474,4.720190 -74.103431,4.723309 -74.103143,4.723204 -74.102856,4.722983 -74.102349,4.722263 -74.102143,4.722098 -74.100564,4.721556 -74.100467,4.721395 -74.100393,4.720805 -74.100478,4.720306 -74.100374,4.719775 -74.100368,4.718952 -74.100138,4.718341 -74.099843,4.717998 -74.099576,4.717782 -74.098858,4.717460 -74.098299,4.717664 -74.098122,4.717650 -74.097594,4.717381 -74.096887,4.717463 -74.096684,4.717380 -74.096012,4.716688 -74.095570,4.716097 -74.095353,4.715994 -74.095086,4.715436 -74.094990,4.714893 -74.094785,4.714489 -74.094455,4.714026 -74.093832,4.713602 -74.093510,4.713194 -74.093442,4.712888 -74.093608,4.711977</coordinates></LinearRing></outerBoundaryIs></Polygon></Placemark>
<Placemark><name>ENGATIVA, SANTA CECILIA</name><ExtendedData><Data name="brick_id"><value>BOG-034</value></Data><Data name="nombre"><value>SANTA CECILIA</value></Data><Data name="zona"><value>ENGATIVA</value></Data><Data name="ciudad"><value>BOGOTA</value></Data><Data name="departamento"><value>BOGOTA D.C.</value></Data><Data name="nombre_brick"><value>ENGATIVA, SANTA CECILIA</value></Data></ExtendedData><Polygon><outerBoundaryIs><LinearRing><coordinates>-74.101503,4.678395 -74.103383,4.675616 -74.103890,4.674660 -74.102276,4.673229 -74.101946,4.672769 -74.100989,4.670640 -74.109425,4.662935 -74.112973,4.668503 -74.113193,4.672280 -74.113179,4.673630 -74.113451,4.676665 -74.115570,4.680334 -74.116694,4.681658 -74.109210,4.689741 -74.108089,4.689100 -74.107641,4.688752 -74.104619,4.685369 -74.099417,4.681052 -74.101503,4.678395</coordinates></LinearRing></outerBoundaryIs></Polygon></Placemark>
<Placemark><name>FONTIBON, AEROPUERTO EL DORADO</name><ExtendedData><Data name="brick_id"><value>BOG-035</value></Data><Data name="nombre"><value>AEROPUERTO EL DORADO</value></Data><Data name="zona"><value>FONTIBON</value></Data><Data name="ciudad"><value>BOGOTA</value></Data><Data name="departamento"><value>BOGOTA D.C.</value></Data><Data name="nombre_brick"><value>FONTIBON, AEROPUERTO EL DORADO</value></Data></ExtendedData><Polygon><outerBoundaryIs><LinearRing><coordinates>-74.122948,4.693624 -74.120378,4.692221 -74.118400,4.688651 -74.121455,4.686661 -74.124053,4.685537 -74.124651,4.684804 -74.131119,4.689622 -74.133082,4.691179 -74.137116,4.686165 -74.134950,4.684549 -74.135998,4.683217 -74.154863,4.697501 -74.158731,4.700498 -74.160401,4.701945 -74.160586,4.701748 -74.165278,4.705406 -74.164306,4.705783 -74.161872,4.705865 -74.161575,4.705995 -74.161514,4.706148 -74.161571,4.706318 -74.162126,4.706866 -74.162154,4.707300 -74.161870,4.707543 -74.160874,4.708018 -74.159801,4.708283 -74.159030,4.708301 -74.158540,4.708245 -74.157524,4.707962 -74.156528,4.707887 -74.156088,4.708049 -74.155698,4.708358 -74.155114,4.709227 -74.154945,4.709831 -74.154813,4.710460 -74.154754,4.712140 -74.155020,4.714118 -74.155551,4.715939 -74.155616,4.716902 -74.155470,4.717982 -74.154748,4.717622 -74.122948,4.693624</coordinates></LinearRing></outerBoundaryIs></Polygon></Placemark>
<Placemark><name>FONTIBON, CAPELLANIA</name><ExtendedData><Data name="brick_id"><value>BOG-036</value></Data><Data name="nombre"><value>CAPELLANIA</value></Data><Data name="zona"><value>FONTIBON</value></Data><Data name="ciudad"><value>BOGOTA</value></Data><Data name="departamento"><value>BOGOTA D.C.</value></Data><Data name="nombre_brick"><value>FONTIBON, CAPELLANIA</value></Data></ExtendedData><Polygon><outerBoundaryIs><LinearRing><coordinates>-74.122477,4.682972 -74.121682,4.682115 -74.120898,4.681015 -74.111633,4.666400 -74.112178,4.665745 -74.112874,4.666308 -74.118115,4.672198 -74.119049,4.673131 -74.120255,4.675024 -74.121207,4.677414 -74.123057,4.675176 -74.124858,4.672809 -74.126807,4.670524 -74.127973,4.670224 -74.130896,4.671307 -74.131827,4.672514 -74.134644,4.670159 -74.135101,4.670630 -74.134232,4.673126 -74.133384,4.674673 -74.132801,4.675440 -74.132142,4.676142 -74.130388,4.677589 -74.131619,4.678786 -74.134098,4.681518 -74.135998,4.683217 -74.134950,4.684549 -74.137116,4.686165 -74.133082,4.691179 -74.131119,4.689622 -74.124651,4.684804 -74.122477,4.682972</coordinates></LinearRing></outerBoundaryIs></Polygon></Placemark>
<Placemark><name>FONTIBON, CIUDAD SALITRE OCCIDENTAL</name><ExtendedData><Data name="brick_id"><value>BOG-037</value></Data><Data name="nombre"><value>CIUDAD SALITRE OCCIDENTAL</value></Data><Data name="zona"><value>FONTIBON</value></Data><Data name="ciudad"><value>BOGOTA</value></Data><Data name="departamento"><value>BOGOTA D.C.</value></Data><Data name="nombre_brick"><value>FONTIBON, CIUDAD SALITRE OCCIDENTAL</value></Data></ExtendedData><Polygon><outerBoundaryIs><LinearRing><coordinates>-74.107754,4.647855 -74.110445,4.645137 -74.120693,4.655852 -74.115857,4.661442 -74.115443,4.662074 -74.111633,4.666400 -74.103416,4.653507 -74.107754,4.647855</coordinates></LinearRing></outerBoundaryIs></Polygon></Placemark>
<Placemark><name>FONTIBON, FONTIBON</name><ExtendedData><Data name="brick_id"><value>BOG-038</value></Data><Data name="nombre"><value>FONTIBON</value></Data><Data name="zona"><value>FONTIBON</value></Data><Data name="ciudad"><value>BOGOTA</value></Data><Data name="departamento"><value>BOGOTA D.C.</value></Data><Data name="nombre_brick"><value>FONTIBON, FONTIBON</value></Data></ExtendedData><Polygon><outerBoundaryIs><LinearRing><coordinates>-74.134098,4.681518 -74.131619,4.678786 -74.130388,4.677589 -74.132142,4.676142 -74.132801,4.675440 -74.133384,4.674673 -74.134168,4.673273 -74.134925,4.671048 -74.135482,4.669923 -74.138605,4.665881 -74.140132,4.663517 -74.141178,4.664072 -74.144549,4.665213 -74.144954,4.665434 -74.149419,4.667104 -74.151122,4.667987 -74.151553,4.668990 -74.151857,4.670290 -74.154004,4.677797 -74.155198,4.680423 -74.156445,4.682514 -74.145602,4.690450 -74.135998,4.683217 -74.134098,4.681518</coordinates></LinearRing></outerBoundaryIs></Polygon></Placemark>
<Placemark><name>FONTIBON, FONTIBON SAN PABLO</name><ExtendedData><Data name="brick_id"><value>BOG-039</value></Data><Data name="nombre"><value>FONTIBON SAN PABLO</value></Data><Data name="zona"><value>FONTIBON</value></Data><Data name="ciudad"><value>BOGOTA</value></Data><Data name="departamento"><value>BOGOTA D.C.</value></Data><Data name="nombre_brick"><value>FONTIBON, FONTIBON SAN PABLO</value></Data></ExtendedData><Polygon><outerBoundaryIs><LinearRing><coordinates>-74.156445,4.682514 -74.158234,4.685406 -74.158997,4.686350 -74.159733,4.686987 -74.163796,4.690049 -74.166811,4.692438 -74.170240,4.695487 -74.171564,4.695902 -74.172395,4.695997 -74.171733,4.696954 -74.170249,4.698132 -74.169628,4.698759 -74.169269,4.699316 -74.169146,4.700583 -74.169221,4.700858 -74.169393,4.701047 -74.170302,4.700999 -74.173021,4.700632 -74.174529,4.700605 -74.175313,4.700867 -74.176154,4.701312 -74.176755,4.701758 -74.177037,4.702583 -74.176997,4.702784 -74.176821,4.702997 -74.173451,4.703876 -74.171875,4.704493 -74.171196,4.704649 -74.170561,4.704651 -74.168338,4.704403 -74.167806,4.704456 -74.167167,4.704624 -74.165278,4.705406 -74.160586,4.701748 -74.160401,4.701945 -74.158731,4.700498 -74.145602,4.690450 -74.156445,4.682514</coordinates></LinearRing></outerBoundaryIs></Polygon></Placemark>
<Placemark><name>FONTIBON, GRANJAS DE TECHO</name><ExtendedData><Data name="brick_id"><value>BOG-040</value></Data><Data name="nombre"><value>GRANJAS DE TECHO</value></Data><Data name="zona"><value>FONTIBON</value></Data><Data name="ciudad"><value>BOGOTA</value></Data><Data name="departamento"><value>BOGOTA D.C.</value></Data><Data name="nombre_brick"><value>FONTIBON, GRANJAS DE TECHO</value></Data></ExtendedData><Polygon><outerBoundaryIs><LinearRing><coordinates>-74.110445,4.645137 -74.115040,4.640526 -74.118299,4.637412 -74.120837,4.639072 -74.122924,4.640724 -74.123102,4.641028 -74.123635,4.640714 -74.123812,4.640869 -74.124441,4.641716 -74.125655,4.645238 -74.126488,4.646032 -74.128085,4.647275 -74.128912,4.648018 -74.129009,4.648361 -74.129175,4.648527 -74.129931,4.648779 -74.131016,4.649000 -74.131465,4.648769 -74.132317,4.648895 -74.132386,4.649100 -74.132384,4.649633 -74.132479,4.649812 -74.132883,4.650048 -74.133217,4.650544 -74.133269,4.651232 -74.133797,4.652477 -74.134013,4.652767 -74.134412,4.653722 -74.134701,4.654174 -74.134885,4.654718 -74.135503,4.655811 -74.136116,4.657160 -74.136328,4.657537 -74.136667,4.657600 -74.136911,4.657795 -74.137191,4.658214 -74.137046,4.658670 -74.137078,4.658790 -74.137176,4.658901 -74.137646,4.659084 -74.139033,4.660431 -74.139280,4.660565 -74.139738,4.660615 -74.139882,4.661467 -74.140234,4.661712 -74.140411,4.662155 -74.140787,4.662656 -74.140068,4.663609 -74.138605,4.665881 -74.135740,4.669539 -74.135101,4.670630 -74.120693,4.655852 -74.110445,4.645137</coordinates></LinearRing></outerBoundaryIs></Polygon></Placemark>
<Placemark><name>FONTIBON, MODELIA</name><ExtendedData><Data name="brick_id"><value>BOG-041</value></Data><Data name="nombre"><value>MODELIA</value></Data><Data name="zona"><value>FONTIBON</value></Data><Data name="ciudad"><value>BOGOTA</value></Data><Data name="departamento"><value>BOGOTA D.C.</value></Data><Data name="nombre_brick"><value>FONTIBON, MODELIA</value></Data></ExtendedData><Polygon><outerBoundaryIs><LinearRing><coordinates>-74.115443,4.662074 -74.115857,4.661442 -74.120693,4.655852 -74.134644,4.670159 -74.131827,4.672514 -74.130896,4.671307 -74.127973,4.670224 -74.126807,4.670524 -74.124858,4.672809 -74.123057,4.675176 -74.121207,4.677414 -74.120255,4.675024 -74.119049,4.673131 -74.118115,4.672198 -74.112874,4.666308 -74.112178,4.665745 -74.115443,4.662074</coordinates></LinearRing></outerBoundaryIs></Polygon></Placemark>
<Placemark><name>FONTIBON, ZONA FRANCA</name><ExtendedData><Data name="brick_id"><value>BOG-042</value></Data><Data name="nombre"><value>ZONA FRANCA</value></Data><Data name="zona"><value>FONTIBON</value></Data><Data name="ciudad"><value>BOGOTA</value></Data><Data name="departamento"><value>BOGOTA D.C.</value></Data><Data name="nombre_brick"><value>FONTIBON, ZONA FRANCA</value></Data></ExtendedData><Polygon><outerBoundaryIs><LinearRing><coordinates>-74.154004,4.677797 -74.151857,4.670290 -74.151553,4.668990 -74.151122,4.667987 -74.149419,4.667104 -74.144954,4.665434 -74.144549,4.665213 -74.141178,4.664072 -74.140322,4.663658 -74.140132,4.663517 -74.140787,4.662656 -74.140945,4.662840 -74.141273,4.662995 -74.141886,4.662967 -74.142546,4.662669 -74.143414,4.661876 -74.143764,4.661745 -74.144198,4.661826 -74.144484,4.661712 -74.144608,4.661371 -74.144805,4.661228 -74.145206,4.661692 -74.145298,4.661943 -74.145529,4.661953 -74.145924,4.661760 -74.146359,4.662019 -74.147039,4.662090 -74.147546,4.662272 -74.149655,4.663462 -74.151133,4.664172 -74.151401,4.664249 -74.151947,4.664242 -74.153192,4.663926 -74.153644,4.663904 -74.154013,4.663953 -74.154565,4.664266 -74.154725,4.663898 -74.154744,4.663652 -74.155069,4.663087 -74.155345,4.662904 -74.155679,4.662989 -74.155825,4.662923 -74.156035,4.662744 -74.156571,4.661789 -74.157080,4.661530 -74.157878,4.662350 -74.158572,4.662739 -74.158480,4.662788 -74.158520,4.663648 -74.158968,4.663989 -74.160615,4.664414 -74.161057,4.664727 -74.160965,4.665633 -74.160751,4.666098 -74.160377,4.666622 -74.160424,4.666817 -74.160683,4.667119 -74.162831,4.667157 -74.164117,4.667304 -74.164689,4.667461 -74.165972,4.667986 -74.167099,4.668311 -74.168568,4.668543 -74.169764,4.668942 -74.170172,4.669261 -74.170467,4.669849 -74.170613,4.670393 -74.170592,4.670737 -74.170497,4.670984 -74.169845,4.671784 -74.169333,4.672137 -74.168632,4.672444 -74.168581,4.672379 -74.167650,4.672720 -74.166438,4.673267 -74.166107,4.673267 -74.165603,4.672997 -74.165401,4.672631 -74.165015,4.671284 -74.164770,4.671077 -74.164450,4.671114 -74.164112,4.671303 -74.163698,4.671832 -74.163528,4.672418 -74.163501,4.672998 -74.163321,4.673494 -74.163001,4.674306 -74.162418,4.675288 -74.162022,4.675647 -74.161326,4.676100 -74.159933,4.676440 -74.158088,4.677101 -74.157599,4.677404 -74.157260,4.677762 -74.156865,4.678405 -74.156978,4.679311 -74.157128,4.679840 -74.158427,4.681993 -74.158935,4.682597 -74.159255,4.682843 -74.159557,4.682975 -74.160065,4.682956 -74.160836,4.682465 -74.162248,4.681011 -74.162211,4.680671 -74.161966,4.680199 -74.160818,4.679405 -74.160229,4.678824 -74.160140,4.678537 -74.160234,4.678310 -74.160949,4.677706 -74.161458,4.677385 -74.164551,4.675674 -74.165015,4.675572 -74.165335,4.675779 -74.165599,4.677706 -74.165881,4.678178 -74.166483,4.678102 -74.167180,4.677611 -74.169232,4.675477 -74.169507,4.675357 -74.169707,4.675321 -74.169896,4.675389 -74.170098,4.675777 -74.170552,4.677213 -74.170794,4.677309 -74.171001,4.677177 -74.171095,4.677007 -74.171170,4.676440 -74.171114,4.674768 -74.171249,4.674440 -74.171511,4.674336 -74.172263,4.674944 -74.173932,4.675971 -74.174231,4.676290 -74.174855,4.676573 -74.174988,4.676818 -74.175008,4.677380 -74.174525,4.678609 -74.174251,4.679637 -74.174090,4.681231 -74.173857,4.682339 -74.173687,4.682615 -74.172594,4.683183 -74.171092,4.684132 -74.170390,4.685157 -74.169511,4.686222 -74.169017,4.686632 -74.168493,4.686882 -74.167740,4.687577 -74.167638,4.688019 -74.167736,4.688328 -74.168251,4.688820 -74.169504,4.689362 -74.170134,4.689876 -74.170518,4.690592 -74.171267,4.693096 -74.171427,4.693342 -74.171748,4.693519 -74.172223,4.693954 -74.172372,4.694372 -74.172395,4.695997 -74.171564,4.695902 -74.170240,4.695487 -74.166811,4.692438 -74.163796,4.690049 -74.159733,4.686987 -74.158997,4.686350 -74.158234,4.685406 -74.155198,4.680423 -74.154004,4.677797</coordinates></LinearRing></outerBoundaryIs></Polygon></Placemark>
<Placemark><name>KENNEDY, AMERICAS</name><ExtendedData><Data name="brick_id"><value>BOG-043</value></Data><Data name="nombre"><value>AMERICAS</value></Data><Data name="zona"><value>KENNEDY</value></Data><Data name="ciudad"><value>BOGOTA</value></Data><Data name="departamento"><value>BOGOTA D.C.</value></Data><Data name="nombre_brick"><value>KENNEDY, AMERICAS</value></Data></ExtendedData><Polygon><outerBoundaryIs><LinearRing><coordinates>-74.124503,4.623924 -74.128549,4.610710 -74.129060,4.609327 -74.133816,4.612264 -74.134437,4.612851 -74.139262,4.618503 -74.139690,4.618710 -74.140340,4.618882 -74.141857,4.619130 -74.141860,4.619810 -74.141986,4.620090 -74.146364,4.624081 -74.145113,4.625481 -74.145288,4.626160 -74.145283,4.626717 -74.148047,4.629564 -74.148407,4.631417 -74.146629,4.631325 -74.122415,4.629032 -74.124503,4.623924</coordinates></LinearRing></outerBoundaryIs></Polygon></Placemark>
<Placemark><name>KENNEDY, BAVARIA</name><ExtendedData><Data name="brick_id"><value>BOG-044</value></Data><Data name="nombre"><value>BAVARIA</value></Data><Data name="zona"><value>KENNEDY</value></Data><Data name="ciudad"><value>BOGOTA</value></Data><Data name="departamento"><value>BOGOTA D.C.</value></Data><Data name="nombre_brick"><value>KENNEDY, BAVARIA</value></Data></ExtendedData><Polygon><outerBoundaryIs><LinearRing><coordinates>-74.125655,4.645238 -74.124441,4.641716 -74.123812,4.640869 -74.123635,4.640714 -74.123102,4.641028 -74.122924,4.640724 -74.120837,4.639072 -74.118299,4.637412 -74.119246,4.636500 -74.119524,4.636108 -74.122415,4.629032 -74.137774,4.630479 -74.137376,4.634419 -74.136974,4.636439 -74.136369,4.638157 -74.135989,4.639007 -74.134823,4.640993 -74.133874,4.642383 -74.132292,4.644339 -74.130355,4.646241 -74.128568,4.647734 -74.126488,4.646032 -74.125655,4.645238</coordinates></LinearRing></outerBoundaryIs></Polygon></Placemark>
<Placemark><name>KENNEDY, CALANDAIMA</name><ExtendedData><Data name="brick_id"><value>BOG-045</value></Data><Data name="nombre"><value>CALANDAIMA</value></Data><Data name="zona"><value>KENNEDY</value></Data><Data name="ciudad"><value>BOGOTA</value></Data><Data name="departamento"><value>BOGOTA D.C.</value></Data><Data name="nombre_brick"><value>KENNEDY, CALANDAIMA</value></Data></ExtendedData><Polygon><outerBoundaryIs><LinearRing><coordinates>-74.170314,4.656301 -74.164596,4.649846 -74.159266,4.652828 -74.158698,4.651871 -74.154496,4.656225 -74.146993,4.649110 -74.149340,4.646860 -74.151230,4.645229 -74.156315,4.640591 -74.157477,4.642441 -74.160339,4.645555 -74.165065,4.641275 -74.166892,4.639893 -74.177514,4.654242 -74.176580,4.654707 -74.176030,4.654707 -74.174981,4.654356 -74.174581,4.654407 -74.174481,4.654557 -74.174331,4.655560 -74.174131,4.655961 -74.173090,4.656782 -74.172369,4.657179 -74.172017,4.657232 -74.171244,4.657048 -74.170314,4.656301</coordinates></LinearRing></outerBoundaryIs></Polygon></Placemark>
<Placemark><name>KENNEDY, CARVAJAL</name><ExtendedData><Data name="brick_id"><value>BOG-046</value></Data><Data name="nombre"><value>CARVAJAL</value></Data><Data name="zona"><value>KENNEDY</value></Data><Data name="ciudad"><value>BOGOTA</value></Data><Data name="departamento"><value>BOGOTA D.C.</value></Data><Data name="nombre_brick"><value>KENNEDY, CARVAJAL</value></Data></ExtendedData><Polygon><outerBoundaryIs><LinearRing><coordinates>-74.139690,4.618710 -74.139262,4.618503 -74.134106,4.612517 -74.133332,4.611932 -74.129538,4.609671 -74.129060,4.609327 -74.129086,4.609248 -74.130257,4.606957 -74.137313,4.596212 -74.137766,4.594885 -74.140433,4.595364 -74.142586,4.595473 -74.144018,4.595337 -74.145641,4.594990 -74.146944,4.594956 -74.148491,4.595060 -74.151236,4.595393 -74.151726,4.595473 -74.152264,4.595687 -74.152113,4.596047 -74.151874,4.596326 -74.151555,4.596508 -74.151194,4.596571 -74.150579,4.596314 -74.150067,4.595626 -74.149720,4.595655 -74.149718,4.596071 -74.149940,4.596320 -74.150095,4.596652 -74.150433,4.596936 -74.150708,4.597499 -74.151206,4.597907 -74.151497,4.598405 -74.151969,4.598714 -74.152178,4.599250 -74.152160,4.599759 -74.146713,4.602055 -74.145637,4.606272 -74.152984,4.617039 -74.149349,4.617681 -74.146109,4.618524 -74.144767,4.618959 -74.143205,4.619300 -74.140340,4.618882 -74.139690,4.618710</coordinates></LinearRing></outerBoundaryIs></Polygon></Placemark>
<Placemark><name>KENNEDY, CASTILLA</name><ExtendedData><Data name="brick_id"><value>BOG-047</value></Data><Data name="nombre"><value>CASTILLA</value></Data><Data name="zona"><value>KENNEDY</value></Data><Data name="ciudad"><value>BOGOTA</value></Data><Data name="departamento"><value>BOGOTA D.C.</value></Data><Data name="nombre_brick"><value>KENNEDY, CASTILLA</value></Data></ExtendedData><Polygon><outerBoundaryIs><LinearRing><coordinates>-74.131016,4.649000 -74.129606,4.648690 -74.129175,4.648527 -74.129009,4.648361 -74.128912,4.648018 -74.128568,4.647734 -74.130355,4.646241 -74.132292,4.644339 -74.134274,4.641829 -74.135989,4.639007 -74.136863,4.636779 -74.137175,4.635555 -74.137406,4.634181 -74.137774,4.630479 -74.146629,4.631325 -74.155140,4.631831 -74.155453,4.633178 -74.155422,4.633668 -74.155172,4.634107 -74.153862,4.635418 -74.156301,4.640317 -74.156190,4.640403 -74.156315,4.640591 -74.148717,4.647439 -74.141749,4.654262 -74.137112,4.658073 -74.136667,4.657600 -74.136328,4.657537 -74.136116,4.657160 -74.135503,4.655811 -74.134885,4.654718 -74.134701,4.654174 -74.134412,4.653722 -74.134013,4.652767 -74.133797,4.652477 -74.133269,4.651232 -74.133217,4.650544 -74.132883,4.650048 -74.132479,4.649812 -74.132384,4.649633 -74.132386,4.649100 -74.132317,4.648895 -74.131465,4.648769 -74.131016,4.649000</coordinates></LinearRing></outerBoundaryIs></Polygon></Placemark>
<Placemark><name>KENNEDY, CORABASTOS</name><ExtendedData><Data name="brick_id"><value>BOG-048</value></Data><Data name="nombre"><value>CORABASTOS</value></Data><Data name="zona"><value>KENNEDY</value></Data><Data name="ciudad"><value>BOGOTA</value></Data><Data name="departamento"><value>BOGOTA D.C.</value></Data><Data name="nombre_brick"><value>KENNEDY, CORABASTOS</value></Data></ExtendedData><Polygon><outerBoundaryIs><LinearRing><coordinates>-74.155064,4.631044 -74.155421,4.630464 -74.157968,4.627721 -74.160858,4.624368 -74.161966,4.623259 -74.163506,4.622336 -74.164026,4.621934 -74.164865,4.621613 -74.165465,4.621252 -74.166002,4.621042 -74.167674,4.623873 -74.168809,4.624829 -74.170123,4.627644 -74.170352,4.628064 -74.170645,4.628273 -74.167873,4.630272 -74.158416,4.638683 -74.156301,4.640317 -74.153862,4.635418 -74.155172,4.634107 -74.155422,4.633668 -74.155453,4.633178 -74.155089,4.631828 -74.155064,4.631044</coordinates></LinearRing></outerBoundaryIs></Polygon></Placemark>
<Placemark><name>KENNEDY, GRAN BRITALIA</name><ExtendedData><Data name="brick_id"><value>BOG-049</value></Data><Data name="nombre"><value>GRAN BRITALIA</value></Data><Data name="zona"><value>KENNEDY</value></Data><Data name="ciudad"><value>BOGOTA</value></Data><Data name="departamento"><value>BOGOTA D.C.</value></Data><Data name="nombre_brick"><value>KENNEDY, GRAN BRITALIA</value></Data></ExtendedData><Polygon><outerBoundaryIs><LinearRing><coordinates>-74.170352,4.628064 -74.170123,4.627644 -74.168809,4.624829 -74.167674,4.623873 -74.166002,4.621042 -74.167166,4.620347 -74.168197,4.619542 -74.169408,4.618365 -74.174694,4.614533 -74.178361,4.611206 -74.179135,4.611791 -74.180486,4.612625 -74.181193,4.612959 -74.181339,4.613218 -74.181433,4.613704 -74.181904,4.614261 -74.181764,4.614432 -74.181286,4.614713 -74.180219,4.614834 -74.179939,4.615109 -74.179421,4.615937 -74.179395,4.616144 -74.179498,4.616428 -74.179860,4.616907 -74.180079,4.617010 -74.180208,4.616920 -74.180530,4.616545 -74.181587,4.614798 -74.182026,4.614655 -74.182232,4.615005 -74.182979,4.615370 -74.182815,4.615878 -74.182479,4.616274 -74.182370,4.616521 -74.182426,4.616786 -74.182752,4.617124 -74.183097,4.617186 -74.183393,4.617127 -74.184062,4.616277 -74.184666,4.615820 -74.184785,4.615625 -74.185098,4.615722 -74.185235,4.618855 -74.183380,4.619132 -74.182504,4.618788 -74.181493,4.619039 -74.181023,4.619032 -74.180524,4.618913 -74.180104,4.618486 -74.179152,4.619244 -74.179707,4.619991 -74.179669,4.620159 -74.177238,4.622355 -74.177731,4.623208 -74.176561,4.624020 -74.176858,4.624831 -74.177057,4.625848 -74.171405,4.628111 -74.170773,4.628482 -74.170645,4.628273 -74.170352,4.628064</coordinates></LinearRing></outerBoundaryIs></Polygon></Placemark>
<Placemark><name>KENNEDY, KENNEDY CENTRAL</name><ExtendedData><Data name="brick_id"><value>BOG-050</value></Data><Data name="nombre"><value>KENNEDY CENTRAL</value></Data><Data name="zona"><value>KENNEDY</value></Data><Data name="ciudad"><value>BOGOTA</value></Data><Data name="departamento"><value>BOGOTA D.C.</value></Data><Data name="nombre_brick"><value>KENNEDY, KENNEDY CENTRAL</value></Data></ExtendedData><Polygon><outerBoundaryIs><LinearRing><coordinates>-74.148047,4.629564 -74.145283,4.626717 -74.145288,4.626160 -74.145113,4.625481 -74.146364,4.624081 -74.141986,4.620090 -74.141860,4.619810 -74.141857,4.619130 -74.143205,4.619300 -74.144767,4.618959 -74.146109,4.618524 -74.149349,4.617681 -74.160826,4.615634 -74.162560,4.615171 -74.164409,4.614519 -74.171914,4.613388 -74.172780,4.613354 -74.173510,4.613593 -74.174713,4.614517 -74.169408,4.618365 -74.168197,4.619542 -74.167166,4.620347 -74.166002,4.621042 -74.165465,4.621252 -74.164865,4.621613 -74.164026,4.621934 -74.163506,4.622336 -74.161966,4.623259 -74.160858,4.624368 -74.157968,4.627721 -74.155421,4.630464 -74.155064,4.631044 -74.155089,4.631828 -74.148407,4.631417 -74.148047,4.629564</coordinates></LinearRing></outerBoundaryIs></Polygon></Placemark>
<Placemark><name>KENNEDY, LAS MARGARITAS</name><ExtendedData><Data name="brick_id"><value>BOG-051</value></Data><Data name="nombre"><value>LAS MARGARITAS</value></Data><Data name="zona"><value>KENNEDY</value></Data><Data name="ciudad"><value>BOGOTA</value></Data><Data name="departamento"><value>BOGOTA D.C.</value></Data><Data name="nombre_brick"><value>KENNEDY, LAS MARGARITAS</value></Data></ExtendedData><Polygon><outerBoundaryIs><LinearRing><coordinates>-74.171405,4.628111 -74.177057,4.625848 -74.177312,4.627932 -74.177803,4.629681 -74.179949,4.634607 -74.183652,4.642468 -74.185577,4.646833 -74.183628,4.648087 -74.182144,4.649657 -74.171347,4.629416 -74.170773,4.628482 -74.171405,4.628111</coordinates></LinearRing></outerBoundaryIs></Polygon></Placemark>
<Placemark><name>KENNEDY, PATIO BONITO</name><ExtendedData><Data name="brick_id"><value>BOG-052</value></Data><Data name="nombre"><value>PATIO BONITO</value></Data><Data name="zona"><value>KENNEDY</value></Data><Data name="ciudad"><value>BOGOTA</value></Data><Data name="departamento"><value>BOGOTA D.C.</value></Data><Data name="nombre_brick"><value>KENNEDY, PATIO BONITO</value></Data></ExtendedData><Polygon><outerBoundaryIs><LinearRing><coordinates>-74.158416,4.638683 -74.167873,4.630272 -74.170645,4.628273 -74.171347,4.629416 -74.182144,4.649657 -74.180179,4.652551 -74.179329,4.653153 -74.178679,4.653403 -74.177514,4.654242 -74.166892,4.639893 -74.165065,4.641275 -74.160339,4.645555 -74.157477,4.642441 -74.156190,4.640403 -74.158416,4.638683</coordinates></LinearRing></outerBoundaryIs></Polygon></Placemark>
<Placemark><name>KENNEDY, TIMIZA</name><ExtendedData><Data name="brick_id"><value>BOG-053</value></Data><Data name="nombre"><value>TIMIZA</value></Data><Data name="zona"><value>KENNEDY</value></Data><Data name="ciudad"><value>BOGOTA</value></Data><Data name="departamento"><value>BOGOTA D.C.</value></Data><Data name="nombre_brick"><value>KENNEDY, TIMIZA</value></Data></ExtendedData><Polygon><outerBoundaryIs><LinearRing><coordinates>-74.152150,4.600477 -74.152241,4.600683 -74.152470,4.600893 -74.153159,4.601008 -74.153492,4.600983 -74.153684,4.601425 -74.154751,4.602513 -74.155118,4.602765 -74.155425,4.602922 -74.156436,4.603004 -74.156585,4.603074 -74.156837,4.603990 -74.156979,4.604083 -74.159539,4.605495 -74.161905,4.606106 -74.163145,4.606343 -74.163531,4.606235 -74.164377,4.605815 -74.165354,4.605527 -74.167444,4.604410 -74.168126,4.604393 -74.168594,4.604245 -74.168783,4.604047 -74.168980,4.603627 -74.168996,4.602523 -74.169103,4.602341 -74.169908,4.602243 -74.170064,4.602061 -74.170171,4.601558 -74.169941,4.600842 -74.170080,4.600561 -74.171765,4.600841 -74.173345,4.600392 -74.173838,4.600110 -74.174009,4.600170 -74.174417,4.600798 -74.174562,4.601242 -74.174532,4.601353 -74.174264,4.601695 -74.173123,4.602358 -74.172905,4.602686 -74.172827,4.602967 -74.172889,4.603155 -74.173107,4.603217 -74.173870,4.603123 -74.175540,4.603424 -74.175626,4.603416 -74.175906,4.602940 -74.175735,4.602151 -74.175953,4.601244 -74.176288,4.601026 -74.177308,4.600901 -74.177572,4.600955 -74.177751,4.601072 -74.177814,4.601213 -74.177705,4.602080 -74.177424,4.602362 -74.176739,4.602783 -74.176225,4.603222 -74.176121,4.603519 -74.176113,4.604405 -74.176198,4.604686 -74.176583,4.605332 -74.176706,4.605126 -74.177471,4.605187 -74.177993,4.604901 -74.178345,4.604998 -74.178607,4.605261 -74.178639,4.605720 -74.178473,4.606087 -74.177379,4.606393 -74.177386,4.607104 -74.177744,4.607635 -74.177845,4.608088 -74.177674,4.608658 -74.177284,4.609197 -74.177292,4.609619 -74.178048,4.610955 -74.178361,4.611206 -74.174713,4.614517 -74.173510,4.613593 -74.172780,4.613354 -74.171914,4.613388 -74.164409,4.614519 -74.162560,4.615171 -74.160826,4.615634 -74.152984,4.617039 -74.145637,4.606272 -74.146713,4.602055 -74.152160,4.599759 -74.152150,4.600477</coordinates></LinearRing></outerBoundaryIs></Polygon></Placemark>
<Placemark><name>KENNEDY, TINTAL NORTE</name><ExtendedData><Data name="brick_id"><value>BOG-054</value></Data><Data name="nombre"><value>TINTAL NORTE</value></Data><Data name="zona"><value>KENNEDY</value></Data><Data name="ciudad"><value>BOGOTA</value></Data><Data name="departamento"><value>BOGOTA D.C.</value></Data><Data name="nombre_brick"><value>KENNEDY, TINTAL NORTE</value></Data></ExtendedData><Polygon><outerBoundaryIs><LinearRing><coordinates>-74.157878,4.662350 -74.157080,4.661530 -74.156571,4.661789 -74.156035,4.662744 -74.155825,4.662923 -74.155679,4.662989 -74.155345,4.662904 -74.155069,4.663087 -74.154744,4.663652 -74.154725,4.663898 -74.154565,4.664266 -74.154013,4.663953 -74.153644,4.663904 -74.153192,4.663926 -74.151947,4.664242 -74.151401,4.664249 -74.150906,4.664088 -74.150250,4.663700 -74.149959,4.663619 -74.147546,4.662272 -74.147039,4.662090 -74.146359,4.662019 -74.145924,4.661760 -74.145529,4.661953 -74.145298,4.661943 -74.145206,4.661692 -74.144805,4.661228 -74.144683,4.661260 -74.144484,4.661712 -74.144359,4.661781 -74.144198,4.661826 -74.143892,4.661731 -74.143499,4.661836 -74.142546,4.662669 -74.141886,4.662967 -74.141273,4.662995 -74.140945,4.662840 -74.140411,4.662155 -74.140234,4.661712 -74.139882,4.661467 -74.139738,4.660615 -74.139280,4.660565 -74.139033,4.660431 -74.137646,4.659084 -74.137125,4.658852 -74.137046,4.658670 -74.137191,4.658214 -74.137112,4.658073 -74.141749,4.654262 -74.146993,4.649110 -74.154496,4.656225 -74.158698,4.651871 -74.159266,4.652828 -74.164596,4.649846 -74.170314,4.656301 -74.171244,4.657048 -74.169369,4.656257 -74.167478,4.656412 -74.167065,4.656827 -74.166995,4.657665 -74.166634,4.658631 -74.166476,4.659655 -74.166326,4.659787 -74.166045,4.659770 -74.165825,4.659629 -74.164963,4.658808 -74.164708,4.658676 -74.164303,4.658539 -74.163802,4.658539 -74.163476,4.658759 -74.163221,4.659254 -74.162984,4.660242 -74.162887,4.661063 -74.162931,4.661676 -74.162737,4.662523 -74.162544,4.662991 -74.162122,4.663124 -74.161568,4.663088 -74.159676,4.662563 -74.159219,4.662554 -74.158572,4.662739 -74.157878,4.662350</coordinates></LinearRing></outerBoundaryIs></Polygon></Placemark>
<Placemark><name>LOS MARTIRES, LA SABANA</name><ExtendedData><Data name="brick_id"><value>BOG-055</value></Data><Data name="nombre"><value>LA SABANA</value></Data><Data name="zona"><value>LOS MARTIRES</value></Data><Data name="ciudad"><value>BOGOTA</value></Data><Data name="departamento"><value>BOGOTA D.C.</value></Data><Data name="nombre_brick"><value>LOS MARTIRES, LA SABANA</value></Data></ExtendedData><Polygon><outerBoundaryIs><LinearRing><coordinates>-74.074342,4.612320 -74.076540,4.608326 -74.081107,4.602040 -74.082756,4.599561 -74.084783,4.596963 -74.095232,4.604373 -74.097884,4.606548 -74.083199,4.624698 -74.078828,4.623891 -74.072829,4.615417 -74.074342,4.612320</coordinates></LinearRing></outerBoundaryIs></Polygon></Placemark>
<Placemark><name>LOS MARTIRES, SANTA ISABEL</name><ExtendedData><Data name="brick_id"><value>BOG-056</value></Data><Data name="nombre"><value>SANTA ISABEL</value></Data><Data name="zona"><value>LOS MARTIRES</value></Data><Data name="ciudad"><value>BOGOTA</value></Data><Data name="departamento"><value>BOGOTA D.C.</value></Data><Data name="nombre_brick"><value>LOS MARTIRES, SANTA ISABEL</value></Data></ExtendedData><Polygon><outerBoundaryIs><LinearRing><coordinates>-74.089005,4.591820 -74.090716,4.592532 -74.099085,4.594919 -74.102703,4.594790 -74.103204,4.594661 -74.103615,4.595087 -74.103706,4.595455 -74.104028,4.595841 -74.107073,4.598244 -74.102113,4.602005 -74.100368,4.603666 -74.099120,4.605020 -74.097884,4.606548 -74.095232,4.604373 -74.084783,4.596963 -74.089005,4.591820</coordinates></LinearRing></outerBoundaryIs></Polygon></Placemark>
<Placemark><name>PUENTE ARANDA, CIUDAD MONTES</name><ExtendedData><Data name="brick_id"><value>BOG-057</value></Data><Data name="nombre"><value>CIUDAD MONTES</value></Data><Data name="zona"><value>PUENTE ARANDA</value></Data><Data name="ciudad"><value>BOGOTA</value></Data><Data name="departamento"><value>BOGOTA D.C.</value></Data><Data name="nombre_brick"><value>PUENTE ARANDA, CIUDAD MONTES</value></Data></ExtendedData><Polygon><outerBoundaryIs><LinearRing><coordinates>-74.099120,4.605020 -74.100368,4.603666 -74.102113,4.602005 -74.107073,4.598244 -74.109095,4.597829 -74.111576,4.596607 -74.113272,4.595878 -74.113874,4.596721 -74.115078,4.597895 -74.118187,4.600579 -74.122340,4.603215 -74.124518,4.604754 -74.127214,4.607558 -74.129060,4.609327 -74.115965,4.614404 -74.105816,4.618452 -74.105718,4.617366 -74.105212,4.615314 -74.104135,4.612777 -74.103316,4.611352 -74.102619,4.610439 -74.101213,4.609060 -74.097884,4.606548 -74.099120,4.605020</coordinates></LinearRing></outerBoundaryIs></Polygon></Placemark>
<Placemark><name>PUENTE ARANDA, MUZU</name><ExtendedData><Data name="brick_id"><value>BOG-058</value></Data><Data name="nombre"><value>MUZU</value></Data><Data name="zona"><value>PUENTE ARANDA</value></Data><Data name="ciudad"><value>BOGOTA</value></Data><Data name="departamento"><value>BOGOTA D.C.</value></Data><Data name="nombre_brick"><value>PUENTE ARANDA, MUZU</value></Data></ExtendedData><Polygon><outerBoundaryIs><LinearRing><coordinates>-74.127214,4.607558 -74.124518,4.604754 -74.122340,4.603215 -74.118187,4.600579 -74.115078,4.597895 -74.113874,4.596721 -74.113272,4.595878 -74.114633,4.595385 -74.120902,4.593784 -74.122143,4.593562 -74.126352,4.593251 -74.130754,4.593353 -74.131650,4.593628 -74.137766,4.594885 -74.137313,4.596212 -74.130257,4.606957 -74.129060,4.609327 -74.127214,4.607558</coordinates></LinearRing></outerBoundaryIs></Polygon></Placemark>
<Placemark><name>PUENTE ARANDA, PUENTE ARANDA</name><ExtendedData><Data name="brick_id"><value>BOG-059</value></Data><Data name="nombre"><value>PUENTE ARANDA</value></Data><Data name="zona"><value>PUENTE ARANDA</value></Data><Data name="ciudad"><value>BOGOTA</value></Data><Data name="departamento"><value>BOGOTA D.C.</value></Data><Data name="nombre_brick"><value>PUENTE ARANDA, PUENTE ARANDA</value></Data></ExtendedData><Polygon><outerBoundaryIs><LinearRing><coordinates>-74.102904,4.626933 -74.106925,4.627260 -74.118830,4.628554 -74.122415,4.629032 -74.119390,4.636312 -74.115040,4.640526 -74.110445,4.645137 -74.091452,4.625717 -74.102904,4.626933</coordinates></LinearRing></outerBoundaryIs></Polygon></Placemark>
<Placemark><name>PUENTE ARANDA, SAN RAFAEL</name><ExtendedData><Data name="brick_id"><value>BOG-060</value></Data><Data name="nombre"><value>SAN RAFAEL</value></Data><Data name="zona"><value>PUENTE ARANDA</value></Data><Data name="ciudad"><value>BOGOTA</value></Data><Data name="departamento"><value>BOGOTA D.C.</value></Data><Data name="nombre_brick"><value>PUENTE ARANDA, SAN RAFAEL</value></Data></ExtendedData><Polygon><outerBoundaryIs><LinearRing><coordinates>-74.106971,4.625992 -74.106377,4.621778 -74.105816,4.618452 -74.115965,4.614404 -74.129060,4.609327 -74.128549,4.610710 -74.124503,4.623924 -74.122415,4.629032 -74.118830,4.628554 -74.106925,4.627260 -74.106971,4.625992</coordinates></LinearRing></outerBoundaryIs></Polygon></Placemark>
<Placemark><name>PUENTE ARANDA, ZONA INDUSTRIAL</name><ExtendedData><Data name="brick_id"><value>BOG-061</value></Data><Data name="nombre"><value>ZONA INDUSTRIAL</value></Data><Data name="zona"><value>PUENTE ARANDA</value></Data><Data name="ciudad"><value>BOGOTA</value></Data><Data name="departamento"><value>BOGOTA D.C.</value></Data><Data name="nombre_brick"><value>PUENTE ARANDA, ZONA INDUSTRIAL</value></Data></ExtendedData><Polygon><outerBoundaryIs><LinearRing><coordinates>-74.083199,4.624698 -74.097884,4.606548 -74.101213,4.609060 -74.102619,4.610439 -74.103316,4.611352 -74.104135,4.612777 -74.104839,4.614309 -74.105212,4.615314 -74.105718,4.617366 -74.105817,4.618464 -74.106377,4.621778 -74.106971,4.625992 -74.106925,4.627260 -74.102904,4.626933 -74.091452,4.625717 -74.083199,4.624698</coordinates></LinearRing></outerBoundaryIs></Polygon></Placemark>
<Placemark><name>RAFAEL URIBE URIBE, DIANA TURBAY</name><ExtendedData><Data name="brick_id"><value>BOG-062</value></Data><Data name="nombre"><value>DIANA TURBAY</value></Data><Data name="zona"><value>RAFAEL URIBE URIBE</value></Data><Data name="ciudad"><value>BOGOTA</value></Data><Data name="departamento"><value>BOGOTA D.C.</value></Data><Data name="nombre_brick"><value>RAFAEL URIBE URIBE, DIANA TURBAY</value></Data></ExtendedData><Polygon><outerBoundaryIs><LinearRing><coordinates>-74.105550,4.552586 -74.105636,4.552106 -74.105505,4.551621 -74.105205,4.551234 -74.104914,4.550409 -74.104634,4.549995 -74.104418,4.549807 -74.104125,4.550014 -74.103856,4.550003 -74.103425,4.548700 -74.103444,4.548347 -74.103709,4.547922 -74.103180,4.546926 -74.102726,4.546558 -74.102588,4.546277 -74.102297,4.545970 -74.102794,4.545663 -74.103222,4.545514 -74.103713,4.545518 -74.103148,4.543932 -74.102345,4.542743 -74.101951,4.541944 -74.101187,4.540957 -74.101353,4.540714 -74.100802,4.540424 -74.100551,4.539506 -74.100037,4.538413 -74.099894,4.537898 -74.099665,4.537840 -74.099391,4.537379 -74.098844,4.537212 -74.098607,4.536208 -74.098148,4.534946 -74.098588,4.534940 -74.098971,4.535307 -74.099601,4.535996 -74.100094,4.536857 -74.100705,4.536932 -74.101069,4.536454 -74.101392,4.536819 -74.101555,4.537150 -74.102928,4.536513 -74.103406,4.536845 -74.105139,4.537624 -74.105826,4.538441 -74.106472,4.539037 -74.106625,4.539480 -74.107411,4.539541 -74.108373,4.539322 -74.108796,4.539360 -74.110127,4.539977 -74.110775,4.540571 -74.110720,4.540606 -74.112382,4.541683 -74.112504,4.541692 -74.112623,4.541555 -74.112627,4.541331 -74.112703,4.541316 -74.112567,4.540377 -74.112898,4.540320 -74.113254,4.540443 -74.113829,4.540404 -74.114440,4.540514 -74.114826,4.540382 -74.115196,4.540445 -74.115618,4.540388 -74.115772,4.540562 -74.116329,4.540644 -74.116627,4.541138 -74.117079,4.541565 -74.117257,4.541941 -74.117732,4.542265 -74.118256,4.542163 -74.118438,4.542396 -74.118933,4.542734 -74.120127,4.544315 -74.118759,4.544460 -74.117458,4.545222 -74.116332,4.545656 -74.114862,4.546535 -74.114555,4.546863 -74.114453,4.547113 -74.114357,4.547758 -74.114381,4.548555 -74.114192,4.549342 -74.113912,4.549566 -74.113241,4.549864 -74.112813,4.550443 -74.112198,4.551003 -74.111713,4.551339 -74.111042,4.551657 -74.110688,4.552161 -74.110147,4.552523 -74.109476,4.552691 -74.108879,4.552392 -74.108525,4.552355 -74.108097,4.553027 -74.107966,4.553046 -74.105580,4.552870 -74.105550,4.552586</coordinates></LinearRing></outerBoundaryIs></Polygon></Placemark>
<Placemark><name>RAFAEL URIBE URIBE, MARCO FIDEL SUAREZ</name><ExtendedData><Data name="brick_id"><value>BOG-063</value></Data><Data name="nombre"><value>MARCO FIDEL SUAREZ</value></Data><Data name="zona"><value>RAFAEL URIBE URIBE</value></Data><Data name="ciudad"><value>BOGOTA</value></Data><Data name="departamento"><value>BOGOTA D.C.</value></Data><Data name="nombre_brick"><value>RAFAEL URIBE URIBE, MARCO FIDEL SUAREZ</value></Data></ExtendedData><Polygon><outerBoundaryIs><LinearRing><coordinates>-74.105376,4.564201 -74.105920,4.563986 -74.108497,4.563370 -74.108867,4.563039 -74.109781,4.562522 -74.110032,4.562588 -74.110681,4.563105 -74.111408,4.563397 -74.114737,4.565605 -74.115650,4.566069 -74.116987,4.566494 -74.119581,4.567144 -74.122595,4.567784 -74.124309,4.568484 -74.125439,4.569076 -74.124362,4.571878 -74.123703,4.573940 -74.123371,4.574539 -74.122968,4.574944 -74.121417,4.575484 -74.120032,4.575815 -74.115004,4.576651 -74.114889,4.576141 -74.114486,4.575995 -74.113869,4.575581 -74.112658,4.574181 -74.112155,4.574478 -74.111747,4.574527 -74.111380,4.574445 -74.110279,4.573798 -74.109780,4.573411 -74.110915,4.572105 -74.110502,4.571857 -74.110294,4.571553 -74.110193,4.570567 -74.109553,4.569031 -74.107812,4.566664 -74.107777,4.566706 -74.107135,4.565740 -74.106563,4.565868 -74.106148,4.565796 -74.105002,4.565186 -74.104586,4.564668 -74.105376,4.564201</coordinates></LinearRing></outerBoundaryIs></Polygon></Placemark>
<Placemark><name>RAFAEL URIBE URIBE, MARRUECOS</name><ExtendedData><Data name="brick_id"><value>BOG-064</value></Data><Data name="nombre"><value>MARRUECOS</value></Data><Data name="zona"><value>RAFAEL URIBE URIBE</value></Data><Data name="ciudad"><value>BOGOTA</value></Data><Data name="departamento"><value>BOGOTA D.C.</value></Data><Data name="nombre_brick"><value>RAFAEL URIBE URIBE, MARRUECOS</value></Data></ExtendedData><Polygon><outerBoundaryIs><LinearRing><coordinates>-74.105699,4.562833 -74.104875,4.561966 -74.105126,4.561002 -74.105131,4.560431 -74.105242,4.560122 -74.105179,4.558509 -74.104647,4.556740 -74.104668,4.554980 -74.104907,4.554310 -74.104916,4.553548 -74.105520,4.553446 -74.105580,4.552870 -74.107966,4.553046 -74.108097,4.553027 -74.108525,4.552355 -74.108879,4.552392 -74.109476,4.552691 -74.110147,4.552523 -74.110688,4.552161 -74.111042,4.551657 -74.111713,4.551339 -74.112198,4.551003 -74.112813,4.550443 -74.113241,4.549864 -74.113912,4.549566 -74.114192,4.549342 -74.114381,4.548555 -74.114357,4.547758 -74.114453,4.547113 -74.114555,4.546863 -74.114862,4.546535 -74.116332,4.545656 -74.117458,4.545222 -74.118759,4.544460 -74.120127,4.544315 -74.121148,4.545430 -74.121401,4.555007 -74.121659,4.556489 -74.121970,4.557311 -74.122391,4.558081 -74.122915,4.558785 -74.123500,4.559363 -74.123731,4.559735 -74.124850,4.562198 -74.125066,4.563689 -74.126588,4.566365 -74.126678,4.566673 -74.126570,4.567061 -74.125439,4.569076 -74.124309,4.568484 -74.122595,4.567784 -74.119581,4.567144 -74.116987,4.566494 -74.115650,4.566069 -74.114737,4.565605 -74.111408,4.563397 -74.110456,4.562973 -74.110032,4.562588 -74.109781,4.562522 -74.109317,4.562747 -74.108497,4.563370 -74.106272,4.563897 -74.105699,4.562833</coordinates></LinearRing></outerBoundaryIs></Polygon></Placemark>
<Placemark><name>RAFAEL URIBE URIBE, QUIROGA</name><ExtendedData><Data name="brick_id"><value>BOG-065</value></Data><Data name="nombre"><value>QUIROGA</value></Data><Data name="zona"><value>RAFAEL URIBE URIBE</value></Data><Data name="ciudad"><value>BOGOTA</value></Data><Data name="departamento"><value>BOGOTA D.C.</value></Data><Data name="nombre_brick"><value>RAFAEL URIBE URIBE, QUIROGA</value></Data></ExtendedData><Polygon><outerBoundaryIs><LinearRing><coordinates>-74.129929,4.586080 -74.129335,4.586279 -74.128610,4.586645 -74.128290,4.592653 -74.128031,4.592539 -74.125228,4.590284 -74.124471,4.589959 -74.116863,4.588447 -74.115054,4.588329 -74.112780,4.588572 -74.110066,4.588659 -74.109328,4.588826 -74.108882,4.589228 -74.102661,4.581372 -74.102494,4.581260 -74.106772,4.579173 -74.108051,4.578661 -74.109610,4.578177 -74.114604,4.576710 -74.120032,4.575815 -74.121417,4.575484 -74.122968,4.574944 -74.123371,4.574539 -74.123703,4.573940 -74.124362,4.571878 -74.125256,4.569567 -74.125904,4.571927 -74.125534,4.572033 -74.127894,4.580078 -74.129416,4.580078 -74.130875,4.585900 -74.129929,4.586080</coordinates></LinearRing></outerBoundaryIs></Polygon></Placemark>
<Placemark><name>RAFAEL URIBE URIBE, SAN JOSE</name><ExtendedData><Data name="brick_id"><value>BOG-066</value></Data><Data name="nombre"><value>SAN JOSE</value></Data><Data name="zona"><value>RAFAEL URIBE URIBE</value></Data><Data name="ciudad"><value>BOGOTA</value></Data><Data name="departamento"><value>BOGOTA D.C.</value></Data><Data name="nombre_brick"><value>RAFAEL URIBE URIBE, SAN JOSE</value></Data></ExtendedData><Polygon><outerBoundaryIs><LinearRing><coordinates>-74.102498,4.566804 -74.104586,4.564668 -74.105002,4.565186 -74.106148,4.565796 -74.106563,4.565868 -74.107135,4.565740 -74.107777,4.566706 -74.107812,4.566664 -74.109553,4.569031 -74.110193,4.570567 -74.110294,4.571553 -74.110502,4.571857 -74.110915,4.572105 -74.109780,4.573411 -74.110279,4.573798 -74.111380,4.574445 -74.111747,4.574527 -74.112155,4.574478 -74.112658,4.574181 -74.113869,4.575581 -74.114486,4.575995 -74.114889,4.576141 -74.115004,4.576651 -74.112980,4.577141 -74.108051,4.578661 -74.106772,4.579173 -74.102494,4.581260 -74.094582,4.575797 -74.102498,4.566804</coordinates></LinearRing></outerBoundaryIs></Polygon></Placemark>
<Placemark><name>SAN CRISTOBAL, 20 DE JULIO</name><ExtendedData><Data name="brick_id"><value>BOG-067</value></Data><Data name="nombre"><value>20 DE JULIO</value></Data><Data name="zona"><value>SAN CRISTOBAL</value></Data><Data name="ciudad"><value>BOGOTA</value></Data><Data name="departamento"><value>BOGOTA D.C.</value></Data><Data name="nombre_brick"><value>SAN CRISTOBAL, 20 DE JULIO</value></Data></ExtendedData><Polygon><outerBoundaryIs><LinearRing><coordinates>-74.085587,4.569314 -74.085734,4.568871 -74.086473,4.567569 -74.086462,4.566731 -74.086942,4.565721 -74.087160,4.564355 -74.087815,4.564138 -74.088123,4.563947 -74.088580,4.563421 -74.089019,4.562412 -74.089021,4.562105 -74.089156,4.561694 -74.089497,4.561239 -74.089670,4.560821 -74.089826,4.559887 -74.090529,4.559024 -74.090945,4.557566 -74.090900,4.557277 -74.090579,4.556611 -74.090600,4.556287 -74.090904,4.555657 -74.091232,4.555229 -74.091701,4.554842 -74.091967,4.554334 -74.093392,4.555361 -74.093780,4.555494 -74.094685,4.555633 -74.095079,4.555806 -74.096447,4.557274 -74.096748,4.557501 -74.097124,4.557635 -74.097888,4.557720 -74.098284,4.557910 -74.098536,4.558194 -74.099313,4.559522 -74.099650,4.559888 -74.100079,4.560141 -74.101431,4.560608 -74.102293,4.561078 -74.103410,4.562389 -74.104665,4.563990 -74.104763,4.564228 -74.104805,4.564506 -74.104340,4.564886 -74.102498,4.566804 -74.094582,4.575797 -74.093082,4.574323 -74.091496,4.572581 -74.090456,4.571673 -74.086770,4.569471 -74.086066,4.569345 -74.085557,4.569445 -74.085309,4.569582 -74.085587,4.569314</coordinates></LinearRing></outerBoundaryIs></Polygon></Placemark>
<Placemark><name>SAN CRISTOBAL, LA GLORIA</name><ExtendedData><Data name="brick_id"><value>BOG-068</value></Data><Data name="nombre"><value>LA GLORIA</value></Data><Data name="zona"><value>SAN CRISTOBAL</value></Data><Data name="ciudad"><value>BOGOTA</value></Data><Data name="departamento"><value>BOGOTA D.C.</value></Data><Data name="nombre_brick"><value>SAN CRISTOBAL, LA GLORIA</value></Data></ExtendedData><Polygon><outerBoundaryIs><LinearRing><coordinates>-74.090448,4.553068 -74.090289,4.552522 -74.090315,4.551573 -74.089974,4.550604 -74.090097,4.549844 -74.090062,4.549600 -74.089436,4.548899 -74.088904,4.548049 -74.088571,4.547786 -74.088175,4.547812 -74.087895,4.548107 -74.087862,4.548411 -74.088057,4.549146 -74.088019,4.549418 -74.087254,4.551631 -74.087093,4.551784 -74.086877,4.551836 -74.086627,4.551747 -74.086473,4.551513 -74.086516,4.549919 -74.086357,4.549508 -74.086045,4.549283 -74.084914,4.549076 -74.084296,4.548818 -74.084003,4.548537 -74.083508,4.547473 -74.079946,4.547684 -74.078636,4.547649 -74.076377,4.548090 -74.075916,4.548388 -74.075852,4.548065 -74.075535,4.547787 -74.075457,4.547618 -74.075580,4.546685 -74.075478,4.546015 -74.075515,4.545322 -74.075749,4.544626 -74.075939,4.543495 -74.076544,4.542121 -74.076469,4.541626 -74.075809,4.540881 -74.075686,4.540699 -74.075701,4.540546 -74.076271,4.539927 -74.077086,4.538764 -74.077590,4.537138 -74.077202,4.536086 -74.077212,4.534376 -74.077665,4.534033 -74.077783,4.533723 -74.077966,4.533683 -74.078456,4.533154 -74.078889,4.533219 -74.079258,4.533089 -74.079616,4.533140 -74.079887,4.532461 -74.079682,4.532085 -74.079772,4.532015 -74.079948,4.531541 -74.079883,4.530884 -74.080072,4.530850 -74.080200,4.530936 -74.080463,4.530858 -74.080550,4.530677 -74.080552,4.530277 -74.080629,4.530323 -74.080776,4.530245 -74.080829,4.530389 -74.081029,4.530411 -74.081157,4.530303 -74.081270,4.530446 -74.081475,4.530290 -74.081653,4.530316 -74.081754,4.530156 -74.081723,4.529894 -74.081875,4.529605 -74.081838,4.529477 -74.082342,4.529914 -74.081317,4.532359 -74.082311,4.533334 -74.083996,4.534631 -74.083843,4.534823 -74.083793,4.535247 -74.083818,4.536769 -74.083745,4.537303 -74.084376,4.537970 -74.085350,4.538775 -74.085823,4.538962 -74.086138,4.539724 -74.088257,4.541664 -74.089489,4.542225 -74.090205,4.542642 -74.091673,4.543116 -74.092102,4.543706 -74.093363,4.544223 -74.096538,4.546505 -74.097143,4.546616 -74.097391,4.546878 -74.097460,4.547237 -74.097790,4.547389 -74.098684,4.547375 -74.100238,4.547748 -74.100720,4.548044 -74.101161,4.548806 -74.101713,4.548215 -74.102427,4.546937 -74.102635,4.546417 -74.103180,4.546926 -74.103033,4.547284 -74.102734,4.548945 -74.102934,4.549932 -74.102856,4.550404 -74.102509,4.551327 -74.102514,4.551894 -74.102267,4.552736 -74.102298,4.553324 -74.102088,4.553715 -74.102028,4.554163 -74.101858,4.554573 -74.101762,4.555905 -74.101871,4.556323 -74.102379,4.557120 -74.103500,4.559859 -74.104176,4.561142 -74.104426,4.561531 -74.105699,4.562833 -74.106272,4.563897 -74.105376,4.564201 -74.104805,4.564506 -74.104665,4.563990 -74.102210,4.561003 -74.101431,4.560608 -74.099766,4.559971 -74.099351,4.559576 -74.098536,4.558194 -74.098256,4.557889 -74.097888,4.557720 -74.097124,4.557635 -74.096748,4.557501 -74.096447,4.557274 -74.095079,4.555806 -74.094685,4.555633 -74.093780,4.555494 -74.093392,4.555361 -74.090779,4.553494 -74.090448,4.553068</coordinates></LinearRing></outerBoundaryIs></Polygon></Placemark>
<Placemark><name>SAN CRISTOBAL, LOS LIBERTADORES</name><ExtendedData><Data name="brick_id"><value>BOG-069</value></Data><Data name="nombre"><value>LOS LIBERTADORES</value></Data><Data name="zona"><value>SAN CRISTOBAL</value></Data><Data name="ciudad"><value>BOGOTA</value></Data><Data name="departamento"><value>BOGOTA D.C.</value></Data><Data name="nombre_brick"><value>SAN CRISTOBAL, LOS LIBERTADORES</value></Data></ExtendedData><Polygon><outerBoundaryIs><LinearRing><coordinates>-74.081085,4.528763 -74.080978,4.528775 -74.080758,4.528632 -74.080301,4.528185 -74.079942,4.527632 -74.079825,4.527200 -74.080174,4.526546 -74.082849,4.527767 -74.083087,4.527163 -74.083375,4.526838 -74.083463,4.526142 -74.083634,4.526170 -74.083809,4.526073 -74.083997,4.525445 -74.084173,4.525514 -74.084407,4.525311 -74.084442,4.524947 -74.084290,4.524443 -74.084521,4.524426 -74.085077,4.523914 -74.085350,4.523834 -74.085446,4.523478 -74.085350,4.522941 -74.085678,4.523127 -74.085966,4.523116 -74.086400,4.522696 -74.087189,4.522216 -74.087226,4.521937 -74.087108,4.521337 -74.087271,4.521088 -74.087262,4.520915 -74.087820,4.520648 -74.086928,4.520141 -74.086971,4.520041 -74.084564,4.519227 -74.082807,4.518747 -74.082904,4.518543 -74.081792,4.518231 -74.081892,4.517818 -74.091071,4.519684 -74.090898,4.519366 -74.090779,4.518669 -74.090537,4.518183 -74.090047,4.517537 -74.089555,4.517096 -74.089938,4.517131 -74.090205,4.516939 -74.090911,4.517049 -74.094465,4.516946 -74.094282,4.517278 -74.094913,4.517272 -74.094084,4.517772 -74.093958,4.519116 -74.093822,4.519592 -74.093953,4.520078 -74.093960,4.520459 -74.093809,4.521342 -74.093773,4.522566 -74.093425,4.523376 -74.093552,4.524258 -74.093725,4.524457 -74.094119,4.524560 -74.094364,4.525427 -74.094377,4.526855 -74.094544,4.527340 -74.094567,4.527887 -74.094359,4.528038 -74.094346,4.528918 -74.094514,4.529935 -74.094828,4.530823 -74.095314,4.532946 -74.095243,4.533756 -74.095142,4.534047 -74.095230,4.534289 -74.095221,4.535334 -74.095748,4.536850 -74.095855,4.536965 -74.095660,4.537320 -74.095777,4.537998 -74.095982,4.538366 -74.096320,4.538745 -74.096793,4.539099 -74.096999,4.539908 -74.097654,4.539462 -74.097809,4.538735 -74.098543,4.539785 -74.098811,4.540427 -74.097807,4.541400 -74.098360,4.542094 -74.098637,4.542903 -74.098601,4.543038 -74.099430,4.543739 -74.099750,4.544529 -74.100294,4.544880 -74.100455,4.545207 -74.100950,4.545382 -74.101385,4.545720 -74.102297,4.545970 -74.102629,4.546338 -74.102427,4.546937 -74.101713,4.548215 -74.101271,4.548725 -74.101161,4.548806 -74.100720,4.548044 -74.100238,4.547748 -74.098684,4.547375 -74.097790,4.547389 -74.097460,4.547237 -74.097391,4.546878 -74.097143,4.546616 -74.096538,4.546505 -74.093363,4.544223 -74.092102,4.543706 -74.091673,4.543116 -74.090205,4.542642 -74.089489,4.542225 -74.088257,4.541664 -74.086138,4.539724 -74.085823,4.538962 -74.085350,4.538775 -74.084376,4.537970 -74.083745,4.537303 -74.083818,4.536769 -74.083793,4.535247 -74.083843,4.534823 -74.083996,4.534631 -74.082311,4.533334 -74.081317,4.532359 -74.082342,4.529914 -74.081810,4.529381 -74.081085,4.528763</coordinates></LinearRing></outerBoundaryIs></Polygon></Placemark>
<Placemark><name>SAN CRISTOBAL, SAN BLAS</name><ExtendedData><Data name="brick_id"><value>BOG-070</value></Data><Data name="nombre"><value>SAN BLAS</value></Data><Data name="zona"><value>SAN CRISTOBAL</value></Data><Data name="ciudad"><value>BOGOTA</value></Data><Data name="departamento"><value>BOGOTA D.C.</value></Data><Data name="nombre_brick"><value>SAN CRISTOBAL, SAN BLAS</value></Data></ExtendedData><Polygon><outerBoundaryIs><LinearRing><coordinates>-74.077952,4.580832 -74.077794,4.580916 -74.077597,4.580861 -74.077804,4.580377 -74.077208,4.579497 -74.076671,4.579210 -74.076119,4.579082 -74.075427,4.578639 -74.075404,4.578302 -74.075583,4.577638 -74.075568,4.577420 -74.074734,4.576604 -74.074015,4.576272 -74.073950,4.576432 -74.073623,4.576652 -74.073356,4.577100 -74.072888,4.577534 -74.072797,4.576804 -74.073340,4.576167 -74.074229,4.575441 -74.074731,4.574418 -74.074894,4.574455 -74.074989,4.574595 -74.075140,4.575069 -74.075293,4.575056 -74.076144,4.574021 -74.075584,4.573817 -74.075573,4.573482 -74.075331,4.573369 -74.075818,4.572611 -74.075600,4.572044 -74.075650,4.571741 -74.075520,4.571209 -74.075324,4.570825 -74.074870,4.570816 -74.074470,4.570698 -74.074180,4.570333 -74.074192,4.569857 -74.074333,4.569361 -74.073934,4.569497 -74.073539,4.569431 -74.073473,4.569610 -74.073376,4.569568 -74.073326,4.569624 -74.073388,4.569729 -74.073599,4.569742 -74.073548,4.569999 -74.073405,4.569981 -74.073046,4.570390 -74.072575,4.570407 -74.071733,4.570724 -74.071574,4.570699 -74.071128,4.570391 -74.070365,4.570157 -74.070091,4.570143 -74.070260,4.569739 -74.070051,4.569574 -74.070169,4.569229 -74.070249,4.569364 -74.070736,4.569532 -74.070899,4.569200 -74.070803,4.569050 -74.070611,4.568951 -74.070500,4.569011 -74.070051,4.568779 -74.069873,4.568929 -74.069735,4.568831 -74.069829,4.568700 -74.069640,4.568552 -74.069466,4.568751 -74.069026,4.568308 -74.068613,4.568135 -74.068637,4.567974 -74.068426,4.567885 -74.069067,4.566472 -74.068135,4.565461 -74.068183,4.565157 -74.068060,4.564547 -74.068190,4.564713 -74.068297,4.564720 -74.068526,4.564273 -74.068757,4.564262 -74.068890,4.564063 -74.069148,4.564066 -74.069345,4.563479 -74.069540,4.564112 -74.069819,4.564394 -74.069996,4.564227 -74.070386,4.564101 -74.070646,4.563688 -74.070818,4.563851 -74.070989,4.563770 -74.071373,4.563857 -74.071598,4.563645 -74.071747,4.563853 -74.071714,4.563694 -74.071790,4.563661 -74.072391,4.564877 -74.072445,4.565520 -74.072529,4.565599 -74.072661,4.565427 -74.073033,4.564036 -74.073168,4.563858 -74.073348,4.563868 -74.073677,4.563699 -74.073777,4.563520 -74.073803,4.563222 -74.073725,4.562994 -74.073797,4.562794 -74.074012,4.562618 -74.074233,4.562565 -74.074318,4.562195 -74.074469,4.561945 -74.074528,4.562527 -74.074672,4.562832 -74.074691,4.563629 -74.074918,4.564972 -74.074902,4.566296 -74.075101,4.566562 -74.075350,4.567463 -74.076180,4.567609 -74.077020,4.568124 -74.077288,4.567957 -74.077610,4.567956 -74.077665,4.567873 -74.077623,4.567083 -74.077944,4.566116 -74.076106,4.563647 -74.075319,4.562460 -74.075752,4.562652 -74.076193,4.563040 -74.076321,4.563452 -74.076467,4.563638 -74.077034,4.563652 -74.077397,4.563216 -74.077507,4.562703 -74.077466,4.562400 -74.076906,4.561722 -74.076927,4.561117 -74.077242,4.560631 -74.077539,4.560603 -74.077902,4.559950 -74.078228,4.559120 -74.078541,4.558696 -74.078932,4.557947 -74.078950,4.557449 -74.079137,4.557083 -74.079555,4.556980 -74.079802,4.557098 -74.080013,4.557054 -74.080503,4.557216 -74.080886,4.557693 -74.081118,4.557784 -74.080945,4.556729 -74.080586,4.555793 -74.079961,4.554665 -74.080444,4.553575 -74.081125,4.552641 -74.080745,4.552271 -74.080194,4.551944 -74.079531,4.551397 -74.077424,4.550051 -74.076098,4.549062 -74.075888,4.548752 -74.075916,4.548388 -74.076377,4.548090 -74.078636,4.547649 -74.079946,4.547684 -74.083508,4.547473 -74.084003,4.548537 -74.084296,4.548818 -74.084914,4.549076 -74.086045,4.549283 -74.086357,4.549508 -74.086516,4.549919 -74.086473,4.551513 -74.086639,4.551756 -74.086922,4.551835 -74.087254,4.551631 -74.088034,4.549362 -74.088046,4.549059 -74.087858,4.548382 -74.087895,4.548107 -74.088175,4.547812 -74.088562,4.547783 -74.088904,4.548049 -74.089436,4.548899 -74.090062,4.549600 -74.090097,4.549844 -74.089974,4.550604 -74.090315,4.551573 -74.090289,4.552522 -74.090448,4.553068 -74.090779,4.553494 -74.091967,4.554334 -74.091701,4.554842 -74.091232,4.555229 -74.090904,4.555657 -74.090600,4.556287 -74.090579,4.556611 -74.090900,4.557277 -74.090945,4.557566 -74.090529,4.559024 -74.089826,4.559887 -74.089670,4.560821 -74.089497,4.561239 -74.089156,4.561694 -74.089021,4.562105 -74.089019,4.562412 -74.088580,4.563421 -74.088123,4.563947 -74.087815,4.564138 -74.087160,4.564355 -74.086942,4.565721 -74.086462,4.566731 -74.086473,4.567569 -74.085734,4.568871 -74.085587,4.569314 -74.085309,4.569582 -74.081182,4.571406 -74.081146,4.571581 -74.080917,4.571835 -74.079834,4.571559 -74.078756,4.573271 -74.078673,4.573515 -74.078404,4.573226 -74.078019,4.573456 -74.078210,4.574054 -74.077937,4.574952 -74.078022,4.575279 -74.078507,4.576114 -74.079156,4.576423 -74.079358,4.576691 -74.079477,4.577201 -74.079512,4.579059 -74.079647,4.579253 -74.080575,4.579867 -74.080918,4.580917 -74.080877,4.581334 -74.080606,4.581655 -74.079790,4.582235 -74.078915,4.582520 -74.078361,4.581203 -74.077952,4.580832</coordinates></LinearRing></outerBoundaryIs></Polygon></Placemark>
<Placemark><name>SAN CRISTOBAL, SOSIEGO</name><ExtendedData><Data name="brick_id"><value>BOG-071</value></Data><Data name="nombre"><value>SOSIEGO</value></Data><Data name="zona"><value>SAN CRISTOBAL</value></Data><Data name="ciudad"><value>BOGOTA</value></Data><Data name="departamento"><value>BOGOTA D.C.</value></Data><Data name="nombre_brick"><value>SAN CRISTOBAL, SOSIEGO</value></Data></ExtendedData><Polygon><outerBoundaryIs><LinearRing><coordinates>-74.079790,4.582235 -74.080787,4.581494 -74.080937,4.581185 -74.080918,4.580917 -74.080575,4.579867 -74.079647,4.579253 -74.079512,4.579059 -74.079477,4.577201 -74.079358,4.576691 -74.079156,4.576423 -74.078507,4.576114 -74.078022,4.575279 -74.077937,4.574952 -74.078210,4.574054 -74.078019,4.573456 -74.078404,4.573226 -74.078673,4.573515 -74.078756,4.573271 -74.079834,4.571559 -74.080917,4.571835 -74.081146,4.571581 -74.081182,4.571406 -74.082573,4.570765 -74.082677,4.570781 -74.085557,4.569445 -74.086403,4.569359 -74.086770,4.569471 -74.090633,4.571799 -74.091496,4.572581 -74.093082,4.574323 -74.094582,4.575797 -74.090362,4.581406 -74.084932,4.589318 -74.083460,4.588327 -74.083634,4.588186 -74.082936,4.587416 -74.081059,4.586028 -74.081091,4.585969 -74.080423,4.585046 -74.079928,4.584047 -74.078915,4.582520 -74.079790,4.582235</coordinates></LinearRing></outerBoundaryIs></Polygon></Placemark>
<Placemark><name>SANTA FE, LA MACARENA</name><ExtendedData><Data name="brick_id"><value>BOG-072</value></Data><Data name="nombre"><value>LA MACARENA</value></Data><Data name="zona"><value>SANTA FE</value></Data><Data name="ciudad"><value>BOGOTA</value></Data><Data name="departamento"><value>BOGOTA D.C.</value></Data><Data name="nombre_brick"><value>SANTA FE, LA MACARENA</value></Data></ExtendedData><Polygon><outerBoundaryIs><LinearRing><coordinates>-74.061542,4.617403 -74.061168,4.617552 -74.060877,4.617559 -74.061168,4.617096 -74.061260,4.616523 -74.061533,4.615856 -74.061738,4.615644 -74.062293,4.615332 -74.062430,4.614154 -74.062788,4.613454 -74.062655,4.612433 -74.062827,4.611817 -74.063073,4.611327 -74.062919,4.610761 -74.062980,4.610563 -74.063268,4.610284 -74.063328,4.610117 -74.063149,4.609597 -74.063118,4.608497 -74.063169,4.608345 -74.063569,4.607946 -74.063730,4.607624 -74.063725,4.607422 -74.063499,4.607011 -74.063527,4.606369 -74.063339,4.605955 -74.062974,4.605872 -74.062729,4.605723 -74.062081,4.605101 -74.061761,4.604386 -74.061064,4.603372 -74.061095,4.602965 -74.059287,4.602009 -74.059099,4.601707 -74.059089,4.601324 -74.059398,4.600837 -74.059762,4.600612 -74.060161,4.600425 -74.060832,4.600404 -74.061142,4.600027 -74.061339,4.599905 -74.061729,4.599890 -74.062109,4.600062 -74.062526,4.599597 -74.063461,4.598998 -74.063924,4.599072 -74.064313,4.599465 -74.064902,4.598910 -74.064758,4.598178 -74.064580,4.597882 -74.064523,4.597397 -74.064827,4.597103 -74.065152,4.597091 -74.065172,4.597262 -74.064855,4.597286 -74.064683,4.597522 -74.064763,4.597865 -74.064938,4.598133 -74.065093,4.598972 -74.064424,4.599642 -74.064266,4.599696 -74.063856,4.599242 -74.063470,4.599181 -74.062649,4.599728 -74.062196,4.600230 -74.062015,4.600236 -74.061637,4.600051 -74.061379,4.600081 -74.060911,4.600573 -74.060171,4.600608 -74.059642,4.600884 -74.059402,4.601087 -74.059259,4.601396 -74.059306,4.601743 -74.059554,4.601981 -74.060984,4.602732 -74.062314,4.603265 -74.063533,4.603189 -74.064052,4.603038 -74.064680,4.603380 -74.065305,4.603381 -74.066670,4.603010 -74.067072,4.602795 -74.067376,4.602503 -74.068225,4.603112 -74.065864,4.607173 -74.066105,4.608430 -74.066490,4.608865 -74.067843,4.609702 -74.067411,4.610618 -74.067533,4.611277 -74.067522,4.611818 -74.066248,4.616843 -74.065236,4.620058 -74.065118,4.619826 -74.064322,4.619020 -74.063571,4.618473 -74.062922,4.617844 -74.062164,4.617464 -74.061542,4.617403</coordinates></LinearRing></outerBoundaryIs></Polygon></Placemark>
<Placemark><name>SANTA FE, LAS CRUCES</name><ExtendedData><Data name="brick_id"><value>BOG-073</value></Data><Data name="nombre"><value>LAS CRUCES</value></Data><Data name="zona"><value>SANTA FE</value></Data><Data name="ciudad"><value>BOGOTA</value></Data><Data name="departamento"><value>BOGOTA D.C.</value></Data><Data name="nombre_brick"><value>SANTA FE, LAS CRUCES</value></Data></ExtendedData><Polygon><outerBoundaryIs><LinearRing><coordinates>-74.081448,4.594538 -74.080873,4.592218 -74.080579,4.591633 -74.079954,4.591190 -74.079366,4.590992 -74.079002,4.590981 -74.078342,4.591161 -74.078073,4.591135 -74.076432,4.590197 -74.077543,4.587916 -74.077340,4.587883 -74.077465,4.586615 -74.077146,4.586030 -74.077137,4.585669 -74.077534,4.585022 -74.077769,4.584454 -74.077797,4.583774 -74.078014,4.583028 -74.078296,4.582741 -74.078897,4.582473 -74.079928,4.584047 -74.080423,4.585046 -74.081091,4.585969 -74.081059,4.586028 -74.082936,4.587416 -74.083634,4.588186 -74.083460,4.588327 -74.084931,4.589320 -74.089005,4.591820 -74.084699,4.597064 -74.083165,4.595817 -74.081793,4.595465 -74.081139,4.595067 -74.081448,4.594538</coordinates></LinearRing></outerBoundaryIs></Polygon></Placemark>
<Placemark><name>SANTA FE, LAS NIEVES</name><ExtendedData><Data name="brick_id"><value>BOG-074</value></Data><Data name="nombre"><value>LAS NIEVES</value></Data><Data name="zona"><value>SANTA FE</value></Data><Data name="ciudad"><value>BOGOTA</value></Data><Data name="departamento"><value>BOGOTA D.C.</value></Data><Data name="nombre_brick"><value>SANTA FE, LAS NIEVES</value></Data></ExtendedData><Polygon><outerBoundaryIs><LinearRing><coordinates>-74.066105,4.608430 -74.065864,4.607173 -74.068225,4.603112 -74.067376,4.602503 -74.067841,4.601696 -74.068080,4.601434 -74.068714,4.601061 -74.069377,4.600807 -74.070221,4.600801 -74.071152,4.600607 -74.072639,4.600952 -74.074799,4.602224 -74.075318,4.602268 -74.076583,4.602166 -74.077032,4.601715 -74.081139,4.595067 -74.081793,4.595465 -74.083165,4.595817 -74.084699,4.597064 -74.082756,4.599561 -74.081107,4.602040 -74.076540,4.608326 -74.074342,4.612320 -74.072829,4.615417 -74.072374,4.614846 -74.071371,4.612808 -74.071057,4.612401 -74.068584,4.610154 -74.066490,4.608865 -74.066105,4.608430</coordinates></LinearRing></outerBoundaryIs></Polygon></Placemark>
<Placemark><name>SANTA FE, LOURDES</name><ExtendedData><Data name="brick_id"><value>BOG-075</value></Data><Data name="nombre"><value>LOURDES</value></Data><Data name="zona"><value>SANTA FE</value></Data><Data name="ciudad"><value>BOGOTA</value></Data><Data name="departamento"><value>BOGOTA D.C.</value></Data><Data name="nombre_brick"><value>SANTA FE, LOURDES</value></Data></ExtendedData><Polygon><outerBoundaryIs><LinearRing><coordinates>-74.065152,4.597091 -74.065408,4.597080 -74.065825,4.597245 -74.066019,4.597175 -74.066375,4.596465 -74.066338,4.596286 -74.066039,4.596138 -74.065832,4.595886 -74.065610,4.595446 -74.065553,4.595143 -74.065567,4.595038 -74.065921,4.594774 -74.066168,4.593513 -74.065723,4.592551 -74.065665,4.592679 -74.065727,4.592982 -74.065921,4.593506 -74.065871,4.593722 -74.065421,4.593873 -74.065252,4.593992 -74.065115,4.594242 -74.064626,4.594501 -74.064157,4.595361 -74.063936,4.595473 -74.063863,4.594778 -74.063945,4.594515 -74.064249,4.593937 -74.064806,4.593577 -74.064791,4.593373 -74.063984,4.592323 -74.063962,4.592165 -74.064348,4.591885 -74.064348,4.591631 -74.063912,4.590262 -74.063638,4.589799 -74.063341,4.588378 -74.063239,4.588193 -74.062901,4.587962 -74.063200,4.587502 -74.063361,4.587084 -74.063353,4.586629 -74.063490,4.586514 -74.063625,4.586150 -74.064315,4.586157 -74.064632,4.586664 -74.065279,4.586799 -74.065909,4.586750 -74.066046,4.586303 -74.065825,4.585926 -74.065570,4.585907 -74.065140,4.585244 -74.065197,4.584320 -74.065664,4.583444 -74.065855,4.583427 -74.066212,4.583597 -74.066374,4.583523 -74.066364,4.582820 -74.066467,4.582616 -74.067187,4.582605 -74.067226,4.582247 -74.067313,4.582188 -74.067564,4.582225 -74.067315,4.582106 -74.067204,4.582165 -74.067149,4.582319 -74.067020,4.582300 -74.066929,4.581294 -74.067463,4.580796 -74.068289,4.580893 -74.069418,4.579389 -74.069408,4.578887 -74.069221,4.578406 -74.069998,4.576969 -74.070190,4.577072 -74.070464,4.577760 -74.070564,4.577718 -74.070900,4.576992 -74.071213,4.576611 -74.071366,4.576494 -74.071579,4.576545 -74.071768,4.576873 -74.071964,4.577627 -74.072133,4.577739 -74.072337,4.577572 -74.072797,4.576804 -74.072888,4.577534 -74.073356,4.577100 -74.073623,4.576652 -74.073950,4.576432 -74.074015,4.576272 -74.074734,4.576604 -74.075507,4.577304 -74.075583,4.577638 -74.075441,4.578054 -74.075427,4.578639 -74.076119,4.579082 -74.076671,4.579210 -74.077208,4.579497 -74.077804,4.580377 -74.077597,4.580861 -74.077794,4.580916 -74.077952,4.580832 -74.078361,4.581203 -74.078897,4.582473 -74.078296,4.582741 -74.078014,4.583028 -74.077797,4.583774 -74.077769,4.584454 -74.077113,4.585750 -74.077146,4.586030 -74.077465,4.586615 -74.077340,4.587883 -74.077543,4.587916 -74.076432,4.590197 -74.075629,4.589789 -74.074591,4.589982 -74.074172,4.589918 -74.073867,4.589774 -74.073560,4.589422 -74.073065,4.589085 -74.072537,4.588990 -74.072140,4.589204 -74.071262,4.589990 -74.071031,4.590690 -74.070579,4.591457 -74.070140,4.590990 -74.069045,4.590588 -74.068790,4.590167 -74.068608,4.590126 -74.068438,4.589865 -74.068321,4.589936 -74.068081,4.590470 -74.068326,4.590521 -74.068310,4.590620 -74.068230,4.590737 -74.068054,4.590657 -74.067984,4.590818 -74.068281,4.591011 -74.068183,4.591444 -74.068204,4.591935 -74.068127,4.592033 -74.067930,4.592068 -74.067809,4.592297 -74.067845,4.592387 -74.068072,4.592360 -74.068001,4.592704 -74.068168,4.592935 -74.068289,4.593579 -74.068081,4.593652 -74.067627,4.594551 -74.067317,4.594909 -74.066952,4.595772 -74.066879,4.596504 -74.066676,4.596944 -74.066278,4.597372 -74.065991,4.597542 -74.065729,4.597517 -74.065172,4.597262 -74.065152,4.597091</coordinates></LinearRing></outerBoundaryIs></Polygon></Placemark>
<Placemark><name>SANTA FE, SAGRADO CORAZON</name><ExtendedData><Data name="brick_id"><value>BOG-076</value></Data><Data name="nombre"><value>SAGRADO CORAZON</value></Data><Data name="zona"><value>SANTA FE</value></Data><Data name="ciudad"><value>BOGOTA</value></Data><Data name="departamento"><value>BOGOTA D.C.</value></Data><Data name="nombre_brick"><value>SANTA FE, SAGRADO CORAZON</value></Data></ExtendedData><Polygon><outerBoundaryIs><LinearRing><coordinates>-74.065102,4.625038 -74.064398,4.624982 -74.062473,4.625340 -74.062179,4.625253 -74.061692,4.624894 -74.060964,4.624617 -74.060585,4.624385 -74.059627,4.624099 -74.058779,4.623974 -74.057254,4.624044 -74.056737,4.623943 -74.056337,4.623469 -74.055563,4.622855 -74.055161,4.622717 -74.055477,4.622648 -74.056169,4.622995 -74.056657,4.623016 -74.057267,4.622730 -74.057430,4.622404 -74.057186,4.621812 -74.057308,4.621567 -74.057592,4.621710 -74.058356,4.621686 -74.058287,4.621498 -74.058386,4.620926 -74.058471,4.620730 -74.058808,4.620527 -74.058897,4.620219 -74.059266,4.620099 -74.059362,4.620181 -74.059502,4.620054 -74.060027,4.619947 -74.060801,4.619387 -74.060851,4.619109 -74.060606,4.618554 -74.060566,4.618264 -74.060877,4.617559 -74.061168,4.617552 -74.061542,4.617403 -74.062164,4.617464 -74.062737,4.617731 -74.064322,4.619020 -74.065118,4.619826 -74.065236,4.620058 -74.066248,4.616843 -74.067522,4.611818 -74.067533,4.611277 -74.067411,4.610618 -74.067839,4.609687 -74.068584,4.610154 -74.071057,4.612401 -74.071371,4.612808 -74.072374,4.614846 -74.072829,4.615417 -74.069892,4.621082 -74.069528,4.622436 -74.068407,4.628804 -74.068070,4.628470 -74.067944,4.628172 -74.067576,4.628021 -74.067450,4.627353 -74.067045,4.627223 -74.066664,4.626883 -74.065587,4.625357 -74.065102,4.625038</coordinates></LinearRing></outerBoundaryIs></Polygon></Placemark>
<Placemark><name>SUBA, BRITALIA</name><ExtendedData><Data name="brick_id"><value>BOG-077</value></Data><Data name="nombre"><value>BRITALIA</value></Data><Data name="zona"><value>SUBA</value></Data><Data name="ciudad"><value>BOGOTA</value></Data><Data name="departamento"><value>BOGOTA D.C.</value></Data><Data name="nombre_brick"><value>SUBA, BRITALIA</value></Data></ExtendedData><Polygon><outerBoundaryIs><LinearRing><coordinates>-74.046835,4.748820 -74.048692,4.737778 -74.049043,4.737734 -74.053681,4.738819 -74.057448,4.739767 -74.057547,4.739853 -74.060461,4.740533 -74.062397,4.741277 -74.063526,4.741801 -74.064200,4.741882 -74.064300,4.742105 -74.065096,4.742472 -74.064941,4.745754 -74.065060,4.747993 -74.065060,4.751002 -74.065371,4.753776 -74.065935,4.757058 -74.066334,4.758806 -74.066334,4.759451 -74.065807,4.760457 -74.059882,4.756060 -74.057443,4.753727 -74.052845,4.752880 -74.048896,4.752003 -74.047988,4.751747 -74.047555,4.751524 -74.046677,4.751344 -74.046835,4.748820</coordinates></LinearRing></outerBoundaryIs></Polygon></Placemark>
<Placemark><name>SUBA, CASA BLANCA SUBA</name><ExtendedData><Data name="brick_id"><value>BOG-078</value></Data><Data name="nombre"><value>CASA BLANCA SUBA</value></Data><Data name="zona"><value>SUBA</value></Data><Data name="ciudad"><value>BOGOTA</value></Data><Data name="departamento"><value>BOGOTA D.C.</value></Data><Data name="nombre_brick"><value>SUBA, CASA BLANCA SUBA</value></Data></ExtendedData><Polygon><outerBoundaryIs><LinearRing><coordinates>-74.066334,4.759451 -74.066373,4.759060 -74.065935,4.757058 -74.065371,4.753776 -74.065060,4.751002 -74.065060,4.747993 -74.064941,4.745754 -74.065096,4.742472 -74.064300,4.742105 -74.064200,4.741882 -74.063526,4.741801 -74.061265,4.740841 -74.061527,4.738322 -74.062744,4.734240 -74.062694,4.733561 -74.064341,4.728150 -74.075010,4.731963 -74.075174,4.732479 -74.075422,4.732794 -74.075864,4.732948 -74.076851,4.733019 -74.078278,4.733857 -74.077744,4.735054 -74.077148,4.735479 -74.076942,4.735778 -74.076834,4.736692 -74.075888,4.738926 -74.075623,4.740580 -74.075300,4.741398 -74.074808,4.742177 -74.074448,4.743220 -74.074127,4.744608 -74.074110,4.745048 -74.074198,4.745172 -74.074689,4.747073 -74.074901,4.747511 -74.075557,4.747910 -74.075786,4.748174 -74.075944,4.748544 -74.076031,4.750076 -74.075908,4.751185 -74.075469,4.751749 -74.074662,4.752277 -74.074100,4.752752 -74.073609,4.753069 -74.072731,4.753280 -74.072450,4.753615 -74.072380,4.753949 -74.072836,4.755517 -74.072748,4.756344 -74.072836,4.757084 -74.075490,4.758531 -74.075635,4.759082 -74.074457,4.759638 -74.072883,4.761095 -74.070981,4.762233 -74.069415,4.762712 -74.068941,4.762659 -74.068430,4.762430 -74.065807,4.760457 -74.066334,4.759451</coordinates></LinearRing></outerBoundaryIs></Polygon></Placemark>
<Placemark><name>SUBA, EL PRADO</name><ExtendedData><Data name="brick_id"><value>BOG-079</value></Data><Data name="nombre"><value>EL PRADO</value></Data><Data name="zona"><value>SUBA</value></Data><Data name="ciudad"><value>BOGOTA</value></Data><Data name="departamento"><value>BOGOTA D.C.</value></Data><Data name="nombre_brick"><value>SUBA, EL PRADO</value></Data></ExtendedData><Polygon><outerBoundaryIs><LinearRing><coordinates>-74.053904,4.706745 -74.061780,4.708083 -74.062761,4.708362 -74.064937,4.709320 -74.064834,4.709988 -74.064649,4.710418 -74.064707,4.710645 -74.065033,4.711063 -74.065159,4.711388 -74.065169,4.711666 -74.064987,4.712083 -74.064613,4.713542 -74.064507,4.713648 -74.064225,4.714478 -74.063818,4.714823 -74.063312,4.714872 -74.062980,4.715007 -74.062608,4.715278 -74.062344,4.715676 -74.061951,4.716040 -74.061747,4.718404 -74.061466,4.719126 -74.058727,4.724041 -74.058022,4.724601 -74.057243,4.725458 -74.063586,4.727761 -74.064361,4.728170 -74.062694,4.733561 -74.062744,4.734240 -74.061527,4.738322 -74.061265,4.740841 -74.060461,4.740533 -74.057547,4.739853 -74.057448,4.739767 -74.054721,4.739069 -74.049043,4.737734 -74.048692,4.737778 -74.053904,4.706745</coordinates></LinearRing></outerBoundaryIs></Polygon></Placemark>
<Placemark><name>SUBA, EL RINCON</name><ExtendedData><Data name="brick_id"><value>BOG-080</value></Data><Data name="nombre"><value>EL RINCON</value></Data><Data name="zona"><value>SUBA</value></Data><Data name="ciudad"><value>BOGOTA</value></Data><Data name="departamento"><value>BOGOTA D.C.</value></Data><Data name="nombre_brick"><value>SUBA, EL RINCON</value></Data></ExtendedData><Polygon><outerBoundaryIs><LinearRing><coordinates>-74.078867,4.733874 -74.079614,4.733540 -74.082291,4.733875 -74.083520,4.733587 -74.084026,4.733264 -74.084106,4.733080 -74.084175,4.732688 -74.084118,4.731858 -74.084037,4.731432 -74.083877,4.731120 -74.083474,4.730763 -74.083449,4.730407 -74.082493,4.730237 -74.082640,4.729202 -74.083132,4.729275 -74.083282,4.728632 -74.083232,4.728352 -74.083313,4.728098 -74.082681,4.727807 -74.082704,4.727402 -74.082556,4.726677 -74.082169,4.726586 -74.082243,4.725825 -74.082563,4.724634 -74.082496,4.724620 -74.082563,4.723780 -74.082690,4.723378 -74.082471,4.722785 -74.082533,4.722326 -74.082450,4.721734 -74.082813,4.720729 -74.084565,4.719857 -74.085266,4.718584 -74.085199,4.718149 -74.084818,4.717798 -74.084486,4.717151 -74.086706,4.717439 -74.086941,4.716279 -74.087439,4.716437 -74.087862,4.717015 -74.088715,4.716445 -74.088810,4.716621 -74.089772,4.716664 -74.090253,4.716910 -74.091606,4.717091 -74.091960,4.717247 -74.091831,4.717130 -74.092278,4.716712 -74.092673,4.717095 -74.092801,4.717056 -74.092634,4.716070 -74.092770,4.715254 -74.093377,4.713773 -74.093442,4.712888 -74.093510,4.713194 -74.093832,4.713602 -74.094455,4.714026 -74.094785,4.714489 -74.094990,4.714893 -74.095086,4.715436 -74.095353,4.715994 -74.095570,4.716097 -74.096012,4.716688 -74.096684,4.717380 -74.096887,4.717463 -74.097594,4.717381 -74.098122,4.717650 -74.098299,4.717664 -74.098858,4.717460 -74.099576,4.717782 -74.099843,4.717998 -74.100138,4.718341 -74.100368,4.718952 -74.100374,4.719775 -74.100478,4.720306 -74.100393,4.720805 -74.100467,4.721395 -74.100564,4.721556 -74.102143,4.722098 -74.102349,4.722263 -74.102856,4.722983 -74.103143,4.723204 -74.103438,4.723312 -74.103091,4.725160 -74.103063,4.726106 -74.103140,4.727133 -74.103820,4.731680 -74.105813,4.743072 -74.106038,4.744951 -74.106115,4.748262 -74.105794,4.751525 -74.100285,4.748855 -74.097673,4.747477 -74.096191,4.746577 -74.089611,4.741410 -74.089180,4.741149 -74.086441,4.738423 -74.085495,4.738005 -74.083160,4.737344 -74.082581,4.737067 -74.081845,4.736163 -74.081290,4.735696 -74.079407,4.734352 -74.078680,4.734090 -74.078867,4.733874</coordinates></LinearRing></outerBoundaryIs></Polygon></Placemark>
<Placemark><name>SUBA, GUAYMARAL</name><ExtendedData><Data name="brick_id"><value>BOG-081</value></Data><Data name="nombre"><value>GUAYMARAL</value></Data><Data name="zona"><value>SUBA</value></Data><Data name="ciudad"><value>BOGOTA</value></Data><Data name="departamento"><value>BOGOTA D.C.</value></Data><Data name="nombre_brick"><value>SUBA, GUAYMARAL</value></Data></ExtendedData><Polygon><outerBoundaryIs><LinearRing><coordinates>-74.038485,4.799523 -74.039182,4.799872 -74.039516,4.799719 -74.039894,4.800243 -74.040137,4.801391 -74.040173,4.802033 -74.039731,4.802168 -74.039479,4.802629 -74.039253,4.804302 -74.039407,4.804510 -74.039866,4.804618 -74.039713,4.804799 -74.039884,4.805640 -74.040226,4.805938 -74.040461,4.806616 -74.040803,4.807113 -74.040542,4.808162 -74.040091,4.809472 -74.040694,4.810051 -74.041352,4.809970 -74.041631,4.809753 -74.041731,4.809518 -74.042199,4.809328 -74.042424,4.809545 -74.042911,4.808931 -74.043227,4.808732 -74.043875,4.808624 -74.044407,4.808452 -74.044378,4.808411 -74.056505,4.813058 -74.058534,4.815190 -74.057557,4.821939 -74.055436,4.821784 -74.055822,4.818529 -74.053912,4.818312 -74.052747,4.828217 -74.052381,4.828631 -74.050836,4.827813 -74.048031,4.827442 -74.045690,4.827427 -74.043676,4.828437 -74.042897,4.829608 -74.042454,4.830661 -74.041153,4.828877 -74.040987,4.827446 -74.040781,4.826496 -74.035011,4.825525 -74.035534,4.822073 -74.035532,4.820688 -74.035076,4.820691 -74.038485,4.799523</coordinates></LinearRing></outerBoundaryIs></Polygon></Placemark>
<Placemark><name>SUBA, LA ACADEMIA</name><ExtendedData><Data name="brick_id"><value>BOG-082</value></Data><Data name="nombre"><value>LA ACADEMIA</value></Data><Data name="zona"><value>SUBA</value></Data><Data name="ciudad"><value>BOGOTA</value></Data><Data name="departamento"><value>BOGOTA D.C.</value></Data><Data name="nombre_brick"><value>SUBA, LA ACADEMIA</value></Data></ExtendedData><Polygon><outerBoundaryIs><LinearRing><coordinates>-74.042136,4.777017 -74.043708,4.768129 -74.047845,4.769364 -74.047870,4.769214 -74.049115,4.769675 -74.049488,4.769659 -74.049733,4.769842 -74.050480,4.769981 -74.050473,4.769924 -74.055544,4.771381 -74.056302,4.771315 -74.057516,4.770869 -74.058505,4.770199 -74.059190,4.769449 -74.062819,4.772081 -74.062853,4.772011 -74.063727,4.772444 -74.063826,4.772351 -74.063733,4.772830 -74.063181,4.773710 -74.062671,4.774856 -74.062209,4.775590 -74.062095,4.776024 -74.060423,4.778343 -74.059315,4.780411 -74.058692,4.784020 -74.058514,4.784605 -74.058107,4.785577 -74.056551,4.788575 -74.056140,4.789511 -74.054543,4.793966 -74.054312,4.795161 -74.054064,4.797773 -74.053578,4.799503 -74.049098,4.797928 -74.048077,4.802783 -74.042508,4.801692 -74.041515,4.807697 -74.043574,4.808103 -74.044407,4.808452 -74.043227,4.808732 -74.042911,4.808931 -74.042424,4.809545 -74.042199,4.809328 -74.041731,4.809518 -74.041631,4.809753 -74.041352,4.809970 -74.040694,4.810051 -74.040091,4.809472 -74.040542,4.808162 -74.040803,4.807113 -74.040461,4.806616 -74.040226,4.805938 -74.039884,4.805640 -74.039713,4.804799 -74.039866,4.804618 -74.039407,4.804510 -74.039253,4.804302 -74.039479,4.802629 -74.039731,4.802168 -74.040173,4.802033 -74.040137,4.801391 -74.039894,4.800243 -74.039516,4.799719 -74.039182,4.799872 -74.038485,4.799523 -74.042136,4.777017</coordinates></LinearRing></outerBoundaryIs></Polygon></Placemark>
<Placemark><name>SUBA, LA ALHAMBRA</name><ExtendedData><Data name="brick_id"><value>BOG-083</value></Data><Data name="nombre"><value>LA ALHAMBRA</value></Data><Data name="zona"><value>SUBA</value></Data><Data name="ciudad"><value>BOGOTA</value></Data><Data name="departamento"><value>BOGOTA D.C.</value></Data><Data name="nombre_brick"><value>SUBA, LA ALHAMBRA</value></Data></ExtendedData><Polygon><outerBoundaryIs><LinearRing><coordinates>-74.057247,4.686836 -74.065157,4.689016 -74.065562,4.690293 -74.065997,4.691322 -74.068756,4.695971 -74.069101,4.696870 -74.070383,4.701041 -74.068525,4.701501 -74.068263,4.701464 -74.067882,4.701792 -74.067559,4.701914 -74.066153,4.702881 -74.065940,4.703101 -74.065312,4.704430 -74.064501,4.709118 -74.062761,4.708362 -74.061207,4.707953 -74.053904,4.706745 -74.057247,4.686836</coordinates></LinearRing></outerBoundaryIs></Polygon></Placemark>
<Placemark><name>SUBA, LA FLORESTA</name><ExtendedData><Data name="brick_id"><value>BOG-084</value></Data><Data name="nombre"><value>LA FLORESTA</value></Data><Data name="zona"><value>SUBA</value></Data><Data name="ciudad"><value>BOGOTA</value></Data><Data name="departamento"><value>BOGOTA D.C.</value></Data><Data name="nombre_brick"><value>SUBA, LA FLORESTA</value></Data></ExtendedData><Polygon><outerBoundaryIs><LinearRing><coordinates>-74.089209,4.714470 -74.087381,4.713729 -74.086919,4.713781 -74.086601,4.713716 -74.086186,4.713391 -74.085595,4.712683 -74.084179,4.711891 -74.082917,4.711334 -74.082235,4.711514 -74.082238,4.711171 -74.081538,4.711050 -74.080758,4.710729 -74.082383,4.709676 -74.083225,4.708939 -74.083698,4.708680 -74.083876,4.708714 -74.084172,4.708630 -74.084395,4.708470 -74.084409,4.708310 -74.084760,4.708354 -74.084807,4.707966 -74.084236,4.707311 -74.081618,4.705012 -74.081198,4.703717 -74.080273,4.703210 -74.076904,4.702125 -74.076183,4.702026 -74.075786,4.701818 -74.075516,4.701782 -74.074858,4.701944 -74.074642,4.701700 -74.072778,4.701384 -74.072327,4.701555 -74.070687,4.701655 -74.070541,4.701559 -74.069101,4.696870 -74.068756,4.695971 -74.065997,4.691322 -74.065562,4.690293 -74.065157,4.689016 -74.067394,4.689493 -74.069087,4.689659 -74.071155,4.689355 -74.072749,4.688754 -74.073928,4.688061 -74.077328,4.685360 -74.078836,4.687537 -74.079197,4.688490 -74.079454,4.689538 -74.079607,4.689835 -74.080275,4.690559 -74.080343,4.690759 -74.080295,4.691191 -74.080384,4.691813 -74.080948,4.693144 -74.081088,4.693265 -74.081375,4.693206 -74.081851,4.693267 -74.082428,4.693438 -74.083659,4.693868 -74.084672,4.694373 -74.085145,4.695017 -74.085379,4.696389 -74.085566,4.696889 -74.085890,4.697336 -74.086370,4.697651 -74.087320,4.698074 -74.087755,4.698580 -74.088369,4.698530 -74.088539,4.699794 -74.088277,4.700352 -74.088485,4.700930 -74.088174,4.702185 -74.088108,4.704070 -74.087851,4.704454 -74.087989,4.705654 -74.088164,4.705944 -74.089638,4.706861 -74.089737,4.707022 -74.089824,4.707231 -74.089548,4.707590 -74.089678,4.708417 -74.089820,4.708581 -74.090374,4.708512 -74.090489,4.708651 -74.090548,4.708850 -74.090438,4.709404 -74.090465,4.709692 -74.090873,4.710497 -74.091038,4.710677 -74.091222,4.710710 -74.091998,4.710377 -74.092255,4.710399 -74.093351,4.711359 -74.093608,4.711977 -74.093377,4.713773 -74.092770,4.715254 -74.092634,4.716070 -74.092801,4.717056 -74.092673,4.717095 -74.092278,4.716712 -74.091831,4.717130 -74.091960,4.717247 -74.091606,4.717091 -74.090253,4.716910 -74.089722,4.716667 -74.089209,4.714470</coordinates></LinearRing></outerBoundaryIs></Polygon></Placemark>
<Placemark><name>SUBA, NIZA</name><ExtendedData><Data name="brick_id"><value>BOG-085</value></Data><Data name="nombre"><value>NIZA</value></Data><Data name="zona"><value>SUBA</value></Data><Data name="ciudad"><value>BOGOTA</value></Data><Data name="departamento"><value>BOGOTA D.C.</value></Data><Data name="nombre_brick"><value>SUBA, NIZA</value></Data></ExtendedData><Polygon><outerBoundaryIs><LinearRing><coordinates>-74.075864,4.732948 -74.075422,4.732794 -74.075174,4.732479 -74.075010,4.731963 -74.065361,4.728556 -74.063586,4.727761 -74.057243,4.725458 -74.058022,4.724601 -74.058727,4.724041 -74.061466,4.719126 -74.061747,4.718404 -74.061951,4.716040 -74.062344,4.715676 -74.062608,4.715278 -74.062980,4.715007 -74.063312,4.714872 -74.063818,4.714823 -74.064225,4.714478 -74.064507,4.713648 -74.064613,4.713542 -74.064987,4.712083 -74.065169,4.711666 -74.065159,4.711388 -74.065033,4.711063 -74.064707,4.710645 -74.064649,4.710418 -74.064834,4.709988 -74.064937,4.709320 -74.064501,4.709118 -74.065312,4.704430 -74.065811,4.703303 -74.066153,4.702881 -74.067559,4.701914 -74.067882,4.701792 -74.068263,4.701464 -74.068525,4.701501 -74.070383,4.701041 -74.070541,4.701559 -74.070687,4.701655 -74.072327,4.701555 -74.072778,4.701384 -74.074642,4.701700 -74.074858,4.701944 -74.075516,4.701782 -74.075786,4.701818 -74.076183,4.702026 -74.076904,4.702125 -74.080273,4.703210 -74.081198,4.703717 -74.081618,4.705012 -74.084236,4.707311 -74.084807,4.707966 -74.084760,4.708354 -74.084409,4.708310 -74.084395,4.708470 -74.084172,4.708630 -74.083876,4.708714 -74.083698,4.708680 -74.083225,4.708939 -74.082383,4.709676 -74.080758,4.710729 -74.081538,4.711050 -74.082238,4.711171 -74.082235,4.711514 -74.082917,4.711334 -74.084179,4.711891 -74.085595,4.712683 -74.086186,4.713391 -74.086601,4.713716 -74.086919,4.713781 -74.087381,4.713729 -74.089209,4.714470 -74.089722,4.716667 -74.088810,4.716621 -74.088715,4.716445 -74.087862,4.717015 -74.087439,4.716437 -74.086941,4.716279 -74.086706,4.717439 -74.084486,4.717151 -74.084818,4.717798 -74.085199,4.718149 -74.085266,4.718584 -74.084565,4.719857 -74.082813,4.720729 -74.082450,4.721734 -74.082533,4.722326 -74.082471,4.722785 -74.082690,4.723378 -74.082563,4.723780 -74.082496,4.724620 -74.082563,4.724634 -74.082243,4.725825 -74.082169,4.726586 -74.082556,4.726677 -74.082704,4.727402 -74.082681,4.727807 -74.083313,4.728098 -74.083232,4.728352 -74.083282,4.728632 -74.083132,4.729275 -74.082640,4.729202 -74.082493,4.730237 -74.083449,4.730407 -74.083474,4.730763 -74.083716,4.730924 -74.084037,4.731432 -74.084175,4.732688 -74.084026,4.733264 -74.083520,4.733587 -74.082291,4.733875 -74.079832,4.733540 -74.079430,4.733586 -74.078867,4.733874 -74.078680,4.734090 -74.076851,4.733019 -74.075864,4.732948</coordinates></LinearRing></outerBoundaryIs></Polygon></Placemark>
<Placemark><name>SUBA, SAN JOSE DE BAVARIA</name><ExtendedData><Data name="brick_id"><value>BOG-086</value></Data><Data name="nombre"><value>SAN JOSE DE BAVARIA</value></Data><Data name="zona"><value>SUBA</value></Data><Data name="ciudad"><value>BOGOTA</value></Data><Data name="departamento"><value>BOGOTA D.C.</value></Data><Data name="nombre_brick"><value>SUBA, SAN JOSE DE BAVARIA</value></Data></ExtendedData><Polygon><outerBoundaryIs><LinearRing><coordinates>-74.046677,4.751344 -74.047555,4.751524 -74.047988,4.751747 -74.048896,4.752003 -74.052845,4.752880 -74.057443,4.753727 -74.059882,4.756060 -74.067104,4.761459 -74.068430,4.762430 -74.068831,4.762624 -74.069316,4.762712 -74.069678,4.762670 -74.070981,4.762233 -74.072883,4.761095 -74.072161,4.761869 -74.071845,4.762105 -74.071495,4.762659 -74.071422,4.763162 -74.071128,4.763185 -74.070022,4.764640 -74.069199,4.765750 -74.067131,4.768865 -74.067627,4.769199 -74.067651,4.769325 -74.067298,4.769547 -74.066201,4.769918 -74.065398,4.770393 -74.064292,4.771567 -74.063742,4.771405 -74.063271,4.771141 -74.062819,4.772081 -74.059190,4.769449 -74.058505,4.770199 -74.057516,4.770869 -74.056302,4.771315 -74.055544,4.771381 -74.050473,4.769924 -74.050480,4.769981 -74.049733,4.769842 -74.049488,4.769659 -74.049115,4.769675 -74.047870,4.769214 -74.047845,4.769364 -74.043708,4.768129 -74.046677,4.751344</coordinates></LinearRing></outerBoundaryIs></Polygon></Placemark>
<Placemark><name>SUBA, SUBA</name><ExtendedData><Data name="brick_id"><value>BOG-087</value></Data><Data name="nombre"><value>SUBA</value></Data><Data name="zona"><value>SUBA</value></Data><Data name="ciudad"><value>BOGOTA</value></Data><Data name="departamento"><value>BOGOTA D.C.</value></Data><Data name="nombre_brick"><value>SUBA, SUBA</value></Data></ExtendedData><Polygon><outerBoundaryIs><LinearRing><coordinates>-74.075490,4.758531 -74.072836,4.757084 -74.072748,4.756063 -74.072836,4.755517 -74.072380,4.753949 -74.072450,4.753615 -74.072731,4.753280 -74.073609,4.753069 -74.074100,4.752752 -74.074662,4.752277 -74.075469,4.751749 -74.075908,4.751185 -74.076031,4.750076 -74.075944,4.748544 -74.075786,4.748174 -74.075557,4.747910 -74.074901,4.747511 -74.074689,4.747073 -74.074198,4.745172 -74.074110,4.745048 -74.074127,4.744608 -74.074448,4.743220 -74.074808,4.742177 -74.075300,4.741398 -74.075623,4.740580 -74.075888,4.738926 -74.076834,4.736692 -74.076942,4.735778 -74.077148,4.735479 -74.077744,4.735054 -74.078278,4.733857 -74.078703,4.734103 -74.079407,4.734352 -74.081290,4.735696 -74.081845,4.736163 -74.082581,4.737067 -74.083160,4.737344 -74.085495,4.738005 -74.086441,4.738423 -74.089180,4.741149 -74.089611,4.741410 -74.096191,4.746577 -74.097673,4.747477 -74.100285,4.748855 -74.105794,4.751525 -74.104824,4.756182 -74.103897,4.759594 -74.102758,4.762431 -74.102385,4.762393 -74.102228,4.762924 -74.101927,4.763031 -74.101663,4.764070 -74.101037,4.765292 -74.100827,4.765976 -74.100702,4.767634 -74.100542,4.767936 -74.100372,4.768027 -74.100150,4.767965 -74.100042,4.767805 -74.100258,4.765776 -74.100037,4.765697 -74.099963,4.765531 -74.099983,4.765296 -74.100549,4.764612 -74.101332,4.762569 -74.101389,4.762237 -74.101322,4.761965 -74.100629,4.761766 -74.099794,4.761655 -74.099274,4.761382 -74.098596,4.761208 -74.098222,4.761196 -74.097670,4.760992 -74.097304,4.761167 -74.097121,4.761147 -74.097067,4.760946 -74.096539,4.761096 -74.096206,4.761055 -74.095886,4.761317 -74.095532,4.761267 -74.095399,4.761088 -74.095449,4.760813 -74.095778,4.760496 -74.095790,4.760296 -74.095362,4.760317 -74.095146,4.760233 -74.095063,4.759963 -74.094678,4.759943 -74.094667,4.759646 -74.094403,4.759556 -74.094396,4.759236 -74.094035,4.759600 -74.093848,4.759454 -74.094004,4.759076 -74.093629,4.759099 -74.093214,4.758870 -74.092698,4.758976 -74.092393,4.758912 -74.091774,4.758321 -74.091704,4.758162 -74.091549,4.758420 -74.090212,4.759772 -74.089864,4.759423 -74.090884,4.758475 -74.090240,4.758337 -74.089489,4.759033 -74.088928,4.758464 -74.089089,4.758305 -74.088878,4.758050 -74.089311,4.757616 -74.087789,4.757440 -74.085996,4.758130 -74.085074,4.757965 -74.084575,4.758911 -74.077068,4.758760 -74.075635,4.759082 -74.075490,4.758531</coordinates></LinearRing></outerBoundaryIs></Polygon></Placemark>
<Placemark><name>SUBA, TIBABUYES</name><ExtendedData><Data name="brick_id"><value>BOG-088</value></Data><Data name="nombre"><value>TIBABUYES</value></Data><Data name="zona"><value>SUBA</value></Data><Data name="ciudad"><value>BOGOTA</value></Data><Data name="departamento"><value>BOGOTA D.C.</value></Data><Data name="nombre_brick"><value>SUBA, TIBABUYES</value></Data></ExtendedData><Polygon><outerBoundaryIs><LinearRing><coordinates>-74.103897,4.759594 -74.104824,4.756182 -74.105794,4.751525 -74.106025,4.749678 -74.106129,4.747788 -74.106073,4.745423 -74.105862,4.743404 -74.103560,4.730124 -74.103120,4.726956 -74.103091,4.725160 -74.103438,4.723312 -74.103858,4.723608 -74.104067,4.724014 -74.103979,4.725588 -74.104092,4.725824 -74.104227,4.725933 -74.104858,4.726096 -74.105891,4.726093 -74.106363,4.725877 -74.106603,4.725874 -74.107270,4.726391 -74.107418,4.726613 -74.107724,4.726716 -74.108685,4.727427 -74.108901,4.727610 -74.109737,4.729110 -74.109986,4.729338 -74.110355,4.729514 -74.111063,4.729604 -74.111310,4.729711 -74.112355,4.730656 -74.112875,4.731250 -74.113034,4.731551 -74.113313,4.731798 -74.114026,4.732051 -74.114131,4.732258 -74.114133,4.733477 -74.114603,4.734695 -74.116014,4.735018 -74.116524,4.735685 -74.116935,4.736015 -74.117815,4.736247 -74.118645,4.736299 -74.119005,4.736412 -74.119650,4.736823 -74.120599,4.737878 -74.120573,4.739309 -74.120690,4.739437 -74.121570,4.739584 -74.122163,4.739596 -74.125446,4.740119 -74.126130,4.740018 -74.126776,4.739665 -74.127164,4.739306 -74.127417,4.738846 -74.127380,4.737305 -74.128802,4.737350 -74.129225,4.737469 -74.129438,4.737830 -74.129652,4.738993 -74.130515,4.739181 -74.131676,4.739746 -74.131986,4.740284 -74.131862,4.741093 -74.131321,4.741822 -74.130729,4.743113 -74.130521,4.744645 -74.130334,4.745413 -74.130067,4.745918 -74.129085,4.746345 -74.127410,4.746154 -74.126873,4.746304 -74.126405,4.746678 -74.125572,4.747064 -74.125379,4.747546 -74.125449,4.748308 -74.125662,4.749018 -74.125857,4.749265 -74.126143,4.749493 -74.127120,4.749313 -74.127577,4.749312 -74.127544,4.749834 -74.127254,4.750638 -74.126054,4.750743 -74.125196,4.750482 -74.124281,4.750036 -74.123977,4.749601 -74.123465,4.748117 -74.123384,4.747418 -74.122681,4.747265 -74.122504,4.747753 -74.123758,4.751201 -74.124206,4.752181 -74.124818,4.752736 -74.125420,4.753462 -74.125238,4.753973 -74.121421,4.754102 -74.120410,4.754196 -74.120244,4.754403 -74.120556,4.755967 -74.120760,4.757784 -74.121186,4.759199 -74.121239,4.759818 -74.120863,4.760461 -74.120128,4.761151 -74.118620,4.761613 -74.117700,4.761615 -74.116826,4.761789 -74.116246,4.763792 -74.112458,4.760836 -74.112139,4.760225 -74.111433,4.759641 -74.111098,4.759581 -74.110290,4.759660 -74.110009,4.759988 -74.109418,4.760161 -74.109282,4.760438 -74.108739,4.760447 -74.108337,4.760641 -74.107614,4.761391 -74.107332,4.761963 -74.107420,4.762000 -74.107706,4.761857 -74.107956,4.761875 -74.108113,4.762075 -74.108086,4.762311 -74.107794,4.762724 -74.107012,4.762594 -74.107396,4.762784 -74.107507,4.763049 -74.107281,4.763577 -74.106755,4.763873 -74.106301,4.764977 -74.105776,4.765850 -74.105617,4.765985 -74.105168,4.765854 -74.104985,4.765064 -74.105295,4.764486 -74.105598,4.763627 -74.105728,4.762691 -74.104973,4.762774 -74.104929,4.763024 -74.104722,4.763313 -74.104556,4.763394 -74.104309,4.763301 -74.104197,4.763121 -74.104172,4.762847 -74.103536,4.762462 -74.103288,4.762553 -74.102758,4.762431 -74.103897,4.759594</coordinates></LinearRing></outerBoundaryIs></Polygon></Placemark>
<Placemark><name>TEUSAQUILLO, CIUDAD SALITRE ORIENTAL</name><ExtendedData><Data name="brick_id"><value>BOG-089</value></Data><Data name="nombre"><value>CIUDAD SALITRE ORIENTAL</value></Data><Data name="zona"><value>TEUSAQUILLO</value></Data><Data name="ciudad"><value>BOGOTA</value></Data><Data name="departamento"><value>BOGOTA D.C.</value></Data><Data name="nombre_brick"><value>TEUSAQUILLO, CIUDAD SALITRE ORIENTAL</value></Data></ExtendedData><Polygon><outerBoundaryIs><LinearRing><coordinates>-74.095362,4.634523 -74.096404,4.636013 -74.096499,4.636452 -74.096345,4.636919 -74.096515,4.638384 -74.097967,4.637584 -74.099394,4.636663 -74.100081,4.636170 -74.100863,4.635373 -74.110445,4.645137 -74.107754,4.647855 -74.103416,4.653507 -74.101613,4.650658 -74.099493,4.647516 -74.093936,4.638706 -74.092445,4.636480 -74.095362,4.634523</coordinates></LinearRing></outerBoundaryIs></Polygon></Placemark>
<Placemark><name>TEUSAQUILLO, GALERIAS</name><ExtendedData><Data name="brick_id"><value>BOG-090</value></Data><Data name="nombre"><value>GALERIAS</value></Data><Data name="zona"><value>TEUSAQUILLO</value></Data><Data name="ciudad"><value>BOGOTA</value></Data><Data name="departamento"><value>BOGOTA D.C.</value></Data><Data name="nombre_brick"><value>TEUSAQUILLO, GALERIAS</value></Data></ExtendedData><Polygon><outerBoundaryIs><LinearRing><coordinates>-74.067067,4.636441 -74.073915,4.637627 -74.074055,4.637345 -74.074724,4.637415 -74.075393,4.633813 -74.079531,4.634601 -74.078319,4.651994 -74.064635,4.649647 -74.067067,4.636441</coordinates></LinearRing></outerBoundaryIs></Polygon></Placemark>
<Placemark><name>TEUSAQUILLO, LA ESMERALDA</name><ExtendedData><Data name="brick_id"><value>BOG-091</value></Data><Data name="nombre"><value>LA ESMERALDA</value></Data><Data name="zona"><value>TEUSAQUILLO</value></Data><Data name="ciudad"><value>BOGOTA</value></Data><Data name="departamento"><value>BOGOTA D.C.</value></Data><Data name="nombre_brick"><value>TEUSAQUILLO, LA ESMERALDA</value></Data></ExtendedData><Polygon><outerBoundaryIs><LinearRing><coordinates>-74.078954,4.642715 -74.081617,4.643190 -74.084098,4.645173 -74.088985,4.639921 -74.095581,4.650148 -74.091163,4.653216 -74.085814,4.655351 -74.085188,4.654509 -74.084829,4.654172 -74.083613,4.653346 -74.082207,4.652775 -74.078319,4.651994 -74.078954,4.642715</coordinates></LinearRing></outerBoundaryIs></Polygon></Placemark>
<Placemark><name>TEUSAQUILLO, PARQUE SIMON BOLIVAR - CAN</name><ExtendedData><Data name="brick_id"><value>BOG-092</value></Data><Data name="nombre"><value>PARQUE SIMON BOLIVAR - CAN</value></Data><Data name="zona"><value>TEUSAQUILLO</value></Data><Data name="ciudad"><value>BOGOTA</value></Data><Data name="departamento"><value>BOGOTA D.C.</value></Data><Data name="nombre_brick"><value>TEUSAQUILLO, PARQUE SIMON BOLIVAR - CAN</value></Data></ExtendedData><Polygon><outerBoundaryIs><LinearRing><coordinates>-74.091163,4.653216 -74.095581,4.650148 -74.088985,4.639921 -74.084098,4.645173 -74.081617,4.643190 -74.078954,4.642715 -74.079640,4.633255 -74.080729,4.633450 -74.080845,4.632983 -74.081121,4.632626 -74.081489,4.632441 -74.081728,4.632417 -74.082188,4.632509 -74.082415,4.632663 -74.082880,4.631919 -74.087753,4.633555 -74.090077,4.634460 -74.091066,4.635016 -74.091839,4.635693 -74.092686,4.636805 -74.093936,4.638706 -74.099493,4.647516 -74.101613,4.650658 -74.103416,4.653507 -74.093715,4.666065 -74.092902,4.665430 -74.092363,4.664867 -74.091710,4.664000 -74.091202,4.663132 -74.085814,4.655351 -74.091163,4.653216</coordinates></LinearRing></outerBoundaryIs></Polygon></Placemark>
<Placemark><name>TEUSAQUILLO, QUINTA PAREDES</name><ExtendedData><Data name="brick_id"><value>BOG-093</value></Data><Data name="nombre"><value>QUINTA PAREDES</value></Data><Data name="zona"><value>TEUSAQUILLO</value></Data><Data name="ciudad"><value>BOGOTA</value></Data><Data name="departamento"><value>BOGOTA D.C.</value></Data><Data name="nombre_brick"><value>TEUSAQUILLO, QUINTA PAREDES</value></Data></ExtendedData><Polygon><outerBoundaryIs><LinearRing><coordinates>-74.091839,4.635693 -74.091428,4.635305 -74.090650,4.634739 -74.090077,4.634460 -74.087753,4.633555 -74.082880,4.631919 -74.082415,4.632663 -74.082188,4.632509 -74.081728,4.632417 -74.081489,4.632441 -74.081121,4.632626 -74.080845,4.632983 -74.080729,4.633450 -74.079640,4.633255 -74.079908,4.630350 -74.080292,4.628853 -74.081046,4.627352 -74.082257,4.625752 -74.083199,4.624698 -74.091452,4.625717 -74.100863,4.635373 -74.100081,4.636170 -74.099394,4.636663 -74.097967,4.637584 -74.096515,4.638384 -74.096345,4.636919 -74.096499,4.636452 -74.096404,4.636013 -74.095362,4.634523 -74.092445,4.636480 -74.091839,4.635693</coordinates></LinearRing></outerBoundaryIs></Polygon></Placemark>
<Placemark><name>TEUSAQUILLO, TEUSAQUILLO</name><ExtendedData><Data name="brick_id"><value>BOG-094</value></Data><Data name="nombre"><value>TEUSAQUILLO</value></Data><Data name="zona"><value>TEUSAQUILLO</value></Data><Data name="ciudad"><value>BOGOTA</value></Data><Data name="departamento"><value>BOGOTA D.C.</value></Data><Data name="nombre_brick"><value>TEUSAQUILLO, TEUSAQUILLO</value></Data></ExtendedData><Polygon><outerBoundaryIs><LinearRing><coordinates>-74.069712,4.621639 -74.070302,4.620228 -74.072829,4.615417 -74.078828,4.623891 -74.083199,4.624698 -74.082257,4.625752 -74.081046,4.627352 -74.080292,4.628853 -74.079993,4.629905 -74.079831,4.630923 -74.079531,4.634601 -74.075393,4.633813 -74.074724,4.637415 -74.074055,4.637345 -74.073915,4.637627 -74.067067,4.636441 -74.069712,4.621639</coordinates></LinearRing></outerBoundaryIs></Polygon></Placemark>
<Placemark><name>TUNJUELITO, TUNJUELITO</name><ExtendedData><Data name="brick_id"><value>BOG-095</value></Data><Data name="nombre"><value>TUNJUELITO</value></Data><Data name="zona"><value>TUNJUELITO</value></Data><Data name="ciudad"><value>BOGOTA</value></Data><Data name="departamento"><value>BOGOTA D.C.</value></Data><Data name="nombre_brick"><value>TUNJUELITO, TUNJUELITO</value></Data></ExtendedData><Polygon><outerBoundaryIs><LinearRing><coordinates>-74.125458,4.569024 -74.126570,4.567061 -74.126678,4.566673 -74.126633,4.566492 -74.125066,4.563689 -74.124850,4.562198 -74.123731,4.559735 -74.123500,4.559363 -74.122707,4.558530 -74.122167,4.557704 -74.121726,4.556699 -74.121466,4.555632 -74.121265,4.551016 -74.121148,4.545430 -74.123868,4.544490 -74.126093,4.544824 -74.126294,4.545310 -74.126471,4.545454 -74.126810,4.545520 -74.127274,4.545408 -74.127810,4.545094 -74.128384,4.545022 -74.128600,4.545271 -74.129351,4.545500 -74.129978,4.546038 -74.129939,4.546293 -74.129387,4.546791 -74.129047,4.546857 -74.128701,4.546785 -74.128009,4.546896 -74.126940,4.547217 -74.126770,4.547132 -74.126667,4.546928 -74.126546,4.546274 -74.126304,4.546123 -74.126154,4.546175 -74.125494,4.546903 -74.125377,4.547198 -74.125364,4.547506 -74.125912,4.548017 -74.126108,4.548430 -74.126392,4.548725 -74.126673,4.549243 -74.127098,4.549616 -74.127836,4.549754 -74.128175,4.549669 -74.128371,4.549505 -74.128809,4.549341 -74.129560,4.549688 -74.129841,4.549715 -74.130219,4.549734 -74.131075,4.549400 -74.131499,4.549361 -74.131676,4.549374 -74.131970,4.549551 -74.132244,4.549918 -74.132381,4.550481 -74.132074,4.550921 -74.132143,4.551189 -74.131930,4.552073 -74.131969,4.552638 -74.132077,4.552916 -74.132808,4.553469 -74.133347,4.554251 -74.133606,4.554902 -74.133888,4.555187 -74.133848,4.555429 -74.133228,4.556088 -74.133191,4.556219 -74.133247,4.556324 -74.133654,4.556442 -74.134018,4.556472 -74.134567,4.556355 -74.134697,4.556417 -74.135258,4.557141 -74.135110,4.557296 -74.134761,4.557434 -74.134185,4.557383 -74.133987,4.557463 -74.134197,4.558894 -74.134110,4.559841 -74.133814,4.560337 -74.133877,4.560713 -74.135198,4.561133 -74.136100,4.561910 -74.136758,4.562029 -74.137473,4.562353 -74.137691,4.562655 -74.137919,4.563441 -74.138347,4.563633 -74.139197,4.563697 -74.140167,4.564638 -74.140508,4.565068 -74.140433,4.565740 -74.140624,4.566499 -74.140627,4.567002 -74.139292,4.567239 -74.138224,4.567214 -74.137255,4.567517 -74.136270,4.568011 -74.129728,4.570552 -74.128919,4.570623 -74.127753,4.570259 -74.125458,4.569024</coordinates></LinearRing></outerBoundaryIs></Polygon></Placemark>
<Placemark><name>TUNJUELITO, VENECIA</name><ExtendedData><Data name="brick_id"><value>BOG-096</value></Data><Data name="nombre"><value>VENECIA</value></Data><Data name="zona"><value>TUNJUELITO</value></Data><Data name="ciudad"><value>BOGOTA</value></Data><Data name="departamento"><value>BOGOTA D.C.</value></Data><Data name="nombre_brick"><value>TUNJUELITO, VENECIA</value></Data></ExtendedData><Polygon><outerBoundaryIs><LinearRing><coordinates>-74.145641,4.594990 -74.144018,4.595337 -74.142586,4.595473 -74.140433,4.595364 -74.131650,4.593628 -74.129469,4.592940 -74.128290,4.592653 -74.128610,4.586645 -74.129335,4.586279 -74.129929,4.586080 -74.130875,4.585900 -74.129416,4.580078 -74.128275,4.580193 -74.127900,4.578568 -74.125256,4.569567 -74.125458,4.569024 -74.127934,4.570340 -74.128919,4.570623 -74.129728,4.570552 -74.136270,4.568011 -74.137255,4.567517 -74.138224,4.567214 -74.139292,4.567239 -74.140627,4.567002 -74.140686,4.567330 -74.140427,4.568188 -74.140460,4.568326 -74.141302,4.568746 -74.141655,4.568669 -74.141710,4.568845 -74.141523,4.569122 -74.141115,4.569304 -74.140747,4.569204 -74.140493,4.569282 -74.140389,4.569873 -74.140460,4.570469 -74.140681,4.570613 -74.141649,4.570602 -74.142001,4.570751 -74.142023,4.570977 -74.141770,4.571579 -74.141803,4.571723 -74.142051,4.571866 -74.142442,4.571805 -74.142568,4.571855 -74.142777,4.572269 -74.143124,4.572485 -74.143245,4.572827 -74.142926,4.574020 -74.142816,4.574147 -74.142706,4.574208 -74.142238,4.574180 -74.141985,4.574291 -74.141677,4.574721 -74.141005,4.575119 -74.140829,4.575417 -74.140873,4.575914 -74.140961,4.576074 -74.141996,4.577201 -74.142221,4.577350 -74.142414,4.577350 -74.142618,4.577317 -74.142849,4.577129 -74.143095,4.576621 -74.143041,4.575758 -74.143850,4.575145 -74.143822,4.574895 -74.143638,4.574603 -74.143686,4.574305 -74.144143,4.573953 -74.144652,4.573161 -74.144840,4.573011 -74.145181,4.573038 -74.145614,4.573439 -74.145741,4.573603 -74.145993,4.574490 -74.146082,4.574621 -74.146369,4.574754 -74.146509,4.574795 -74.146744,4.574716 -74.147065,4.573788 -74.147352,4.573703 -74.147703,4.573990 -74.147806,4.574477 -74.147594,4.574740 -74.147724,4.575316 -74.147355,4.575672 -74.147010,4.576340 -74.147058,4.576494 -74.147676,4.576939 -74.147812,4.577200 -74.147901,4.577669 -74.148355,4.578080 -74.148714,4.577888 -74.148775,4.577662 -74.148727,4.577405 -74.148355,4.576933 -74.148454,4.576590 -74.148577,4.576463 -74.148717,4.576470 -74.149659,4.577960 -74.149990,4.578327 -74.149772,4.578930 -74.149434,4.579440 -74.149652,4.580355 -74.149437,4.581238 -74.149314,4.581454 -74.148768,4.581783 -74.147942,4.581577 -74.147611,4.581293 -74.147195,4.581785 -74.147216,4.581947 -74.147550,4.582250 -74.147884,4.582926 -74.148422,4.583310 -74.148968,4.583153 -74.149325,4.582930 -74.149835,4.583008 -74.150744,4.582473 -74.151114,4.582575 -74.151383,4.582819 -74.151485,4.583059 -74.151388,4.583777 -74.151241,4.583951 -74.150612,4.584353 -74.150591,4.584521 -74.150754,4.584659 -74.151495,4.584832 -74.151977,4.585168 -74.152155,4.585408 -74.151916,4.585943 -74.151282,4.586085 -74.151185,4.586182 -74.150886,4.587058 -74.150424,4.587817 -74.150495,4.587986 -74.150957,4.588699 -74.151383,4.588959 -74.152648,4.588697 -74.152537,4.588370 -74.151849,4.587755 -74.151758,4.587417 -74.151920,4.587012 -74.152215,4.586690 -74.152545,4.586514 -74.153070,4.586379 -74.153287,4.586492 -74.153377,4.586656 -74.153355,4.586901 -74.153051,4.587441 -74.153106,4.587684 -74.153321,4.587904 -74.153561,4.587965 -74.154372,4.587861 -74.155044,4.587933 -74.155635,4.588134 -74.155984,4.588403 -74.156424,4.588421 -74.156957,4.588704 -74.156642,4.589240 -74.156497,4.590018 -74.154824,4.590540 -74.154547,4.590790 -74.154397,4.591134 -74.154260,4.591258 -74.154017,4.591261 -74.153703,4.590963 -74.153356,4.590873 -74.152971,4.591059 -74.152823,4.591461 -74.152091,4.591496 -74.151552,4.591320 -74.151389,4.591400 -74.151217,4.591988 -74.151754,4.592786 -74.152055,4.593044 -74.152401,4.592958 -74.152671,4.592566 -74.153323,4.592182 -74.153535,4.592225 -74.154093,4.592584 -74.154187,4.592856 -74.154208,4.593177 -74.154129,4.593462 -74.153914,4.593731 -74.152823,4.594466 -74.152264,4.595687 -74.151726,4.595473 -74.151236,4.595393 -74.148491,4.595060 -74.146944,4.594956 -74.145641,4.594990</coordinates></LinearRing></outerBoundaryIs></Polygon></Placemark>
<Placemark><name>USAQUEN, COUNTRY CLUB</name><ExtendedData><Data name="brick_id"><value>BOG-097</value></Data><Data name="nombre"><value>COUNTRY CLUB</value></Data><Data name="zona"><value>USAQUEN</value></Data><Data name="ciudad"><value>BOGOTA</value></Data><Data name="departamento"><value>BOGOTA D.C.</value></Data><Data name="nombre_brick"><value>USAQUEN, COUNTRY CLUB</value></Data></ExtendedData><Polygon><outerBoundaryIs><LinearRing><coordinates>-74.032877,4.703408 -74.036713,4.704377 -74.037114,4.704395 -74.038856,4.704043 -74.040081,4.703925 -74.044848,4.704339 -74.052153,4.706441 -74.053904,4.706745 -74.051849,4.718986 -74.049769,4.718661 -74.036881,4.714115 -74.032615,4.712744 -74.032877,4.703408</coordinates></LinearRing></outerBoundaryIs></Polygon></Placemark>
<Placemark><name>USAQUEN, LA URIBE</name><ExtendedData><Data name="brick_id"><value>BOG-098</value></Data><Data name="nombre"><value>LA URIBE</value></Data><Data name="zona"><value>USAQUEN</value></Data><Data name="ciudad"><value>BOGOTA</value></Data><Data name="departamento"><value>BOGOTA D.C.</value></Data><Data name="nombre_brick"><value>USAQUEN, LA URIBE</value></Data></ExtendedData><Polygon><outerBoundaryIs><LinearRing><coordinates>-74.021103,4.756563 -74.020998,4.756328 -74.020911,4.756316 -74.020717,4.756068 -74.020390,4.756178 -74.020140,4.756086 -74.019833,4.755861 -74.019734,4.755602 -74.019536,4.755458 -74.019491,4.755333 -74.018599,4.755438 -74.019087,4.755062 -74.019284,4.754602 -74.019958,4.753927 -74.020033,4.753551 -74.019917,4.753533 -74.019656,4.753133 -74.019567,4.752705 -74.019053,4.752318 -74.018706,4.751907 -74.018172,4.751740 -74.017557,4.751778 -74.018011,4.751518 -74.018043,4.751385 -74.018193,4.751472 -74.018380,4.751444 -74.018683,4.750693 -74.018978,4.750874 -74.019323,4.750631 -74.019549,4.750044 -74.019446,4.749321 -74.019247,4.749081 -74.018533,4.748949 -74.018168,4.748717 -74.018180,4.748591 -74.017798,4.748393 -74.017114,4.748218 -74.016954,4.748029 -74.016616,4.747907 -74.017010,4.747808 -74.017374,4.747896 -74.018087,4.747725 -74.018146,4.747405 -74.017822,4.747320 -74.017914,4.747222 -74.017761,4.747215 -74.017572,4.746995 -74.017714,4.746851 -74.017592,4.746625 -74.017685,4.746446 -74.017836,4.746353 -74.017672,4.746310 -74.017666,4.746003 -74.019689,4.746796 -74.019992,4.746310 -74.020249,4.746796 -74.020825,4.746584 -74.022460,4.746508 -74.022321,4.745306 -74.022282,4.743347 -74.022342,4.741798 -74.022465,4.741014 -74.031704,4.742897 -74.031573,4.748316 -74.037478,4.749251 -74.041640,4.750254 -74.046677,4.751344 -74.045540,4.757773 -74.041761,4.759554 -74.040959,4.760005 -74.040819,4.760262 -74.040612,4.760264 -74.040669,4.758319 -74.040435,4.757137 -74.031270,4.756347 -74.027644,4.756178 -74.024632,4.756137 -74.023665,4.756551 -74.023128,4.755347 -74.022691,4.755406 -74.022742,4.755665 -74.023019,4.755967 -74.023079,4.756545 -74.022529,4.756619 -74.022662,4.756929 -74.021592,4.757215 -74.021357,4.756827 -74.021096,4.757049 -74.021103,4.756563</coordinates></LinearRing></outerBoundaryIs></Polygon></Placemark>
<Placemark><name>USAQUEN, LOS CEDROS</name><ExtendedData><Data name="brick_id"><value>BOG-099</value></Data><Data name="nombre"><value>LOS CEDROS</value></Data><Data name="zona"><value>USAQUEN</value></Data><Data name="ciudad"><value>BOGOTA</value></Data><Data name="departamento"><value>BOGOTA D.C.</value></Data><Data name="nombre_brick"><value>USAQUEN, LOS CEDROS</value></Data></ExtendedData><Polygon><outerBoundaryIs><LinearRing><coordinates>-74.024153,4.728951 -74.023966,4.731192 -74.023554,4.731114 -74.023354,4.730976 -74.023154,4.730310 -74.021898,4.730130 -74.021921,4.729952 -74.020586,4.729624 -74.020622,4.729434 -74.020784,4.729366 -74.021004,4.728917 -74.021446,4.728536 -74.021481,4.728361 -74.021381,4.728167 -74.021326,4.727443 -74.021431,4.726728 -74.021268,4.726598 -74.020910,4.726657 -74.020141,4.726453 -74.019370,4.726097 -74.019441,4.725987 -74.019936,4.725829 -74.019817,4.725692 -74.019880,4.725457 -74.019548,4.725290 -74.019395,4.725038 -74.019572,4.724521 -74.019365,4.724420 -74.019162,4.724182 -74.019079,4.723851 -74.018929,4.723651 -74.018337,4.723781 -74.018117,4.723747 -74.018496,4.723544 -74.018563,4.723329 -74.018443,4.723117 -74.018731,4.723182 -74.019109,4.723007 -74.019381,4.722768 -74.019554,4.722288 -74.020265,4.722427 -74.020381,4.722264 -74.020318,4.721899 -74.020741,4.722085 -74.021707,4.722046 -74.022114,4.721687 -74.022385,4.721123 -74.022434,4.720792 -74.022079,4.720189 -74.022376,4.720027 -74.022595,4.719421 -74.022399,4.718610 -74.022219,4.718305 -74.021856,4.718373 -74.021405,4.718264 -74.021334,4.718140 -74.020899,4.717957 -74.020703,4.717783 -74.021055,4.717688 -74.021547,4.717435 -74.021635,4.717317 -74.021663,4.717079 -74.021374,4.716567 -74.021539,4.716360 -74.021415,4.715658 -74.021193,4.715396 -74.020976,4.715393 -74.020413,4.715126 -74.019948,4.714689 -74.019746,4.714728 -74.019884,4.714516 -74.020086,4.714455 -74.020745,4.714886 -74.020942,4.714935 -74.021093,4.714750 -74.021105,4.714597 -74.021405,4.714556 -74.021526,4.714362 -74.021841,4.714702 -74.022161,4.714652 -74.022386,4.714763 -74.023076,4.714818 -74.023155,4.714407 -74.023123,4.713903 -74.023045,4.713761 -74.023263,4.713685 -74.023707,4.712470 -74.023143,4.711874 -74.023086,4.711575 -74.023137,4.711546 -74.023614,4.711544 -74.024315,4.711803 -74.024554,4.711573 -74.029209,4.711852 -74.029162,4.711610 -74.036881,4.714115 -74.049769,4.718661 -74.051849,4.718986 -74.048692,4.737778 -74.047117,4.737499 -74.042819,4.736502 -74.031922,4.731039 -74.024608,4.727581 -74.024153,4.728951</coordinates></LinearRing></outerBoundaryIs></Polygon></Placemark>
<Placemark><name>USAQUEN, PASEO DE LOS LIBERTADORES</name><ExtendedData><Data name="brick_id"><value>BOG-100</value></Data><Data name="nombre"><value>PASEO DE LOS LIBERTADORES</value></Data><Data name="zona"><value>USAQUEN</value></Data><Data name="ciudad"><value>BOGOTA</value></Data><Data name="departamento"><value>BOGOTA D.C.</value></Data><Data name="nombre_brick"><value>USAQUEN, PASEO DE LOS LIBERTADORES</value></Data></ExtendedData><Polygon><outerBoundaryIs><LinearRing><coordinates>-74.029281,4.823263 -74.026755,4.823003 -74.025705,4.823118 -74.025284,4.822838 -74.025138,4.822363 -74.024972,4.822132 -74.025468,4.822214 -74.025872,4.822181 -74.026247,4.822026 -74.026528,4.821789 -74.026572,4.821558 -74.026479,4.821321 -74.026602,4.820596 -74.026431,4.819967 -74.026360,4.819092 -74.030913,4.818910 -74.030801,4.818514 -74.030946,4.817695 -74.030847,4.815993 -74.030898,4.813760 -74.031039,4.812454 -74.030720,4.812188 -74.029715,4.811812 -74.029271,4.811542 -74.028898,4.811658 -74.028429,4.811483 -74.028304,4.811537 -74.028234,4.812469 -74.028003,4.813385 -74.027738,4.813544 -74.027050,4.813685 -74.026765,4.813524 -74.026135,4.813525 -74.025869,4.813673 -74.025286,4.813435 -74.024707,4.813315 -74.024390,4.813480 -74.023849,4.813409 -74.022843,4.808488 -74.030179,4.808655 -74.030251,4.808882 -74.032403,4.809036 -74.034408,4.796733 -74.031273,4.796265 -74.031255,4.795356 -74.030989,4.794972 -74.030890,4.794321 -74.029642,4.792468 -74.028695,4.791317 -74.028295,4.790616 -74.028196,4.789615 -74.028396,4.788714 -74.028396,4.788113 -74.027997,4.787262 -74.027847,4.786661 -74.027847,4.785960 -74.028072,4.785467 -74.028197,4.784108 -74.027997,4.783708 -74.027748,4.783507 -74.027299,4.782356 -74.026950,4.780153 -74.026202,4.777750 -74.026352,4.774346 -74.026752,4.773395 -74.027301,4.772394 -74.027451,4.771894 -74.027451,4.771393 -74.027351,4.770993 -74.027101,4.770542 -74.027144,4.769849 -74.027723,4.769930 -74.031142,4.770006 -74.031173,4.769461 -74.034399,4.770525 -74.038699,4.770696 -74.039947,4.770600 -74.043188,4.771067 -74.042136,4.777017 -74.035076,4.820691 -74.031277,4.820687 -74.031254,4.821779 -74.031377,4.823457 -74.030314,4.823641 -74.029817,4.823159 -74.029281,4.823263</coordinates></LinearRing></outerBoundaryIs></Polygon></Placemark>
<Placemark><name>USAQUEN, SAN CRISTOBAL NORTE</name><ExtendedData><Data name="brick_id"><value>BOG-101</value></Data><Data name="nombre"><value>SAN CRISTOBAL NORTE</value></Data><Data name="zona"><value>USAQUEN</value></Data><Data name="ciudad"><value>BOGOTA</value></Data><Data name="departamento"><value>BOGOTA D.C.</value></Data><Data name="nombre_brick"><value>USAQUEN, SAN CRISTOBAL NORTE</value></Data></ExtendedData><Polygon><outerBoundaryIs><LinearRing><coordinates>-74.017639,4.745954 -74.017766,4.745570 -74.017731,4.745412 -74.017854,4.745291 -74.017947,4.744704 -74.018036,4.744636 -74.018022,4.744437 -74.018225,4.744226 -74.018157,4.744143 -74.018168,4.743917 -74.018284,4.743664 -74.018119,4.743631 -74.017967,4.743820 -74.017959,4.744221 -74.016970,4.744006 -74.017131,4.743536 -74.016859,4.743115 -74.015884,4.743074 -74.015746,4.743178 -74.015523,4.742660 -74.014699,4.742422 -74.014886,4.742122 -74.015627,4.741542 -74.018781,4.742218 -74.018845,4.742140 -74.018655,4.741470 -74.018930,4.741233 -74.018939,4.740775 -74.018587,4.740251 -74.018137,4.739920 -74.017652,4.739379 -74.017527,4.739115 -74.017562,4.739006 -74.017724,4.738972 -74.017620,4.738560 -74.017857,4.738307 -74.017860,4.738202 -74.017980,4.738155 -74.017788,4.737814 -74.017392,4.737712 -74.017814,4.737561 -74.017819,4.737347 -74.017700,4.737134 -74.018003,4.737089 -74.018239,4.736849 -74.017815,4.736841 -74.017590,4.736623 -74.017106,4.736450 -74.016757,4.736450 -74.016538,4.736249 -74.013134,4.735069 -74.013043,4.735097 -74.012491,4.734836 -74.012407,4.733976 -74.012585,4.733209 -74.012705,4.732953 -74.013189,4.732534 -74.013449,4.731631 -74.011540,4.730943 -74.012432,4.729883 -74.012895,4.730168 -74.013498,4.729461 -74.013708,4.729349 -74.013628,4.728722 -74.015926,4.729451 -74.017830,4.730884 -74.017885,4.730991 -74.018409,4.731276 -74.021071,4.733184 -74.021097,4.733039 -74.021274,4.732853 -74.021158,4.732411 -74.020701,4.731916 -74.020518,4.731505 -74.020170,4.731361 -74.020288,4.731146 -74.020344,4.730778 -74.020556,4.730552 -74.020641,4.730195 -74.020626,4.730035 -74.020426,4.729815 -74.020491,4.729503 -74.020622,4.729434 -74.020586,4.729624 -74.021921,4.729952 -74.021898,4.730130 -74.023154,4.730310 -74.023354,4.730976 -74.023554,4.731114 -74.023966,4.731192 -74.024153,4.728951 -74.024608,4.727581 -74.032113,4.731142 -74.032039,4.738174 -74.031965,4.738164 -74.031920,4.738974 -74.031814,4.742901 -74.022465,4.741014 -74.022342,4.741798 -74.022282,4.743347 -74.022321,4.745306 -74.022460,4.746508 -74.020825,4.746584 -74.020249,4.746796 -74.019992,4.746310 -74.019689,4.746796 -74.017639,4.745954</coordinates></LinearRing></outerBoundaryIs></Polygon></Placemark>
<Placemark><name>USAQUEN, SANTA BARBARA</name><ExtendedData><Data name="brick_id"><value>BOG-102</value></Data><Data name="nombre"><value>SANTA BARBARA</value></Data><Data name="zona"><value>USAQUEN</value></Data><Data name="ciudad"><value>BOGOTA</value></Data><Data name="departamento"><value>BOGOTA D.C.</value></Data><Data name="nombre_brick"><value>USAQUEN, SANTA BARBARA</value></Data></ExtendedData><Polygon><outerBoundaryIs><LinearRing><coordinates>-74.033011,4.698390 -74.033122,4.697425 -74.033356,4.696764 -74.035098,4.692982 -74.035459,4.692399 -74.035908,4.691967 -74.048199,4.684900 -74.050016,4.685482 -74.057247,4.686836 -74.053904,4.706745 -74.052153,4.706441 -74.044848,4.704339 -74.040081,4.703925 -74.038856,4.704043 -74.037114,4.704395 -74.036713,4.704377 -74.032877,4.703408 -74.033011,4.698390</coordinates></LinearRing></outerBoundaryIs></Polygon></Placemark>
<Placemark><name>USAQUEN, TOBERIN</name><ExtendedData><Data name="brick_id"><value>BOG-103</value></Data><Data name="nombre"><value>TOBERIN</value></Data><Data name="zona"><value>USAQUEN</value></Data><Data name="ciudad"><value>BOGOTA</value></Data><Data name="departamento"><value>BOGOTA D.C.</value></Data><Data name="nombre_brick"><value>USAQUEN, TOBERIN</value></Data></ExtendedData><Polygon><outerBoundaryIs><LinearRing><coordinates>-74.031814,4.742901 -74.031920,4.738974 -74.031965,4.738164 -74.032039,4.738174 -74.032113,4.731142 -74.042819,4.736502 -74.047117,4.737499 -74.048692,4.737778 -74.046835,4.748820 -74.046677,4.751344 -74.041640,4.750254 -74.037478,4.749251 -74.031573,4.748316 -74.031704,4.742897 -74.031814,4.742901</coordinates></LinearRing></outerBoundaryIs></Polygon></Placemark>
<Placemark><name>USAQUEN, USAQUEN</name><ExtendedData><Data name="brick_id"><value>BOG-104</value></Data><Data name="nombre"><value>USAQUEN</value></Data><Data name="zona"><value>USAQUEN</value></Data><Data name="ciudad"><value>BOGOTA</value></Data><Data name="departamento"><value>BOGOTA D.C.</value></Data><Data name="nombre_brick"><value>USAQUEN, USAQUEN</value></Data></ExtendedData><Polygon><outerBoundaryIs><LinearRing><coordinates>-74.029209,4.711852 -74.024554,4.711573 -74.024315,4.711803 -74.023614,4.711544 -74.023894,4.711472 -74.024089,4.711240 -74.023979,4.710339 -74.024058,4.710124 -74.024029,4.709852 -74.024074,4.709724 -74.024400,4.709582 -74.024402,4.708600 -74.024526,4.708349 -74.024861,4.708064 -74.024864,4.707827 -74.024974,4.707578 -74.024904,4.707344 -74.024740,4.707207 -74.024220,4.707252 -74.023401,4.707077 -74.022656,4.707150 -74.022518,4.707082 -74.022539,4.706731 -74.022325,4.706668 -74.021875,4.706693 -74.021745,4.706935 -74.021511,4.706354 -74.021605,4.706173 -74.021490,4.705858 -74.021424,4.705274 -74.021292,4.705219 -74.020665,4.705429 -74.020864,4.705189 -74.020852,4.704810 -74.021114,4.704723 -74.021321,4.704506 -74.021295,4.704427 -74.021421,4.704427 -74.021659,4.704182 -74.021844,4.704121 -74.022100,4.703664 -74.022083,4.703457 -74.022830,4.702636 -74.023187,4.702908 -74.023154,4.702956 -74.023433,4.702652 -74.023634,4.702994 -74.023733,4.702819 -74.024002,4.702771 -74.024109,4.702859 -74.024103,4.703031 -74.024354,4.703274 -74.024804,4.703222 -74.025038,4.703034 -74.025081,4.702834 -74.025231,4.702663 -74.025196,4.702197 -74.025409,4.702075 -74.025098,4.701255 -74.025199,4.700570 -74.025383,4.700232 -74.025631,4.700150 -74.025746,4.699710 -74.026057,4.699441 -74.025974,4.699197 -74.025717,4.699135 -74.025714,4.698820 -74.025498,4.698687 -74.025482,4.697994 -74.025400,4.697667 -74.025012,4.697400 -74.025024,4.697203 -74.024922,4.697245 -74.024886,4.697164 -74.024909,4.696878 -74.024715,4.696864 -74.024401,4.696683 -74.024323,4.696382 -74.024395,4.696274 -74.024135,4.695937 -74.023977,4.695871 -74.024043,4.695699 -74.023917,4.695566 -74.024541,4.695032 -74.024600,4.694819 -74.024533,4.694655 -74.023429,4.694010 -74.022839,4.693957 -74.022858,4.693769 -74.022785,4.693693 -74.022237,4.693639 -74.022046,4.693530 -74.022703,4.693340 -74.022768,4.693233 -74.022709,4.692895 -74.022592,4.692836 -74.022634,4.692582 -74.022504,4.691950 -74.022321,4.691592 -74.023046,4.691814 -74.023445,4.691850 -74.023817,4.691712 -74.024019,4.691446 -74.024135,4.691095 -74.024127,4.690487 -74.024063,4.690208 -74.023912,4.689987 -74.024004,4.689937 -74.023914,4.689532 -74.023972,4.689125 -74.024016,4.688959 -74.024557,4.688393 -74.024822,4.687312 -74.024825,4.686977 -74.024653,4.686819 -74.023856,4.686941 -74.023317,4.686793 -74.022969,4.686907 -74.022813,4.686867 -74.023127,4.686564 -74.023497,4.686468 -74.024026,4.686049 -74.024328,4.686075 -74.025165,4.685833 -74.025371,4.685703 -74.025509,4.685453 -74.025509,4.684196 -74.026208,4.684175 -74.026287,4.683978 -74.026729,4.683562 -74.026416,4.683676 -74.026294,4.683579 -74.025923,4.683672 -74.025548,4.683412 -74.024632,4.683009 -74.023869,4.683152 -74.023222,4.683002 -74.023085,4.682881 -74.023072,4.682722 -74.023264,4.682529 -74.023474,4.682487 -74.024113,4.682081 -74.024994,4.682038 -74.025248,4.681867 -74.025743,4.680725 -74.025592,4.680499 -74.025199,4.680487 -74.025195,4.680427 -74.025408,4.680152 -74.025801,4.679947 -74.026151,4.679925 -74.026316,4.680311 -74.026458,4.680384 -74.026651,4.680411 -74.026915,4.680186 -74.027171,4.680519 -74.027819,4.680051 -74.027955,4.680423 -74.027941,4.680884 -74.028054,4.681107 -74.028443,4.681383 -74.029217,4.681757 -74.029454,4.681631 -74.029563,4.681365 -74.029554,4.680907 -74.029402,4.680631 -74.029460,4.680313 -74.029671,4.680397 -74.029999,4.680226 -74.030400,4.680328 -74.031023,4.679798 -74.031599,4.679806 -74.032295,4.679972 -74.032454,4.679664 -74.032721,4.679680 -74.032938,4.679560 -74.033351,4.679487 -74.033689,4.679551 -74.033989,4.679126 -74.034898,4.678472 -74.038264,4.679969 -74.043312,4.682613 -74.048199,4.684900 -74.036385,4.691669 -74.035720,4.692117 -74.035382,4.692502 -74.035098,4.692982 -74.033356,4.696764 -74.033044,4.697860 -74.032615,4.712744 -74.029162,4.711610 -74.029209,4.711852</coordinates></LinearRing></outerBoundaryIs></Polygon></Placemark>
<Placemark><name>USAQUEN, VERBENAL</name><ExtendedData><Data name="brick_id"><value>BOG-105</value></Data><Data name="nombre"><value>VERBENAL</value></Data><Data name="zona"><value>USAQUEN</value></Data><Data name="ciudad"><value>BOGOTA</value></Data><Data name="departamento"><value>BOGOTA D.C.</value></Data><Data name="nombre_brick"><value>USAQUEN, VERBENAL</value></Data></ExtendedData><Polygon><outerBoundaryIs><LinearRing><coordinates>-74.031173,4.769461 -74.031142,4.770006 -74.027723,4.769930 -74.027044,4.769836 -74.025363,4.769389 -74.022719,4.768952 -74.022770,4.767351 -74.022957,4.767297 -74.022603,4.764530 -74.023108,4.762841 -74.023125,4.761927 -74.023024,4.761389 -74.022993,4.760298 -74.022897,4.760234 -74.021157,4.760183 -74.021125,4.759821 -74.021489,4.759508 -74.021372,4.759318 -74.021355,4.759059 -74.021544,4.758810 -74.021549,4.758650 -74.021454,4.758561 -74.021589,4.758503 -74.021667,4.758355 -74.021713,4.758036 -74.021595,4.757892 -74.021351,4.758002 -74.021334,4.757580 -74.021249,4.757480 -74.021356,4.757318 -74.021098,4.757136 -74.021096,4.757049 -74.021357,4.756827 -74.021592,4.757215 -74.022662,4.756929 -74.022529,4.756619 -74.023079,4.756545 -74.023019,4.755967 -74.022742,4.755665 -74.022691,4.755406 -74.023128,4.755347 -74.023665,4.756551 -74.024632,4.756137 -74.027644,4.756178 -74.031270,4.756347 -74.040435,4.757137 -74.040669,4.758319 -74.040612,4.760264 -74.040819,4.760262 -74.040959,4.760005 -74.041761,4.759554 -74.045540,4.757773 -74.043188,4.771067 -74.039947,4.770600 -74.038699,4.770696 -74.034399,4.770525 -74.031173,4.769461</coordinates></LinearRing></outerBoundaryIs></Polygon></Placemark>
<Placemark><name>USME, ALFONSO LOPEZ</name><ExtendedData><Data name="brick_id"><value>BOG-106</value></Data><Data name="nombre"><value>ALFONSO LOPEZ</value></Data><Data name="zona"><value>USME</value></Data><Data name="ciudad"><value>BOGOTA</value></Data><Data name="departamento"><value>BOGOTA D.C.</value></Data><Data name="nombre_brick"><value>USME, ALFONSO LOPEZ</value></Data></ExtendedData><Polygon><outerBoundaryIs><LinearRing><coordinates>-74.094822,4.499746 -74.094627,4.499030 -74.095999,4.498531 -74.095989,4.498309 -74.095635,4.497518 -74.095685,4.497270 -74.096443,4.496831 -74.096905,4.496411 -74.097391,4.496186 -74.097298,4.496028 -74.098018,4.496044 -74.098697,4.495905 -74.099061,4.495738 -74.099529,4.495107 -74.098770,4.493846 -74.099042,4.493494 -74.099634,4.493208 -74.099639,4.492880 -74.099376,4.492642 -74.098721,4.492650 -74.098487,4.492043 -74.098114,4.491852 -74.098139,4.491398 -74.099201,4.490695 -74.098647,4.489952 -74.097191,4.490928 -74.097051,4.490300 -74.096777,4.490321 -74.096594,4.489389 -74.096532,4.488587 -74.096414,4.488096 -74.096334,4.488113 -74.096132,4.487608 -74.096138,4.487237 -74.096414,4.486960 -74.096355,4.486668 -74.096091,4.486292 -74.096102,4.485838 -74.096220,4.485735 -74.096140,4.485629 -74.096897,4.485315 -74.097612,4.484879 -74.098429,4.484986 -74.098741,4.484648 -74.106679,4.487314 -74.107188,4.487690 -74.107910,4.488405 -74.108971,4.489634 -74.109344,4.489954 -74.109877,4.490677 -74.109997,4.491374 -74.109912,4.492075 -74.109743,4.492507 -74.109517,4.492677 -74.109171,4.493225 -74.108233,4.493989 -74.107745,4.494896 -74.107666,4.495451 -74.107831,4.497341 -74.107614,4.498077 -74.105198,4.502734 -74.104764,4.503714 -74.104354,4.505011 -74.104353,4.505594 -74.103826,4.505508 -74.103280,4.505186 -74.103076,4.504830 -74.102784,4.504669 -74.102559,4.504112 -74.101729,4.502914 -74.101320,4.502783 -74.101008,4.502489 -74.100378,4.502148 -74.100703,4.501710 -74.100016,4.501357 -74.100000,4.501053 -74.099769,4.500842 -74.099422,4.500779 -74.098920,4.500515 -74.098699,4.499934 -74.097630,4.500000 -74.097344,4.499802 -74.096872,4.499688 -74.096264,4.499333 -74.095622,4.499310 -74.095045,4.499836 -74.094793,4.499909 -74.094822,4.499746</coordinates></LinearRing></outerBoundaryIs></Polygon></Placemark>
<Placemark><name>USME, CIUDAD USME</name><ExtendedData><Data name="brick_id"><value>BOG-107</value></Data><Data name="nombre"><value>CIUDAD USME</value></Data><Data name="zona"><value>USME</value></Data><Data name="ciudad"><value>BOGOTA</value></Data><Data name="departamento"><value>BOGOTA D.C.</value></Data><Data name="nombre_brick"><value>USME, CIUDAD USME</value></Data></ExtendedData><MultiGeometry><Polygon><outerBoundaryIs><LinearRing><coordinates>-74.094189,4.509841 -74.094450,4.509948 -74.094238,4.509276 -74.094120,4.508358 -74.094002,4.507923 -74.093486,4.507188 -74.093419,4.506654 -74.093568,4.506233 -74.093538,4.505786 -74.094045,4.505216 -74.093943,4.504833 -74.093386,4.504527 -74.093430,4.504062 -74.093831,4.503728 -74.093800,4.503145 -74.093453,4.502340 -74.092767,4.501526 -74.092906,4.501436 -74.092324,4.500802 -74.091928,4.499999 -74.090565,4.498337 -74.090089,4.498142 -74.089797,4.497791 -74.089426,4.497556 -74.088425,4.497447 -74.087677,4.497573 -74.087192,4.497416 -74.084277,4.497636 -74.084243,4.497181 -74.084012,4.497013 -74.083531,4.496876 -74.083099,4.496225 -74.083232,4.495754 -74.083188,4.495548 -74.082984,4.495332 -74.082517,4.495193 -74.082565,4.494979 -74.082477,4.494856 -74.082911,4.494234 -74.082574,4.493944 -74.081860,4.493830 -74.081919,4.493358 -74.082164,4.493043 -74.082366,4.492945 -74.082636,4.493324 -74.083101,4.493246 -74.083509,4.493075 -74.084241,4.493077 -74.084742,4.492960 -74.085540,4.493415 -74.086213,4.493377 -74.086413,4.493514 -74.087342,4.493753 -74.087741,4.493648 -74.088144,4.493882 -74.088690,4.494057 -74.089504,4.493750 -74.090508,4.493903 -74.091758,4.493278 -74.092553,4.493163 -74.092689,4.492339 -74.092635,4.491890 -74.092774,4.491311 -74.093628,4.491091 -74.093944,4.489966 -74.093599,4.489253 -74.093836,4.488880 -74.094683,4.488393 -74.095218,4.487573 -74.094694,4.486958 -74.095185,4.485938 -74.095161,4.485460 -74.095649,4.484635 -74.095506,4.484209 -74.095631,4.484073 -74.095515,4.483824 -74.095547,4.483496 -74.095461,4.483151 -74.096045,4.481892 -74.095997,4.481446 -74.096406,4.482072 -74.096580,4.481958 -74.096126,4.481292 -74.096054,4.481297 -74.094001,4.477785 -74.092972,4.476280 -74.093715,4.476074 -74.096937,4.475955 -74.097332,4.476148 -74.099268,4.477840 -74.099716,4.478016 -74.103218,4.477570 -74.103634,4.477610 -74.103806,4.476818 -74.104171,4.476391 -74.106478,4.475495 -74.106740,4.475277 -74.106996,4.474819 -74.107123,4.474726 -74.107451,4.474769 -74.107722,4.475228 -74.107908,4.475299 -74.108212,4.475194 -74.108488,4.474942 -74.108731,4.474654 -74.108875,4.474306 -74.108567,4.472781 -74.108299,4.472064 -74.108786,4.471791 -74.109186,4.471400 -74.109456,4.470953 -74.109830,4.470003 -74.110433,4.469371 -74.111284,4.469023 -74.112483,4.469012 -74.112979,4.468730 -74.113512,4.467752 -74.114292,4.467233 -74.114791,4.466695 -74.116365,4.463734 -74.116691,4.463303 -74.117062,4.462976 -74.117516,4.462726 -74.118041,4.462571 -74.121203,4.462219 -74.122233,4.461794 -74.122770,4.461373 -74.123156,4.460930 -74.123471,4.460401 -74.124122,4.458889 -74.125036,4.457860 -74.125140,4.458061 -74.125303,4.458161 -74.126529,4.458483 -74.126923,4.458508 -74.128023,4.458385 -74.129076,4.458625 -74.129314,4.458904 -74.129417,4.459283 -74.129029,4.460041 -74.129041,4.460698 -74.129137,4.460828 -74.129676,4.460933 -74.129962,4.461501 -74.129547,4.461958 -74.129334,4.462524 -74.129378,4.463006 -74.129586,4.462996 -74.129674,4.463206 -74.129605,4.464014 -74.129775,4.464307 -74.130232,4.464307 -74.130497,4.464403 -74.130950,4.464985 -74.131027,4.465272 -74.130894,4.465674 -74.130850,4.466319 -74.131232,4.467150 -74.131374,4.468111 -74.131570,4.468629 -74.132186,4.469760 -74.132786,4.470378 -74.133122,4.471189 -74.133072,4.471861 -74.132421,4.473249 -74.131363,4.474303 -74.130573,4.475443 -74.130312,4.476371 -74.130042,4.476449 -74.129769,4.476380 -74.129306,4.476061 -74.128719,4.475349 -74.128419,4.475291 -74.127312,4.477152 -74.126978,4.477558 -74.125426,4.478765 -74.125093,4.478909 -74.124776,4.478906 -74.124528,4.479113 -74.124259,4.480141 -74.123818,4.480651 -74.123503,4.481571 -74.123223,4.481953 -74.122622,4.482343 -74.121784,4.484197 -74.121649,4.484806 -74.121290,4.485747 -74.121658,4.487357 -74.121652,4.488176 -74.121197,4.489282 -74.120900,4.489684 -74.120494,4.490582 -74.120363,4.490286 -74.120430,4.489923 -74.120962,4.489074 -74.121136,4.488530 -74.120621,4.487979 -74.120459,4.487518 -74.120131,4.487663 -74.120184,4.487343 -74.119796,4.487496 -74.119738,4.487641 -74.119790,4.487727 -74.119092,4.487676 -74.118644,4.487729 -74.118663,4.487676 -74.118289,4.487474 -74.118051,4.487531 -74.117821,4.487782 -74.117222,4.487778 -74.116863,4.487536 -74.116381,4.487474 -74.116416,4.487724 -74.115968,4.487807 -74.115119,4.487661 -74.115047,4.487628 -74.115069,4.487511 -74.114893,4.487417 -74.114739,4.487491 -74.114075,4.487332 -74.113993,4.487541 -74.113618,4.487814 -74.113118,4.487876 -74.112851,4.488023 -74.112730,4.488413 -74.112330,4.489167 -74.113085,4.490121 -74.111473,4.489995 -74.110816,4.490402 -74.109850,4.490638 -74.109344,4.489954 -74.108971,4.489634 -74.107910,4.488405 -74.107188,4.487690 -74.106679,4.487314 -74.098741,4.484648 -74.098429,4.484986 -74.097612,4.484879 -74.096897,4.485315 -74.096140,4.485629 -74.096220,4.485735 -74.096102,4.485838 -74.096091,4.486292 -74.096355,4.486668 -74.096414,4.486960 -74.096138,4.487237 -74.096132,4.487608 -74.096334,4.488113 -74.096414,4.488096 -74.096532,4.488587 -74.096594,4.489389 -74.096777,4.490321 -74.097051,4.490300 -74.097191,4.490928 -74.098647,4.489952 -74.099201,4.490695 -74.098139,4.491398 -74.098114,4.491852 -74.098487,4.492043 -74.098721,4.492650 -74.099376,4.492642 -74.099639,4.492880 -74.099634,4.493208 -74.099042,4.493494 -74.098770,4.493846 -74.099529,4.495107 -74.099061,4.495738 -74.098697,4.495905 -74.098018,4.496044 -74.097298,4.496028 -74.097391,4.496186 -74.096905,4.496411 -74.096443,4.496831 -74.095685,4.497270 -74.095635,4.497518 -74.095989,4.498309 -74.095999,4.498531 -74.094627,4.499030 -74.094822,4.499746 -74.094764,4.500073 -74.094846,4.501485 -74.095086,4.502052 -74.096325,4.501951 -74.097277,4.501624 -74.097373,4.502142 -74.097279,4.502491 -74.098134,4.502418 -74.098421,4.502294 -74.098273,4.502740 -74.098296,4.503247 -74.098581,4.503717 -74.098997,4.503851 -74.098788,4.504242 -74.098026,4.504879 -74.098142,4.505305 -74.098055,4.506429 -74.098125,4.506887 -74.098481,4.507695 -74.098261,4.507869 -74.098291,4.508363 -74.098193,4.508893 -74.097365,4.509083 -74.097337,4.508893 -74.096671,4.508701 -74.096622,4.509098 -74.096114,4.509075 -74.096111,4.509626 -74.094183,4.510335 -74.094189,4.509841</coordinates></LinearRing></outerBoundaryIs></Polygon><Polygon><outerBoundaryIs><LinearRing><coordinates>-74.080729,4.471325 -74.081332,4.471295 -74.082053,4.471838 -74.082432,4.472335 -74.083393,4.473083 -74.081922,4.473107 -74.081742,4.473758 -74.081286,4.474140 -74.081288,4.474276 -74.080354,4.474280 -74.080355,4.474842 -74.079340,4.475048 -74.078784,4.473234 -74.079277,4.473014 -74.078933,4.472448 -74.080451,4.471155 -74.080729,4.471325</coordinates></LinearRing></outerBoundaryIs></Polygon></MultiGeometry></Placemark>
<Placemark><name>USME, COMUNEROS</name><ExtendedData><Data name="brick_id"><value>BOG-108</value></Data><Data name="nombre"><value>COMUNEROS</value></Data><Data name="zona"><value>USME</value></Data><Data name="ciudad"><value>BOGOTA</value></Data><Data name="departamento"><value>BOGOTA D.C.</value></Data><Data name="nombre_brick"><value>USME, COMUNEROS</value></Data></ExtendedData><Polygon><outerBoundaryIs><LinearRing><coordinates>-74.104354,4.505011 -74.104764,4.503714 -74.105198,4.502734 -74.107614,4.498077 -74.107831,4.497341 -74.107666,4.495451 -74.107745,4.494896 -74.108233,4.493989 -74.109171,4.493225 -74.109820,4.492344 -74.109997,4.491374 -74.109850,4.490638 -74.110816,4.490402 -74.111473,4.489995 -74.113085,4.490121 -74.112330,4.489167 -74.112730,4.488413 -74.112851,4.488023 -74.113118,4.487876 -74.113618,4.487814 -74.113993,4.487541 -74.114088,4.487328 -74.114739,4.487491 -74.114893,4.487417 -74.115069,4.487511 -74.115047,4.487628 -74.115119,4.487661 -74.115968,4.487807 -74.116416,4.487724 -74.116381,4.487474 -74.116863,4.487536 -74.117222,4.487778 -74.117821,4.487782 -74.118051,4.487531 -74.118289,4.487474 -74.118663,4.487676 -74.118644,4.487729 -74.119092,4.487676 -74.119790,4.487727 -74.119738,4.487641 -74.119796,4.487496 -74.120184,4.487343 -74.120131,4.487663 -74.120459,4.487518 -74.120621,4.487979 -74.121136,4.488530 -74.120962,4.489074 -74.120430,4.489923 -74.120363,4.490286 -74.120494,4.490582 -74.120422,4.490859 -74.120499,4.491107 -74.120758,4.491252 -74.122480,4.491112 -74.122944,4.491279 -74.123130,4.491543 -74.123112,4.491727 -74.123007,4.491850 -74.122410,4.492028 -74.121841,4.492312 -74.121448,4.492740 -74.121349,4.492998 -74.122109,4.494879 -74.122023,4.495385 -74.121637,4.496364 -74.121617,4.496666 -74.121880,4.497571 -74.122215,4.497936 -74.122540,4.498671 -74.122719,4.499664 -74.123005,4.499940 -74.123931,4.500243 -74.124489,4.500628 -74.125056,4.501322 -74.125599,4.501797 -74.125791,4.501783 -74.126219,4.501486 -74.126716,4.501302 -74.126845,4.501320 -74.127141,4.502102 -74.127500,4.502757 -74.127741,4.503479 -74.128045,4.503944 -74.128377,4.504247 -74.128450,4.504442 -74.128432,4.504934 -74.128151,4.505466 -74.127856,4.505720 -74.126791,4.506075 -74.126737,4.506212 -74.126709,4.507146 -74.127082,4.509326 -74.127295,4.510019 -74.127312,4.510693 -74.126677,4.513206 -74.125985,4.514648 -74.125778,4.515558 -74.125886,4.518102 -74.125610,4.520162 -74.125780,4.520513 -74.127580,4.522059 -74.128020,4.522904 -74.128881,4.524108 -74.129002,4.524426 -74.128856,4.524718 -74.127563,4.524991 -74.126782,4.525561 -74.126482,4.525636 -74.126388,4.525158 -74.125666,4.523867 -74.122913,4.520886 -74.122370,4.519974 -74.121884,4.518277 -74.121810,4.517059 -74.121604,4.515968 -74.121539,4.515072 -74.121581,4.514495 -74.121987,4.512682 -74.121887,4.512022 -74.121402,4.511327 -74.119282,4.510348 -74.117639,4.509682 -74.116885,4.509482 -74.115744,4.509033 -74.114504,4.508147 -74.113822,4.507247 -74.113556,4.507037 -74.112020,4.506669 -74.105512,4.506631 -74.104982,4.506411 -74.104580,4.506030 -74.104353,4.505594 -74.104354,4.505011</coordinates></LinearRing></outerBoundaryIs></Polygon></Placemark>
<Placemark><name>USME, DANUBIO</name><ExtendedData><Data name="brick_id"><value>BOG-109</value></Data><Data name="nombre"><value>DANUBIO</value></Data><Data name="zona"><value>USME</value></Data><Data name="ciudad"><value>BOGOTA</value></Data><Data name="departamento"><value>BOGOTA D.C.</value></Data><Data name="nombre_brick"><value>USME, DANUBIO</value></Data></ExtendedData><Polygon><outerBoundaryIs><LinearRing><coordinates>-74.118933,4.542734 -74.118438,4.542396 -74.118256,4.542163 -74.117732,4.542265 -74.117257,4.541941 -74.117079,4.541565 -74.116627,4.541138 -74.116329,4.540644 -74.115772,4.540562 -74.115618,4.540388 -74.115196,4.540445 -74.114826,4.540382 -74.114440,4.540514 -74.113829,4.540404 -74.113254,4.540443 -74.112898,4.540320 -74.112567,4.540377 -74.112703,4.541316 -74.112627,4.541331 -74.112623,4.541555 -74.112504,4.541692 -74.112382,4.541683 -74.110720,4.540606 -74.110775,4.540571 -74.110127,4.539977 -74.108806,4.539364 -74.108923,4.539203 -74.109287,4.539385 -74.109431,4.538801 -74.109396,4.538342 -74.109164,4.538123 -74.108767,4.538250 -74.108342,4.538144 -74.108093,4.537554 -74.107657,4.537364 -74.107429,4.536738 -74.107568,4.536263 -74.107017,4.535753 -74.106750,4.535306 -74.106578,4.534887 -74.106510,4.534464 -74.106054,4.535092 -74.105990,4.535348 -74.105716,4.535583 -74.105260,4.535340 -74.104375,4.535355 -74.103992,4.534579 -74.103725,4.534403 -74.103375,4.532623 -74.102984,4.532400 -74.103578,4.531432 -74.104189,4.531008 -74.104532,4.530899 -74.104799,4.530616 -74.105892,4.530861 -74.106647,4.531190 -74.107220,4.531641 -74.107559,4.532030 -74.108636,4.531671 -74.109042,4.531888 -74.109861,4.531444 -74.110504,4.531269 -74.111052,4.530874 -74.110876,4.530573 -74.109714,4.529742 -74.109230,4.528955 -74.112086,4.529496 -74.111960,4.528120 -74.112147,4.527812 -74.112562,4.527579 -74.112714,4.527543 -74.113353,4.527692 -74.113449,4.526489 -74.113617,4.526497 -74.113828,4.526898 -74.114185,4.527212 -74.114398,4.527127 -74.114256,4.526921 -74.119380,4.526915 -74.119905,4.526988 -74.120300,4.527497 -74.120640,4.527781 -74.120973,4.528278 -74.121256,4.528824 -74.121454,4.529428 -74.121489,4.531323 -74.121410,4.531695 -74.121107,4.532052 -74.121687,4.531770 -74.122309,4.531834 -74.122556,4.531448 -74.122790,4.531352 -74.123113,4.530305 -74.123066,4.532337 -74.123392,4.533526 -74.124084,4.534562 -74.124141,4.535055 -74.123891,4.535918 -74.123905,4.536161 -74.123944,4.536318 -74.124545,4.537085 -74.124972,4.539366 -74.125001,4.541581 -74.125344,4.542656 -74.124887,4.543816 -74.124855,4.544076 -74.125005,4.544327 -74.125880,4.544622 -74.126086,4.544823 -74.123868,4.544490 -74.121148,4.545430 -74.120127,4.544315 -74.118933,4.542734</coordinates></LinearRing></outerBoundaryIs></Polygon></Placemark>
<Placemark><name>USME, GRAN YOMASA</name><ExtendedData><Data name="brick_id"><value>BOG-110</value></Data><Data name="nombre"><value>GRAN YOMASA</value></Data><Data name="zona"><value>USME</value></Data><Data name="ciudad"><value>BOGOTA</value></Data><Data name="departamento"><value>BOGOTA D.C.</value></Data><Data name="nombre_brick"><value>USME, GRAN YOMASA</value></Data></ExtendedData><Polygon><outerBoundaryIs><LinearRing><coordinates>-74.109050,4.527930 -74.108726,4.527021 -74.108689,4.525956 -74.108366,4.525648 -74.108296,4.525346 -74.107676,4.524350 -74.107753,4.523882 -74.107378,4.523396 -74.107311,4.523053 -74.107163,4.522943 -74.107206,4.522712 -74.107001,4.521812 -74.107071,4.520354 -74.107413,4.520003 -74.107454,4.519731 -74.107096,4.519383 -74.107108,4.518605 -74.107507,4.517870 -74.107671,4.517137 -74.107968,4.516798 -74.107921,4.516531 -74.107583,4.516281 -74.107338,4.516394 -74.106875,4.517511 -74.106579,4.517490 -74.106388,4.517796 -74.106062,4.518030 -74.105121,4.518447 -74.104666,4.518101 -74.103741,4.517187 -74.102965,4.516646 -74.103108,4.516197 -74.102833,4.515118 -74.102970,4.513995 -74.103312,4.513415 -74.104687,4.513333 -74.105431,4.512833 -74.105404,4.512228 -74.105025,4.512403 -74.104571,4.512404 -74.103897,4.512821 -74.103500,4.512965 -74.103151,4.512988 -74.101697,4.513988 -74.101071,4.514303 -74.100652,4.514211 -74.100334,4.514272 -74.100335,4.514150 -74.097084,4.514460 -74.096566,4.514224 -74.096252,4.513869 -74.096083,4.513797 -74.095266,4.513724 -74.095169,4.513735 -74.095052,4.514087 -74.094778,4.514243 -74.094521,4.514085 -74.094523,4.513365 -74.094183,4.510335 -74.096111,4.509626 -74.096114,4.509075 -74.096622,4.509098 -74.096671,4.508701 -74.097337,4.508893 -74.097365,4.509083 -74.098193,4.508893 -74.098291,4.508363 -74.098261,4.507869 -74.098481,4.507695 -74.098125,4.506887 -74.098055,4.506429 -74.098142,4.505305 -74.098026,4.504879 -74.098788,4.504242 -74.098997,4.503851 -74.098581,4.503717 -74.098296,4.503247 -74.098273,4.502740 -74.098421,4.502294 -74.098134,4.502418 -74.097279,4.502491 -74.097373,4.502142 -74.097277,4.501624 -74.096325,4.501951 -74.095086,4.502052 -74.094846,4.501485 -74.094793,4.499909 -74.095045,4.499836 -74.095622,4.499310 -74.096264,4.499333 -74.096872,4.499688 -74.097344,4.499802 -74.097630,4.500000 -74.098699,4.499934 -74.098920,4.500515 -74.099422,4.500779 -74.099769,4.500842 -74.100000,4.501053 -74.100016,4.501357 -74.100703,4.501710 -74.100378,4.502148 -74.101008,4.502489 -74.101320,4.502783 -74.101729,4.502914 -74.102559,4.504112 -74.102784,4.504669 -74.103076,4.504830 -74.103280,4.505186 -74.103826,4.505508 -74.104353,4.505594 -74.104580,4.506030 -74.104982,4.506411 -74.105512,4.506631 -74.112020,4.506669 -74.113556,4.507037 -74.113822,4.507247 -74.114504,4.508147 -74.115744,4.509033 -74.116885,4.509482 -74.117639,4.509682 -74.119282,4.510348 -74.121402,4.511327 -74.121887,4.512022 -74.121987,4.512682 -74.121581,4.514495 -74.121539,4.515072 -74.121604,4.515968 -74.121810,4.517059 -74.121884,4.518277 -74.122370,4.519974 -74.122913,4.520886 -74.125666,4.523867 -74.126388,4.525158 -74.126482,4.525636 -74.126040,4.525746 -74.125510,4.526049 -74.125253,4.526720 -74.124787,4.527586 -74.123213,4.527459 -74.123090,4.529202 -74.123108,4.530315 -74.122790,4.531352 -74.122556,4.531448 -74.122309,4.531834 -74.121687,4.531770 -74.121107,4.532052 -74.121410,4.531695 -74.121489,4.531323 -74.121505,4.529995 -74.121397,4.529201 -74.120973,4.528278 -74.120640,4.527781 -74.120300,4.527497 -74.119905,4.526988 -74.119753,4.526932 -74.114256,4.526921 -74.114398,4.527127 -74.114185,4.527212 -74.113828,4.526898 -74.113617,4.526497 -74.113449,4.526489 -74.113353,4.527692 -74.112714,4.527543 -74.112562,4.527579 -74.112147,4.527812 -74.111960,4.528120 -74.112086,4.529496 -74.109230,4.528955 -74.109050,4.527930</coordinates></LinearRing></outerBoundaryIs></Polygon></Placemark>
<Placemark><name>USME, LA FLORA</name><ExtendedData><Data name="brick_id"><value>BOG-111</value></Data><Data name="nombre"><value>LA FLORA</value></Data><Data name="zona"><value>USME</value></Data><Data name="ciudad"><value>BOGOTA</value></Data><Data name="departamento"><value>BOGOTA D.C.</value></Data><Data name="nombre_brick"><value>USME, LA FLORA</value></Data></ExtendedData><MultiGeometry><Polygon><outerBoundaryIs><LinearRing><coordinates>-74.079876,4.500294 -74.079490,4.500412 -74.079229,4.499738 -74.079088,4.499779 -74.078859,4.499125 -74.082571,4.497745 -74.083094,4.499092 -74.082594,4.499075 -74.081780,4.499442 -74.081094,4.500003 -74.081272,4.500281 -74.080115,4.500696 -74.079876,4.500294</coordinates></LinearRing></outerBoundaryIs></Polygon><Polygon><outerBoundaryIs><LinearRing><coordinates>-74.087879,4.516706 -74.088841,4.516193 -74.088657,4.515808 -74.088291,4.514393 -74.088102,4.512944 -74.088099,4.511917 -74.088433,4.511917 -74.088376,4.511005 -74.088160,4.510248 -74.088521,4.508697 -74.087715,4.508662 -74.087727,4.508385 -74.086230,4.508489 -74.085919,4.508350 -74.085458,4.508304 -74.083144,4.509078 -74.082545,4.507449 -74.083766,4.507149 -74.085297,4.506906 -74.086023,4.506572 -74.085712,4.505463 -74.088126,4.504983 -74.088083,4.504481 -74.086889,4.502563 -74.086554,4.502577 -74.086608,4.502150 -74.086413,4.501746 -74.085996,4.501959 -74.085785,4.502233 -74.085606,4.502180 -74.085364,4.502325 -74.085410,4.502491 -74.085118,4.502696 -74.083863,4.502914 -74.083413,4.503192 -74.082753,4.503460 -74.082370,4.503484 -74.081643,4.503380 -74.080661,4.503553 -74.080430,4.503834 -74.080218,4.503469 -74.079915,4.503590 -74.079666,4.503155 -74.078808,4.503417 -74.078589,4.502506 -74.085707,4.499992 -74.085321,4.499269 -74.085379,4.499250 -74.084481,4.498118 -74.085273,4.498082 -74.085102,4.497579 -74.087192,4.497416 -74.087677,4.497573 -74.088425,4.497447 -74.088896,4.497474 -74.089426,4.497556 -74.089797,4.497791 -74.090089,4.498142 -74.090565,4.498337 -74.090885,4.498651 -74.091928,4.499999 -74.092324,4.500802 -74.092906,4.501436 -74.092767,4.501526 -74.093453,4.502340 -74.093800,4.503145 -74.093831,4.503728 -74.093430,4.504062 -74.093386,4.504527 -74.093943,4.504833 -74.094045,4.505216 -74.093538,4.505786 -74.093568,4.506233 -74.093419,4.506654 -74.093486,4.507188 -74.094002,4.507923 -74.094238,4.509276 -74.094450,4.509948 -74.094189,4.509841 -74.094183,4.510335 -74.094523,4.513365 -74.094521,4.514085 -74.094815,4.514223 -74.094852,4.515144 -74.095123,4.515692 -74.095167,4.517000 -74.094913,4.517272 -74.094282,4.517278 -74.094465,4.516946 -74.090911,4.517049 -74.090205,4.516939 -74.089938,4.517131 -74.089797,4.517133 -74.089555,4.517096 -74.089405,4.516944 -74.089009,4.517802 -74.087577,4.517498 -74.087145,4.516549 -74.087879,4.516706</coordinates></LinearRing></outerBoundaryIs></Polygon></MultiGeometry></Placemark>
<Placemark><name>USME, PARQUE ENTRENUBES</name><ExtendedData><Data name="brick_id"><value>BOG-112</value></Data><Data name="nombre"><value>PARQUE ENTRENUBES</value></Data><Data name="zona"><value>USME</value></Data><Data name="ciudad"><value>BOGOTA</value></Data><Data name="departamento"><value>BOGOTA D.C.</value></Data><Data name="nombre_brick"><value>USME, PARQUE ENTRENUBES</value></Data></ExtendedData><MultiGeometry><Polygon><outerBoundaryIs><LinearRing><coordinates>-74.100950,4.545382 -74.100455,4.545207 -74.100294,4.544880 -74.099750,4.544529 -74.099430,4.543739 -74.098601,4.543038 -74.098637,4.542903 -74.098360,4.542094 -74.097807,4.541400 -74.098811,4.540427 -74.098306,4.539379 -74.097809,4.538735 -74.097654,4.539462 -74.096999,4.539908 -74.096793,4.539099 -74.096320,4.538745 -74.095982,4.538366 -74.095777,4.537998 -74.095660,4.537320 -74.095855,4.536965 -74.095748,4.536850 -74.095221,4.535334 -74.095230,4.534289 -74.095142,4.534047 -74.095243,4.533756 -74.095314,4.532946 -74.094828,4.530823 -74.094514,4.529935 -74.094346,4.528918 -74.094359,4.528038 -74.094567,4.527887 -74.094544,4.527340 -74.094377,4.526855 -74.094364,4.525427 -74.094119,4.524560 -74.093725,4.524457 -74.093552,4.524258 -74.093451,4.523789 -74.093425,4.523376 -74.093773,4.522566 -74.093809,4.521342 -74.093960,4.520459 -74.093953,4.520078 -74.093822,4.519592 -74.093958,4.519116 -74.094084,4.517772 -74.094798,4.517397 -74.095167,4.517000 -74.095123,4.515692 -74.094852,4.515144 -74.094815,4.514223 -74.095052,4.514087 -74.095169,4.513735 -74.096083,4.513797 -74.096252,4.513869 -74.096566,4.514224 -74.097084,4.514460 -74.100335,4.514150 -74.100334,4.514272 -74.100652,4.514211 -74.101071,4.514303 -74.101697,4.513988 -74.103151,4.512988 -74.103500,4.512965 -74.103897,4.512821 -74.104571,4.512404 -74.105025,4.512403 -74.105404,4.512228 -74.105431,4.512833 -74.104687,4.513333 -74.103312,4.513415 -74.102970,4.513995 -74.102833,4.515118 -74.103108,4.516197 -74.102965,4.516646 -74.103741,4.517187 -74.104666,4.518101 -74.105121,4.518447 -74.106062,4.518030 -74.106388,4.517796 -74.106579,4.517490 -74.106875,4.517511 -74.107338,4.516394 -74.107583,4.516281 -74.107921,4.516531 -74.107968,4.516798 -74.107671,4.517137 -74.107507,4.517870 -74.107108,4.518605 -74.107096,4.519383 -74.107454,4.519731 -74.107413,4.520003 -74.107071,4.520354 -74.107001,4.521812 -74.107206,4.522712 -74.107163,4.522943 -74.107311,4.523053 -74.107378,4.523396 -74.107753,4.523882 -74.107676,4.524350 -74.108296,4.525346 -74.108366,4.525648 -74.108689,4.525956 -74.108726,4.527021 -74.109050,4.527930 -74.109161,4.528824 -74.109714,4.529742 -74.110876,4.530573 -74.111052,4.530874 -74.110504,4.531269 -74.109861,4.531444 -74.109042,4.531888 -74.108636,4.531671 -74.107559,4.532030 -74.107220,4.531641 -74.106647,4.531190 -74.105892,4.530861 -74.104799,4.530616 -74.104532,4.530899 -74.104189,4.531008 -74.103578,4.531432 -74.102984,4.532400 -74.103375,4.532623 -74.103725,4.534403 -74.103992,4.534579 -74.104375,4.535355 -74.105260,4.535340 -74.105716,4.535583 -74.105990,4.535348 -74.106054,4.535092 -74.106510,4.534464 -74.106578,4.534887 -74.106750,4.535306 -74.107017,4.535753 -74.107568,4.536263 -74.107429,4.536738 -74.107657,4.537364 -74.108093,4.537554 -74.108342,4.538144 -74.108767,4.538250 -74.109164,4.538123 -74.109396,4.538342 -74.109431,4.538801 -74.109287,4.539385 -74.108923,4.539203 -74.108806,4.539364 -74.108373,4.539322 -74.107411,4.539541 -74.106625,4.539480 -74.106472,4.539037 -74.105826,4.538441 -74.105139,4.537624 -74.103406,4.536845 -74.102928,4.536513 -74.101555,4.537150 -74.101392,4.536819 -74.101069,4.536454 -74.100705,4.536932 -74.100094,4.536857 -74.099601,4.535996 -74.098971,4.535307 -74.098588,4.534940 -74.098148,4.534946 -74.098607,4.536208 -74.098844,4.537212 -74.099391,4.537379 -74.099665,4.537840 -74.099894,4.537898 -74.100037,4.538413 -74.100551,4.539506 -74.100802,4.540424 -74.101353,4.540714 -74.101187,4.540957 -74.101951,4.541944 -74.102345,4.542743 -74.103148,4.543932 -74.103713,4.545518 -74.103222,4.545514 -74.102794,4.545663 -74.102265,4.546001 -74.101385,4.545720 -74.100950,4.545382</coordinates></LinearRing></outerBoundaryIs></Polygon><Polygon><outerBoundaryIs><LinearRing><coordinates>-74.102734,4.548945 -74.103033,4.547284 -74.103180,4.546926 -74.103709,4.547922 -74.103444,4.548347 -74.103425,4.548700 -74.103856,4.550003 -74.104125,4.550014 -74.104418,4.549807 -74.104634,4.549995 -74.104914,4.550409 -74.105205,4.551234 -74.105505,4.551621 -74.105636,4.552106 -74.105520,4.553446 -74.104916,4.553548 -74.104907,4.554310 -74.104668,4.554980 -74.104647,4.556740 -74.105179,4.558509 -74.105215,4.559020 -74.105242,4.560122 -74.105131,4.560431 -74.105126,4.561002 -74.104875,4.561966 -74.104426,4.561531 -74.103500,4.559859 -74.102379,4.557120 -74.101871,4.556323 -74.101762,4.555905 -74.101858,4.554573 -74.102028,4.554163 -74.102088,4.553715 -74.102298,4.553324 -74.102267,4.552736 -74.102514,4.551894 -74.102509,4.551327 -74.102934,4.549932 -74.102734,4.548945</coordinates></LinearRing></outerBoundaryIs></Polygon></MultiGeometry></Placemark>
<Placemark><name>CALI, AGUABLANCA</name><ExtendedData><Data name="brick_id"><value>CAL-001</value></Data><Data name="nombre"><value>AGUABLANCA</value></Data><Data name="zona"><value>CALI</value></Data><Data name="ciudad"><value>CALI</value></Data><Data name="departamento"><value>VALLE DEL CAUCA</value></Data><Data name="nombre_brick"><value>CALI, AGUABLANCA</value></Data></ExtendedData><Polygon><outerBoundaryIs><LinearRing><coordinates>-76.477254,3.450369 -76.477123,3.449658 -76.476792,3.449303 -76.476967,3.449067 -76.475952,3.448201 -76.475692,3.447309 -76.475634,3.446485 -76.475742,3.445666 -76.476120,3.444497 -76.476131,3.443675 -76.476109,3.443538 -76.475539,3.442894 -76.474904,3.441633 -76.473891,3.440479 -76.473147,3.440100 -76.472606,3.440058 -76.469265,3.440611 -76.468982,3.440533 -76.468080,3.439959 -76.465328,3.437005 -76.463784,3.435958 -76.463074,3.435135 -76.462794,3.434432 -76.461661,3.429500 -76.461250,3.426605 -76.462797,3.421598 -76.463161,3.417568 -76.463327,3.417209 -76.463588,3.416911 -76.464542,3.416152 -76.465299,3.415714 -76.465500,3.415497 -76.466345,3.413859 -76.467361,3.411163 -76.467372,3.410718 -76.466797,3.408927 -76.466259,3.407702 -76.466151,3.407074 -76.466234,3.406380 -76.466683,3.405654 -76.468216,3.404011 -76.468345,3.402727 -76.467357,3.400070 -76.467391,3.399919 -76.467849,3.400446 -76.468396,3.400780 -76.470525,3.400836 -76.472642,3.401098 -76.473033,3.401013 -76.473370,3.400808 -76.473915,3.399868 -76.474218,3.399519 -76.474584,3.399428 -76.474906,3.399574 -76.475573,3.400764 -76.476511,3.402048 -76.476961,3.403163 -76.476941,3.403521 -76.476147,3.404940 -76.476080,3.405368 -76.476127,3.405590 -76.476470,3.406019 -76.476928,3.406421 -76.477908,3.406931 -76.478388,3.407331 -76.479064,3.407724 -76.479362,3.408037 -76.479466,3.408271 -76.479526,3.408801 -76.479447,3.409599 -76.479887,3.411068 -76.480049,3.412125 -76.479893,3.412333 -76.479726,3.412841 -76.479716,3.413373 -76.480589,3.414408 -76.481158,3.414835 -76.481618,3.414997 -76.482883,3.415151 -76.482981,3.414462 -76.483433,3.413944 -76.483435,3.413618 -76.483923,3.413316 -76.486765,3.412150 -76.489288,3.410605 -76.489818,3.410161 -76.490722,3.409585 -76.491612,3.408849 -76.493033,3.406871 -76.493811,3.406110 -76.495890,3.404812 -76.497790,3.403141 -76.498853,3.402349 -76.499606,3.401227 -76.503220,3.394238 -76.504777,3.392034 -76.508274,3.388796 -76.510002,3.388321 -76.510624,3.390075 -76.510911,3.390555 -76.514905,3.395825 -76.515506,3.396508 -76.519145,3.399653 -76.522100,3.403577 -76.521690,3.405940 -76.521462,3.406501 -76.519444,3.408561 -76.502730,3.424568 -76.503416,3.425143 -76.501881,3.426891 -76.501440,3.427275 -76.500557,3.428982 -76.499007,3.428185 -76.498112,3.429737 -76.494806,3.436011 -76.490969,3.443624 -76.489735,3.446385 -76.488880,3.447724 -76.486774,3.451487 -76.486659,3.452309 -76.485499,3.452164 -76.483879,3.451775 -76.478914,3.450311 -76.477254,3.450369</coordinates></LinearRing></outerBoundaryIs></Polygon></Placemark>
<Placemark><name>CALI, CENTRO</name><ExtendedData><Data name="brick_id"><value>CAL-002</value></Data><Data name="nombre"><value>CENTRO</value></Data><Data name="zona"><value>CALI</value></Data><Data name="ciudad"><value>CALI</value></Data><Data name="departamento"><value>VALLE DEL CAUCA</value></Data><Data name="nombre_brick"><value>CALI, CENTRO</value></Data></ExtendedData><Polygon><outerBoundaryIs><LinearRing><coordinates>-76.518541,3.445790 -76.518719,3.445858 -76.520194,3.445559 -76.520105,3.445116 -76.522926,3.444228 -76.525180,3.443626 -76.524843,3.442810 -76.525511,3.442608 -76.526100,3.442558 -76.529683,3.442690 -76.529816,3.443518 -76.533183,3.443567 -76.533140,3.442039 -76.536084,3.440527 -76.536894,3.439789 -76.537778,3.438753 -76.537286,3.439712 -76.536768,3.441231 -76.536598,3.442265 -76.536661,3.443721 -76.536508,3.446272 -76.536886,3.447972 -76.537959,3.451002 -76.537210,3.451435 -76.535689,3.452692 -76.532935,3.453768 -76.532527,3.454041 -76.532291,3.454391 -76.532067,3.455040 -76.531873,3.456373 -76.531522,3.456843 -76.530112,3.457776 -76.528872,3.457790 -76.528003,3.458006 -76.527774,3.458164 -76.526914,3.459691 -76.526280,3.460228 -76.525057,3.460844 -76.524234,3.462263 -76.524108,3.462352 -76.523475,3.462373 -76.522744,3.462186 -76.521291,3.462226 -76.520039,3.458314 -76.518995,3.454391 -76.518185,3.451680 -76.517980,3.450208 -76.517941,3.449081 -76.518270,3.445912 -76.518541,3.445790</coordinates></LinearRing></outerBoundaryIs></Polygon></Placemark>
<Placemark><name>CALI, CERROS</name><ExtendedData><Data name="brick_id"><value>CAL-003</value></Data><Data name="nombre"><value>CERROS</value></Data><Data name="zona"><value>CALI</value></Data><Data name="ciudad"><value>CALI</value></Data><Data name="departamento"><value>VALLE DEL CAUCA</value></Data><Data name="nombre_brick"><value>CALI, CERROS</value></Data></ExtendedData><Polygon><outerBoundaryIs><LinearRing><coordinates>-76.553440,3.420050 -76.554256,3.419341 -76.554408,3.418206 -76.555174,3.418317 -76.555265,3.418013 -76.555527,3.417709 -76.556374,3.417202 -76.556031,3.416523 -76.555305,3.416392 -76.554742,3.416160 -76.555469,3.413616 -76.555652,3.412706 -76.555651,3.409348 -76.555852,3.405162 -76.556617,3.405453 -76.556498,3.406348 -76.556909,3.406567 -76.558161,3.406963 -76.558070,3.407284 -76.557895,3.409209 -76.558058,3.409429 -76.558042,3.409583 -76.558161,3.409615 -76.558184,3.409822 -76.558385,3.410039 -76.558671,3.410611 -76.558735,3.410590 -76.558802,3.410955 -76.559056,3.411442 -76.559199,3.411507 -76.559438,3.411558 -76.559534,3.411478 -76.559785,3.410672 -76.559918,3.410701 -76.560274,3.410297 -76.560479,3.410312 -76.560613,3.410435 -76.560813,3.410393 -76.560975,3.410212 -76.561250,3.410094 -76.561349,3.409869 -76.561519,3.410280 -76.561824,3.409988 -76.562316,3.409872 -76.562437,3.409769 -76.562533,3.409847 -76.562631,3.409673 -76.562590,3.409454 -76.562730,3.409505 -76.562961,3.408964 -76.563184,3.408719 -76.563304,3.408337 -76.563403,3.408245 -76.563459,3.407981 -76.563362,3.407803 -76.563639,3.407202 -76.563780,3.407330 -76.563981,3.407315 -76.564420,3.407509 -76.564615,3.407339 -76.564774,3.407425 -76.565039,3.407346 -76.565086,3.407541 -76.565221,3.407639 -76.565572,3.408212 -76.565714,3.408174 -76.565785,3.408257 -76.565825,3.408485 -76.565709,3.408757 -76.565395,3.409080 -76.565416,3.409163 -76.565106,3.409700 -76.565474,3.409875 -76.565557,3.410579 -76.566149,3.412290 -76.565663,3.412419 -76.564091,3.412597 -76.563561,3.412809 -76.563818,3.413334 -76.563758,3.413422 -76.564300,3.414243 -76.564287,3.414514 -76.564002,3.414965 -76.564101,3.415002 -76.564047,3.415110 -76.564728,3.415289 -76.565445,3.415331 -76.565768,3.415452 -76.566658,3.416161 -76.567062,3.416977 -76.567312,3.417282 -76.568014,3.417173 -76.568233,3.417043 -76.568321,3.417164 -76.567967,3.417493 -76.567537,3.417721 -76.567143,3.418102 -76.566993,3.418371 -76.566249,3.418942 -76.566116,3.419137 -76.566172,3.419488 -76.566502,3.420349 -76.566508,3.420665 -76.566722,3.421138 -76.566601,3.421487 -76.566946,3.421899 -76.566998,3.422092 -76.566460,3.422055 -76.566052,3.422238 -76.565861,3.422457 -76.565727,3.423050 -76.564947,3.422999 -76.564387,3.423546 -76.564365,3.423753 -76.564505,3.424080 -76.564318,3.423968 -76.564062,3.423973 -76.563736,3.424182 -76.563671,3.424360 -76.563468,3.424277 -76.563205,3.424396 -76.562911,3.424233 -76.562472,3.424754 -76.562372,3.424832 -76.562179,3.424807 -76.562153,3.425121 -76.561979,3.425045 -76.561328,3.425030 -76.561242,3.424758 -76.561249,3.424232 -76.561055,3.423903 -76.560624,3.423880 -76.560158,3.423623 -76.559923,3.423664 -76.559389,3.424138 -76.559722,3.424552 -76.559619,3.425194 -76.558952,3.425147 -76.558380,3.425397 -76.558213,3.425773 -76.557924,3.426107 -76.557887,3.426306 -76.557758,3.426408 -76.557820,3.426626 -76.557742,3.426955 -76.556977,3.428218 -76.557089,3.428427 -76.556825,3.428659 -76.555467,3.428661 -76.555068,3.428589 -76.555117,3.429081 -76.554862,3.429309 -76.554768,3.429519 -76.555363,3.430923 -76.554181,3.433700 -76.554177,3.434593 -76.553807,3.434770 -76.553913,3.434907 -76.553928,3.435196 -76.554063,3.435211 -76.554108,3.435369 -76.554468,3.435363 -76.554733,3.435526 -76.555055,3.435444 -76.555166,3.435520 -76.554659,3.435884 -76.554466,3.435932 -76.554336,3.436129 -76.554159,3.436078 -76.554153,3.436354 -76.553876,3.436292 -76.553717,3.436538 -76.553602,3.436445 -76.553379,3.436525 -76.553123,3.436507 -76.552728,3.436693 -76.552453,3.437132 -76.552474,3.437229 -76.552233,3.437395 -76.552086,3.437662 -76.551985,3.437553 -76.551845,3.437583 -76.551840,3.437489 -76.551598,3.437372 -76.551540,3.437247 -76.551437,3.437276 -76.551404,3.437186 -76.550513,3.437362 -76.550255,3.437790 -76.550074,3.439006 -76.550210,3.439740 -76.550311,3.439801 -76.550426,3.439758 -76.550589,3.439085 -76.550707,3.439259 -76.550657,3.439411 -76.550950,3.439876 -76.551166,3.439893 -76.551205,3.440440 -76.551432,3.440359 -76.551619,3.440408 -76.551912,3.439986 -76.552153,3.440148 -76.552509,3.440951 -76.553087,3.440768 -76.553459,3.441469 -76.554100,3.441790 -76.555039,3.442517 -76.555088,3.442809 -76.554988,3.443065 -76.556858,3.445685 -76.557006,3.445636 -76.557104,3.445362 -76.557263,3.445370 -76.557255,3.445780 -76.557375,3.445795 -76.557396,3.445958 -76.557367,3.446217 -76.558533,3.446251 -76.558640,3.446942 -76.558568,3.447140 -76.557165,3.447535 -76.556870,3.447694 -76.556280,3.448206 -76.556470,3.448432 -76.557065,3.448838 -76.557187,3.450121 -76.557954,3.450026 -76.558261,3.450070 -76.559081,3.450344 -76.559755,3.450938 -76.560691,3.451006 -76.561341,3.451279 -76.561500,3.451233 -76.561527,3.451134 -76.560860,3.450489 -76.560724,3.450211 -76.560837,3.449859 -76.561002,3.449823 -76.561162,3.449886 -76.560931,3.449660 -76.560970,3.449545 -76.561805,3.449375 -76.562099,3.449816 -76.562311,3.449695 -76.562593,3.449771 -76.562843,3.449605 -76.563067,3.449768 -76.563502,3.449758 -76.563971,3.449941 -76.564638,3.449932 -76.565345,3.450115 -76.565545,3.450094 -76.566119,3.449774 -76.566494,3.451670 -76.567528,3.451670 -76.568719,3.450800 -76.569005,3.450744 -76.569240,3.450855 -76.569390,3.451136 -76.569255,3.451983 -76.569318,3.452155 -76.569498,3.452290 -76.571579,3.452079 -76.572073,3.451979 -76.572937,3.451645 -76.573378,3.451762 -76.574386,3.452269 -76.575484,3.452630 -76.576321,3.452748 -76.577608,3.452522 -76.578175,3.453318 -76.579194,3.453659 -76.579641,3.454020 -76.579685,3.454126 -76.579340,3.454398 -76.579686,3.454603 -76.579838,3.454921 -76.580025,3.455012 -76.580169,3.454983 -76.580340,3.455355 -76.580600,3.455421 -76.580653,3.455529 -76.581229,3.455790 -76.581540,3.455696 -76.581514,3.455477 -76.581767,3.455469 -76.581872,3.455315 -76.582022,3.455313 -76.582201,3.455713 -76.582307,3.455708 -76.582418,3.455908 -76.582558,3.455937 -76.582922,3.456648 -76.583123,3.456778 -76.583489,3.457392 -76.584145,3.457889 -76.584793,3.458697 -76.585015,3.458834 -76.585159,3.459350 -76.585456,3.459657 -76.585509,3.460032 -76.586431,3.460826 -76.587591,3.461277 -76.587629,3.461408 -76.587495,3.462058 -76.587353,3.462342 -76.587755,3.462685 -76.588412,3.462977 -76.589122,3.463796 -76.589311,3.464292 -76.589753,3.464626 -76.590083,3.465249 -76.590775,3.465557 -76.590542,3.466113 -76.590042,3.466906 -76.589711,3.466357 -76.589033,3.465577 -76.588154,3.464886 -76.587928,3.464283 -76.587588,3.463696 -76.587298,3.463449 -76.586579,3.463113 -76.586422,3.462969 -76.585797,3.461940 -76.585358,3.460958 -76.584072,3.460342 -76.583783,3.460101 -76.583635,3.459811 -76.583520,3.459161 -76.583174,3.458078 -76.583004,3.458180 -76.582567,3.458200 -76.582432,3.457856 -76.582678,3.457577 -76.581879,3.456716 -76.581564,3.456480 -76.580227,3.455813 -76.580116,3.455787 -76.580046,3.455888 -76.580059,3.456321 -76.579770,3.456573 -76.579677,3.456864 -76.579282,3.457252 -76.578845,3.457318 -76.578054,3.456712 -76.577816,3.456774 -76.577651,3.457060 -76.577318,3.457194 -76.577147,3.457563 -76.576835,3.457606 -76.576504,3.457778 -76.576247,3.457698 -76.575653,3.457215 -76.574856,3.456873 -76.574712,3.456738 -76.574327,3.456892 -76.574346,3.456258 -76.574157,3.455974 -76.573894,3.455872 -76.573685,3.455559 -76.573647,3.455354 -76.573785,3.455120 -76.573659,3.455023 -76.573495,3.455061 -76.573201,3.454826 -76.572372,3.454693 -76.572298,3.454545 -76.572350,3.454399 -76.571940,3.454393 -76.571771,3.454248 -76.571497,3.454264 -76.571302,3.454377 -76.571013,3.454326 -76.570722,3.454404 -76.570960,3.454987 -76.570972,3.455618 -76.571179,3.455823 -76.570823,3.456388 -76.570503,3.456671 -76.570305,3.456663 -76.570021,3.456480 -76.569616,3.456437 -76.569387,3.456248 -76.569083,3.455819 -76.568748,3.455956 -76.568213,3.456386 -76.568045,3.457086 -76.567734,3.456764 -76.567480,3.456224 -76.567322,3.456216 -76.566813,3.456453 -76.566663,3.456320 -76.566749,3.456125 -76.565740,3.456050 -76.566052,3.457198 -76.565852,3.457149 -76.564984,3.457502 -76.564717,3.457387 -76.564660,3.457156 -76.564431,3.457288 -76.563988,3.458327 -76.563726,3.458540 -76.563436,3.458966 -76.563194,3.459095 -76.563055,3.459359 -76.562779,3.459607 -76.562191,3.460396 -76.562105,3.460647 -76.561592,3.461006 -76.561413,3.461568 -76.561145,3.461566 -76.560927,3.461894 -76.560898,3.462284 -76.561197,3.462979 -76.560958,3.463496 -76.560818,3.463554 -76.559369,3.463537 -76.559204,3.463108 -76.558817,3.462965 -76.558263,3.463019 -76.557642,3.463425 -76.557369,3.463223 -76.556742,3.462490 -76.556183,3.461605 -76.555895,3.461317 -76.555561,3.461270 -76.554805,3.461544 -76.554474,3.461535 -76.554382,3.461056 -76.554653,3.459727 -76.552659,3.460398 -76.552710,3.460892 -76.552596,3.461054 -76.552185,3.460974 -76.551683,3.460629 -76.551635,3.460510 -76.551373,3.460550 -76.551067,3.460329 -76.551004,3.460496 -76.550663,3.460427 -76.550352,3.460544 -76.550257,3.460372 -76.550259,3.460026 -76.549959,3.459637 -76.549590,3.459385 -76.549541,3.459222 -76.549308,3.459114 -76.549245,3.458952 -76.549050,3.458799 -76.548940,3.458775 -76.548799,3.458885 -76.548738,3.458485 -76.548562,3.458287 -76.548239,3.458246 -76.548065,3.457801 -76.547974,3.457716 -76.547805,3.457797 -76.547851,3.457730 -76.547778,3.457590 -76.547226,3.457033 -76.546683,3.456771 -76.547888,3.456141 -76.548548,3.455900 -76.547969,3.455067 -76.547979,3.454924 -76.548185,3.454719 -76.547700,3.454470 -76.547423,3.454538 -76.547053,3.454451 -76.546510,3.454095 -76.545898,3.451639 -76.545824,3.451049 -76.545573,3.450806 -76.545238,3.450783 -76.544482,3.451181 -76.544468,3.449552 -76.544410,3.449405 -76.544065,3.449109 -76.543898,3.448636 -76.543709,3.448612 -76.542565,3.449014 -76.542530,3.448908 -76.544239,3.448133 -76.544571,3.448154 -76.544814,3.448316 -76.546506,3.448090 -76.546632,3.447927 -76.546614,3.447746 -76.546506,3.447620 -76.545984,3.447375 -76.545876,3.447077 -76.546182,3.446444 -76.546174,3.445983 -76.546282,3.445748 -76.546569,3.445603 -76.548436,3.445364 -76.548597,3.445283 -76.548910,3.444911 -76.548954,3.444427 -76.548497,3.443492 -76.547839,3.440982 -76.547641,3.440647 -76.546786,3.439643 -76.546003,3.439046 -76.545679,3.437835 -76.546003,3.436912 -76.546858,3.436153 -76.547056,3.435429 -76.546939,3.434868 -76.547657,3.434067 -76.548088,3.434344 -76.549168,3.434696 -76.549349,3.434238 -76.549591,3.434325 -76.549820,3.433924 -76.550572,3.433458 -76.550809,3.433108 -76.551140,3.432129 -76.551495,3.430460 -76.551884,3.429330 -76.551142,3.428972 -76.551124,3.428434 -76.551202,3.428158 -76.551036,3.428054 -76.550438,3.427954 -76.550278,3.427097 -76.550926,3.427001 -76.552114,3.425816 -76.552454,3.424719 -76.552822,3.423949 -76.553338,3.420021 -76.553440,3.420050</coordinates></LinearRing></outerBoundaryIs></Polygon></Placemark>
<Placemark><name>CALI, ESTADIO</name><ExtendedData><Data name="brick_id"><value>CAL-004</value></Data><Data name="nombre"><value>ESTADIO</value></Data><Data name="zona"><value>CALI</value></Data><Data name="ciudad"><value>CALI</value></Data><Data name="departamento"><value>VALLE DEL CAUCA</value></Data><Data name="nombre_brick"><value>CALI, ESTADIO</value></Data></ExtendedData><Polygon><outerBoundaryIs><LinearRing><coordinates>-76.519381,3.435672 -76.521822,3.435319 -76.523091,3.434912 -76.523973,3.434415 -76.527515,3.431936 -76.528086,3.432109 -76.529817,3.432079 -76.529861,3.432345 -76.534338,3.433809 -76.534403,3.433403 -76.533638,3.430391 -76.532901,3.429302 -76.533448,3.427087 -76.533251,3.426990 -76.538718,3.410285 -76.541487,3.411192 -76.542407,3.411906 -76.542753,3.411756 -76.544387,3.409895 -76.545422,3.409259 -76.545922,3.409095 -76.546639,3.409361 -76.547160,3.409377 -76.547411,3.409293 -76.547360,3.408975 -76.549696,3.409301 -76.549584,3.410227 -76.550269,3.410367 -76.552677,3.410570 -76.552892,3.410667 -76.553530,3.411256 -76.553706,3.411544 -76.554504,3.411563 -76.555464,3.411966 -76.555642,3.411938 -76.555595,3.413134 -76.554742,3.416160 -76.555305,3.416392 -76.556031,3.416523 -76.556374,3.417202 -76.555527,3.417709 -76.555265,3.418013 -76.555174,3.418317 -76.554408,3.418206 -76.554256,3.419341 -76.553440,3.420050 -76.553338,3.420021 -76.552821,3.423931 -76.547448,3.422243 -76.545544,3.427389 -76.543654,3.431034 -76.542799,3.432526 -76.539505,3.436731 -76.536894,3.439789 -76.535819,3.440697 -76.533140,3.442039 -76.533183,3.443567 -76.529816,3.443518 -76.529683,3.442690 -76.526100,3.442558 -76.525511,3.442608 -76.524843,3.442810 -76.525180,3.443626 -76.522926,3.444228 -76.520105,3.445116 -76.520194,3.445559 -76.518719,3.445858 -76.518541,3.445790 -76.518270,3.445912 -76.519381,3.435672</coordinates></LinearRing></outerBoundaryIs></Polygon></Placemark>
<Placemark><name>CALI, EXPANSION</name><ExtendedData><Data name="brick_id"><value>CAL-005</value></Data><Data name="nombre"><value>EXPANSION</value></Data><Data name="zona"><value>CALI</value></Data><Data name="ciudad"><value>CALI</value></Data><Data name="departamento"><value>VALLE DEL CAUCA</value></Data><Data name="nombre_brick"><value>CALI, EXPANSION</value></Data></ExtendedData><Polygon><outerBoundaryIs><LinearRing><coordinates>-76.511963,3.388384 -76.511413,3.388136 -76.511159,3.388286 -76.510793,3.388301 -76.510576,3.388432 -76.510076,3.388315 -76.509867,3.388353 -76.509271,3.386179 -76.508990,3.385390 -76.508761,3.385005 -76.504290,3.380315 -76.504391,3.380239 -76.504451,3.380315 -76.504483,3.380235 -76.504698,3.380183 -76.504983,3.379983 -76.505341,3.379309 -76.505448,3.378849 -76.505814,3.378726 -76.505796,3.378083 -76.506026,3.377760 -76.506080,3.377451 -76.500909,3.361380 -76.500271,3.352934 -76.500707,3.324351 -76.507630,3.324376 -76.512967,3.324845 -76.512718,3.318227 -76.514872,3.318117 -76.522730,3.317453 -76.522533,3.320267 -76.525692,3.320458 -76.526035,3.320553 -76.526033,3.320610 -76.526074,3.320553 -76.528164,3.321133 -76.529601,3.321401 -76.530118,3.321645 -76.530697,3.322231 -76.531137,3.322480 -76.531784,3.322579 -76.534925,3.322253 -76.532956,3.328050 -76.532641,3.333218 -76.532113,3.333401 -76.529180,3.334928 -76.528759,3.335077 -76.527896,3.335143 -76.527422,3.335068 -76.526429,3.334729 -76.525653,3.334695 -76.523943,3.335302 -76.524395,3.337130 -76.524534,3.337892 -76.524552,3.338501 -76.524375,3.340996 -76.524142,3.347036 -76.523489,3.351070 -76.523360,3.353015 -76.523722,3.357263 -76.524293,3.362099 -76.524051,3.362135 -76.523031,3.363406 -76.522057,3.363569 -76.521242,3.363934 -76.520964,3.363937 -76.520668,3.363798 -76.520236,3.363368 -76.519662,3.363332 -76.519449,3.362944 -76.519309,3.362946 -76.518374,3.363393 -76.518103,3.364136 -76.517915,3.364390 -76.517749,3.364305 -76.517557,3.364026 -76.517365,3.363952 -76.517432,3.363532 -76.517375,3.363444 -76.516702,3.363567 -76.516898,3.364154 -76.516768,3.364270 -76.516420,3.364273 -76.515837,3.363647 -76.515707,3.363296 -76.515455,3.363188 -76.515666,3.362950 -76.515468,3.362658 -76.515336,3.362660 -76.515115,3.362918 -76.514719,3.363109 -76.514412,3.363109 -76.514251,3.362859 -76.514266,3.379927 -76.513977,3.386120 -76.513041,3.388886 -76.512632,3.388690 -76.512237,3.388354 -76.511963,3.388384</coordinates></LinearRing></outerBoundaryIs></Polygon></Placemark>
<Placemark><name>CALI, INDUSTRIAL</name><ExtendedData><Data name="brick_id"><value>CAL-006</value></Data><Data name="nombre"><value>INDUSTRIAL</value></Data><Data name="zona"><value>CALI</value></Data><Data name="ciudad"><value>CALI</value></Data><Data name="departamento"><value>VALLE DEL CAUCA</value></Data><Data name="nombre_brick"><value>CALI, INDUSTRIAL</value></Data></ExtendedData><Polygon><outerBoundaryIs><LinearRing><coordinates>-76.483086,3.461460 -76.482961,3.460601 -76.482970,3.459814 -76.483168,3.458729 -76.483564,3.457897 -76.485571,3.454018 -76.485991,3.453423 -76.486575,3.452837 -76.486659,3.452309 -76.488326,3.452378 -76.491212,3.452813 -76.495670,3.452580 -76.498617,3.452758 -76.500897,3.452798 -76.501716,3.452871 -76.504011,3.453287 -76.505514,3.453387 -76.509527,3.453989 -76.509381,3.452864 -76.511507,3.453090 -76.510517,3.449824 -76.511670,3.449842 -76.512408,3.449770 -76.515918,3.448965 -76.517973,3.448758 -76.517980,3.450208 -76.518185,3.451680 -76.518995,3.454391 -76.520039,3.458314 -76.521291,3.462226 -76.520976,3.462238 -76.520679,3.462443 -76.519926,3.463242 -76.519643,3.464318 -76.519144,3.464790 -76.518906,3.465135 -76.517194,3.468942 -76.516388,3.470425 -76.514647,3.472785 -76.514018,3.473860 -76.513374,3.474675 -76.512757,3.475288 -76.512074,3.476449 -76.511497,3.477117 -76.510434,3.478799 -76.509834,3.479556 -76.509264,3.480644 -76.508899,3.481148 -76.507896,3.481955 -76.507086,3.482307 -76.506802,3.482328 -76.506238,3.482554 -76.505558,3.483031 -76.504710,3.483338 -76.504074,3.483716 -76.503973,3.483934 -76.503916,3.484460 -76.503901,3.487413 -76.503763,3.487927 -76.503623,3.488135 -76.503191,3.488409 -76.498865,3.486913 -76.498279,3.486890 -76.495377,3.486032 -76.493982,3.485489 -76.491949,3.484938 -76.491373,3.484666 -76.490743,3.484178 -76.490167,3.483481 -76.489564,3.482080 -76.483086,3.461460</coordinates></LinearRing></outerBoundaryIs></Polygon></Placemark>
<Placemark><name>CALI, MANZANA DEL SABER</name><ExtendedData><Data name="brick_id"><value>CAL-007</value></Data><Data name="nombre"><value>MANZANA DEL SABER</value></Data><Data name="zona"><value>CALI</value></Data><Data name="ciudad"><value>CALI</value></Data><Data name="departamento"><value>VALLE DEL CAUCA</value></Data><Data name="nombre_brick"><value>CALI, MANZANA DEL SABER</value></Data></ExtendedData><Polygon><outerBoundaryIs><LinearRing><coordinates>-76.545654,3.457136 -76.545578,3.456991 -76.545244,3.456902 -76.545057,3.456599 -76.544907,3.456505 -76.544204,3.456336 -76.543779,3.455185 -76.543432,3.455251 -76.542955,3.455185 -76.542754,3.455329 -76.542723,3.455589 -76.542559,3.455828 -76.542323,3.455781 -76.542078,3.455903 -76.541972,3.455842 -76.541937,3.455924 -76.541753,3.455860 -76.541568,3.455954 -76.541480,3.455918 -76.541404,3.455837 -76.541378,3.455147 -76.541032,3.454532 -76.540963,3.453920 -76.540979,3.453750 -76.541283,3.453844 -76.541487,3.453479 -76.541472,3.452614 -76.541308,3.452235 -76.541191,3.452164 -76.541453,3.452008 -76.541512,3.451571 -76.541305,3.451526 -76.540450,3.450860 -76.539911,3.450688 -76.538777,3.450719 -76.537959,3.451002 -76.536886,3.447972 -76.536544,3.446570 -76.536526,3.445485 -76.536661,3.443721 -76.536598,3.442265 -76.536768,3.441231 -76.537042,3.440394 -76.537286,3.439712 -76.537778,3.438753 -76.539505,3.436731 -76.542799,3.432526 -76.543420,3.431468 -76.545616,3.427227 -76.547448,3.422243 -76.552822,3.423949 -76.552454,3.424719 -76.552033,3.425943 -76.550926,3.427001 -76.550278,3.427097 -76.550438,3.427954 -76.551036,3.428054 -76.551202,3.428158 -76.551124,3.428434 -76.551142,3.428972 -76.551884,3.429330 -76.551495,3.430460 -76.551140,3.432129 -76.550690,3.433342 -76.549820,3.433924 -76.549591,3.434325 -76.549349,3.434238 -76.549168,3.434696 -76.548088,3.434344 -76.547657,3.434067 -76.546939,3.434868 -76.547056,3.435429 -76.546858,3.436153 -76.546003,3.436912 -76.545679,3.437835 -76.546003,3.439046 -76.546786,3.439643 -76.547641,3.440647 -76.547839,3.440982 -76.548497,3.443492 -76.548954,3.444427 -76.548910,3.444911 -76.548597,3.445283 -76.548436,3.445364 -76.546569,3.445603 -76.546282,3.445748 -76.546174,3.445983 -76.546182,3.446444 -76.545876,3.447077 -76.545984,3.447375 -76.546506,3.447620 -76.546614,3.447746 -76.546632,3.447927 -76.546506,3.448090 -76.544814,3.448316 -76.544571,3.448154 -76.544239,3.448133 -76.542530,3.448908 -76.542565,3.449014 -76.543709,3.448612 -76.543898,3.448636 -76.544065,3.449109 -76.544410,3.449405 -76.544468,3.449552 -76.544482,3.451181 -76.545238,3.450783 -76.545573,3.450806 -76.545824,3.451049 -76.545898,3.451639 -76.546510,3.454095 -76.547053,3.454451 -76.547423,3.454538 -76.547700,3.454470 -76.548185,3.454719 -76.547979,3.454924 -76.547969,3.455067 -76.548548,3.455900 -76.547888,3.456141 -76.546683,3.456771 -76.546711,3.457170 -76.546367,3.457235 -76.546382,3.457299 -76.546285,3.457345 -76.545916,3.457123 -76.545654,3.457136</coordinates></LinearRing></outerBoundaryIs></Polygon></Placemark>
<Placemark><name>CALI, MELENDEZ</name><ExtendedData><Data name="brick_id"><value>CAL-008</value></Data><Data name="nombre"><value>MELENDEZ</value></Data><Data name="zona"><value>CALI</value></Data><Data name="ciudad"><value>CALI</value></Data><Data name="departamento"><value>VALLE DEL CAUCA</value></Data><Data name="nombre_brick"><value>CALI, MELENDEZ</value></Data></ExtendedData><Polygon><outerBoundaryIs><LinearRing><coordinates>-76.545177,3.389669 -76.544350,3.383945 -76.542385,3.375427 -76.542583,3.375321 -76.542698,3.375000 -76.542942,3.374721 -76.543544,3.374885 -76.543904,3.374874 -76.544116,3.374739 -76.544467,3.374314 -76.544332,3.373861 -76.544393,3.373767 -76.544641,3.373690 -76.545083,3.373797 -76.545185,3.372305 -76.545098,3.372134 -76.544845,3.371935 -76.544185,3.371582 -76.544206,3.371409 -76.546406,3.370561 -76.546866,3.370671 -76.547195,3.370856 -76.547456,3.371210 -76.547716,3.371219 -76.548039,3.371062 -76.547993,3.370905 -76.547496,3.370420 -76.547489,3.370276 -76.547671,3.370136 -76.548244,3.370416 -76.548574,3.370677 -76.548666,3.370851 -76.548960,3.370785 -76.549061,3.370428 -76.549021,3.370193 -76.549074,3.370258 -76.549124,3.370081 -76.548994,3.369648 -76.549309,3.369053 -76.549511,3.368400 -76.549693,3.368079 -76.549670,3.367946 -76.550084,3.367711 -76.550536,3.367293 -76.550887,3.366432 -76.550992,3.366341 -76.551227,3.366358 -76.552188,3.366839 -76.552913,3.367010 -76.553409,3.367259 -76.554022,3.367325 -76.554466,3.367637 -76.554743,3.368011 -76.554937,3.368077 -76.555218,3.367986 -76.555514,3.367618 -76.555733,3.367485 -76.556477,3.367612 -76.557416,3.367534 -76.557706,3.367409 -76.558177,3.367449 -76.558625,3.367846 -76.559152,3.368066 -76.559280,3.368210 -76.559314,3.368326 -76.559127,3.369126 -76.559221,3.369325 -76.559276,3.369819 -76.559444,3.369943 -76.559808,3.370030 -76.560087,3.369861 -76.560215,3.369513 -76.560375,3.369494 -76.560543,3.369641 -76.560922,3.370277 -76.561310,3.370590 -76.561664,3.370754 -76.561770,3.370965 -76.561673,3.371940 -76.561940,3.372929 -76.561847,3.373147 -76.561331,3.373785 -76.561320,3.375070 -76.561449,3.375829 -76.560589,3.375573 -76.560367,3.376208 -76.560117,3.377391 -76.560580,3.377928 -76.561007,3.378059 -76.561299,3.378321 -76.561444,3.379126 -76.561397,3.379638 -76.561337,3.379833 -76.561156,3.379975 -76.560587,3.380102 -76.560106,3.379729 -76.559563,3.379629 -76.560041,3.381106 -76.561591,3.382394 -76.561122,3.382954 -76.561399,3.383142 -76.561516,3.383368 -76.561534,3.383593 -76.561345,3.384014 -76.561357,3.384299 -76.561717,3.384569 -76.561564,3.384645 -76.561469,3.385025 -76.561210,3.385543 -76.561347,3.385636 -76.561451,3.385992 -76.561892,3.386715 -76.562056,3.386630 -76.562164,3.386692 -76.562290,3.386547 -76.562297,3.386666 -76.562423,3.386616 -76.562538,3.386918 -76.562674,3.387041 -76.562737,3.387300 -76.562113,3.387075 -76.561762,3.387064 -76.561612,3.387150 -76.561632,3.387376 -76.561909,3.387720 -76.562095,3.387550 -76.562317,3.387521 -76.562546,3.387635 -76.562687,3.387832 -76.562919,3.387907 -76.563231,3.388452 -76.563535,3.388762 -76.563228,3.389046 -76.563031,3.388948 -76.562831,3.388990 -76.562149,3.389605 -76.562160,3.389700 -76.562671,3.390159 -76.562716,3.390361 -76.562442,3.390374 -76.561993,3.390783 -76.561494,3.390810 -76.561413,3.391591 -76.561294,3.391861 -76.561366,3.391988 -76.561389,3.392450 -76.561565,3.392640 -76.561565,3.394918 -76.561212,3.395016 -76.560778,3.395391 -76.560606,3.395412 -76.560367,3.395206 -76.560176,3.395189 -76.559996,3.395465 -76.559759,3.395558 -76.559472,3.395437 -76.559359,3.395498 -76.558746,3.395363 -76.558199,3.394772 -76.558170,3.394594 -76.557586,3.394797 -76.549651,3.395829 -76.549575,3.395209 -76.548632,3.395345 -76.548701,3.395954 -76.546257,3.396282 -76.545177,3.389669</coordinates></LinearRing></outerBoundaryIs></Polygon></Placemark>
<Placemark><name>CALI, MENGA</name><ExtendedData><Data name="brick_id"><value>CAL-009</value></Data><Data name="nombre"><value>MENGA</value></Data><Data name="zona"><value>CALI</value></Data><Data name="ciudad"><value>CALI</value></Data><Data name="departamento"><value>VALLE DEL CAUCA</value></Data><Data name="nombre_brick"><value>CALI, MENGA</value></Data></ExtendedData><Polygon><outerBoundaryIs><LinearRing><coordinates>-76.501434,3.491138 -76.502139,3.490535 -76.502362,3.490200 -76.502815,3.488987 -76.503044,3.488570 -76.503623,3.488135 -76.503763,3.487927 -76.503901,3.487413 -76.503922,3.484363 -76.504074,3.483716 -76.504710,3.483338 -76.505558,3.483031 -76.506238,3.482554 -76.506802,3.482328 -76.507086,3.482307 -76.507896,3.481955 -76.508899,3.481148 -76.509264,3.480644 -76.509834,3.479556 -76.510434,3.478799 -76.511497,3.477117 -76.512074,3.476449 -76.512757,3.475288 -76.513374,3.474675 -76.514018,3.473860 -76.514647,3.472785 -76.516388,3.470425 -76.517194,3.468942 -76.518906,3.465135 -76.519144,3.464790 -76.519643,3.464318 -76.519926,3.463242 -76.520679,3.462443 -76.521094,3.462199 -76.521325,3.462225 -76.521504,3.462837 -76.521949,3.462630 -76.522495,3.464285 -76.522828,3.465578 -76.523260,3.466447 -76.523377,3.466844 -76.523269,3.467821 -76.523306,3.468118 -76.523157,3.468417 -76.524132,3.471810 -76.524403,3.471821 -76.524567,3.472599 -76.524902,3.473068 -76.525274,3.473336 -76.526241,3.473717 -76.526616,3.475635 -76.526652,3.476187 -76.525515,3.479300 -76.529665,3.480599 -76.530108,3.480672 -76.530509,3.481027 -76.531016,3.481155 -76.531246,3.481567 -76.530949,3.481997 -76.530337,3.482001 -76.530441,3.482640 -76.530398,3.483316 -76.530698,3.483549 -76.531088,3.483581 -76.531864,3.484151 -76.532485,3.484789 -76.532740,3.485173 -76.532752,3.485602 -76.533352,3.485836 -76.533307,3.486228 -76.533649,3.486319 -76.533905,3.486484 -76.534444,3.487175 -76.534518,3.487349 -76.534388,3.487709 -76.534749,3.487700 -76.535062,3.487815 -76.535469,3.488291 -76.535298,3.488492 -76.534716,3.488268 -76.534035,3.488178 -76.534319,3.488525 -76.534987,3.489099 -76.535015,3.489443 -76.535330,3.489504 -76.535356,3.489751 -76.535774,3.489859 -76.535512,3.489976 -76.535224,3.490499 -76.535126,3.490537 -76.535003,3.490468 -76.534903,3.490583 -76.534987,3.491036 -76.534871,3.491572 -76.535114,3.491798 -76.535517,3.491955 -76.535176,3.492172 -76.534892,3.492237 -76.534669,3.492618 -76.534240,3.492877 -76.533628,3.491999 -76.533415,3.491448 -76.533312,3.490883 -76.533056,3.490754 -76.532872,3.490988 -76.532745,3.490836 -76.532526,3.490408 -76.532494,3.490207 -76.532639,3.489902 -76.532462,3.489625 -76.532128,3.489738 -76.531672,3.490222 -76.531404,3.490239 -76.531221,3.490341 -76.531163,3.489725 -76.531290,3.489128 -76.531583,3.489050 -76.531478,3.488706 -76.531543,3.488612 -76.531318,3.488211 -76.531173,3.488154 -76.530900,3.488204 -76.530835,3.488371 -76.530474,3.488416 -76.530188,3.488573 -76.529839,3.488375 -76.529447,3.488915 -76.529418,3.489065 -76.529493,3.489145 -76.529347,3.489666 -76.529210,3.489688 -76.529140,3.489864 -76.528878,3.489845 -76.528798,3.489917 -76.528646,3.489801 -76.528376,3.489895 -76.528151,3.490125 -76.528094,3.490565 -76.527993,3.490685 -76.528171,3.490840 -76.528228,3.491116 -76.528218,3.492281 -76.528114,3.492510 -76.528331,3.492733 -76.528366,3.497500 -76.528167,3.497519 -76.527912,3.497700 -76.527645,3.497589 -76.527335,3.497583 -76.527046,3.497701 -76.526631,3.497264 -76.526320,3.497127 -76.525975,3.497258 -76.525805,3.497124 -76.525291,3.497276 -76.525058,3.497265 -76.524428,3.496631 -76.524168,3.496778 -76.524109,3.496622 -76.524267,3.496336 -76.524224,3.496152 -76.523533,3.495714 -76.523088,3.495068 -76.522903,3.494929 -76.522851,3.494752 -76.522360,3.494473 -76.512732,3.491448 -76.510901,3.490577 -76.509419,3.490127 -76.509008,3.491575 -76.507809,3.491198 -76.507478,3.492146 -76.506999,3.492012 -76.506647,3.492977 -76.508521,3.493576 -76.499553,3.497407 -76.497506,3.498342 -76.497248,3.498528 -76.497349,3.498001 -76.497970,3.496986 -76.498547,3.495686 -76.499898,3.493565 -76.499981,3.493293 -76.500882,3.492052 -76.501434,3.491138</coordinates></LinearRing></outerBoundaryIs></Polygon></Placemark>
<Placemark><name>CALI, PANCE</name><ExtendedData><Data name="brick_id"><value>CAL-010</value></Data><Data name="nombre"><value>PANCE</value></Data><Data name="zona"><value>CALI</value></Data><Data name="ciudad"><value>CALI</value></Data><Data name="departamento"><value>VALLE DEL CAUCA</value></Data><Data name="nombre_brick"><value>CALI, PANCE</value></Data></ExtendedData><Polygon><outerBoundaryIs><LinearRing><coordinates>-76.542054,3.374279 -76.541754,3.373780 -76.540954,3.373070 -76.531063,3.368000 -76.530852,3.368284 -76.529788,3.368763 -76.529385,3.374333 -76.524984,3.374231 -76.525134,3.366759 -76.524643,3.365188 -76.524356,3.363924 -76.524455,3.363736 -76.523722,3.357263 -76.523360,3.353015 -76.523489,3.351070 -76.524142,3.347036 -76.524375,3.340996 -76.524552,3.338501 -76.524534,3.337892 -76.524395,3.337130 -76.523943,3.335302 -76.525229,3.334795 -76.525653,3.334699 -76.526429,3.334733 -76.527422,3.335072 -76.527896,3.335146 -76.528759,3.335080 -76.529180,3.334931 -76.532113,3.333404 -76.532636,3.333222 -76.546955,3.332254 -76.550380,3.331802 -76.550674,3.332500 -76.551131,3.333137 -76.551195,3.333630 -76.551162,3.333891 -76.550857,3.334315 -76.550621,3.335041 -76.550510,3.335103 -76.550263,3.335516 -76.550066,3.335591 -76.549941,3.335843 -76.549923,3.336836 -76.550083,3.337568 -76.550081,3.338312 -76.550253,3.338989 -76.550467,3.339516 -76.550871,3.340167 -76.550923,3.340478 -76.551095,3.340770 -76.551542,3.341153 -76.551682,3.341621 -76.551642,3.342201 -76.551546,3.342295 -76.548755,3.350295 -76.546598,3.353416 -76.546952,3.354960 -76.544250,3.356679 -76.544546,3.357261 -76.544366,3.359202 -76.542055,3.361375 -76.549021,3.370193 -76.549038,3.370561 -76.548960,3.370785 -76.548666,3.370851 -76.548574,3.370677 -76.548244,3.370416 -76.547671,3.370136 -76.547489,3.370276 -76.547496,3.370420 -76.547993,3.370905 -76.548039,3.371062 -76.547716,3.371219 -76.547456,3.371210 -76.547195,3.370856 -76.546866,3.370671 -76.546406,3.370561 -76.544206,3.371409 -76.544185,3.371582 -76.544845,3.371935 -76.545098,3.372134 -76.545185,3.372305 -76.545083,3.373797 -76.544641,3.373690 -76.544393,3.373767 -76.544332,3.373861 -76.544467,3.374314 -76.544116,3.374739 -76.543904,3.374874 -76.543544,3.374885 -76.542942,3.374721 -76.542698,3.375000 -76.542583,3.375321 -76.542385,3.375427 -76.542054,3.374279</coordinates></LinearRing></outerBoundaryIs></Polygon></Placemark>
<Placemark><name>CALI, RIO CAUCA</name><ExtendedData><Data name="brick_id"><value>CAL-011</value></Data><Data name="nombre"><value>RIO CAUCA</value></Data><Data name="zona"><value>CALI</value></Data><Data name="ciudad"><value>CALI</value></Data><Data name="departamento"><value>VALLE DEL CAUCA</value></Data><Data name="nombre_brick"><value>CALI, RIO CAUCA</value></Data></ExtendedData><Polygon><outerBoundaryIs><LinearRing><coordinates>-76.491488,3.504869 -76.491494,3.502769 -76.491390,3.501969 -76.491359,3.500682 -76.491182,3.500248 -76.491020,3.500067 -76.489904,3.499353 -76.487604,3.498258 -76.486136,3.497656 -76.485557,3.497308 -76.484622,3.496400 -76.483760,3.494967 -76.483344,3.493803 -76.483157,3.492601 -76.484157,3.492471 -76.484069,3.490491 -76.483876,3.489552 -76.481998,3.482919 -76.481569,3.482086 -76.479592,3.480008 -76.479379,3.479339 -76.479245,3.477415 -76.479010,3.476691 -76.476935,3.474262 -76.476477,3.473418 -76.476366,3.472532 -76.476636,3.469900 -76.476580,3.469559 -76.475293,3.467233 -76.475228,3.466969 -76.475261,3.466357 -76.475462,3.465263 -76.475612,3.464841 -76.476210,3.464113 -76.477677,3.462609 -76.478061,3.461861 -76.478218,3.460991 -76.477613,3.457315 -76.476400,3.457465 -76.476382,3.456476 -76.476185,3.455174 -76.475708,3.454062 -76.475600,3.453528 -76.475906,3.450924 -76.475889,3.450473 -76.478914,3.450311 -76.483151,3.451594 -76.485499,3.452164 -76.486659,3.452309 -76.486575,3.452837 -76.485991,3.453423 -76.485571,3.454018 -76.483168,3.458729 -76.482970,3.459814 -76.482961,3.460601 -76.483086,3.461460 -76.488286,3.477847 -76.489411,3.481618 -76.489924,3.483011 -76.490338,3.483726 -76.490743,3.484178 -76.491274,3.484603 -76.492093,3.484992 -76.493982,3.485489 -76.495377,3.486032 -76.498279,3.486890 -76.498865,3.486913 -76.499630,3.487149 -76.503191,3.488409 -76.502899,3.488800 -76.502362,3.490200 -76.502139,3.490535 -76.501434,3.491138 -76.500882,3.492052 -76.499981,3.493293 -76.499898,3.493565 -76.498547,3.495686 -76.497970,3.496986 -76.497349,3.498001 -76.497226,3.498387 -76.497318,3.499620 -76.497220,3.500090 -76.496962,3.500564 -76.496370,3.500691 -76.496301,3.500865 -76.496365,3.501120 -76.496826,3.501641 -76.496806,3.501952 -76.496516,3.502014 -76.495991,3.501853 -76.495666,3.501846 -76.495163,3.502086 -76.494912,3.502334 -76.494895,3.502578 -76.494990,3.502626 -76.495462,3.502508 -76.495623,3.502561 -76.495644,3.502761 -76.495267,3.503118 -76.494790,3.503928 -76.494608,3.504093 -76.494457,3.504006 -76.494526,3.503680 -76.494465,3.503401 -76.494266,3.503368 -76.494068,3.503532 -76.493954,3.503845 -76.494002,3.504267 -76.494431,3.505160 -76.494383,3.505447 -76.494253,3.505548 -76.493576,3.505482 -76.493168,3.505536 -76.491751,3.505885 -76.491377,3.505595 -76.491488,3.504869</coordinates></LinearRing></outerBoundaryIs></Polygon></Placemark>
<Placemark><name>CALI, SANTA ELENA</name><ExtendedData><Data name="brick_id"><value>CAL-012</value></Data><Data name="nombre"><value>SANTA ELENA</value></Data><Data name="zona"><value>CALI</value></Data><Data name="ciudad"><value>CALI</value></Data><Data name="departamento"><value>VALLE DEL CAUCA</value></Data><Data name="nombre_brick"><value>CALI, SANTA ELENA</value></Data></ExtendedData><Polygon><outerBoundaryIs><LinearRing><coordinates>-76.521243,3.419568 -76.521606,3.413746 -76.522606,3.405151 -76.522460,3.404956 -76.522373,3.404526 -76.522508,3.404738 -76.523412,3.405595 -76.524992,3.405793 -76.529203,3.407240 -76.538718,3.410285 -76.533251,3.426990 -76.533448,3.427087 -76.532901,3.429302 -76.533638,3.430391 -76.534403,3.433403 -76.534338,3.433809 -76.529861,3.432345 -76.529817,3.432079 -76.528086,3.432109 -76.527515,3.431936 -76.523973,3.434415 -76.523091,3.434912 -76.521822,3.435319 -76.519381,3.435672 -76.521243,3.419568</coordinates></LinearRing></outerBoundaryIs></Polygon></Placemark>
<Placemark><name>CALI, VALLE DEL LILI</name><ExtendedData><Data name="brick_id"><value>CAL-013</value></Data><Data name="nombre"><value>VALLE DEL LILI</value></Data><Data name="zona"><value>CALI</value></Data><Data name="ciudad"><value>CALI</value></Data><Data name="departamento"><value>VALLE DEL CAUCA</value></Data><Data name="nombre_brick"><value>CALI, VALLE DEL LILI</value></Data></ExtendedData><Polygon><outerBoundaryIs><LinearRing><coordinates>-76.524356,3.363924 -76.524473,3.364491 -76.525134,3.366759 -76.524984,3.374231 -76.529385,3.374333 -76.529788,3.368763 -76.530852,3.368284 -76.531063,3.368000 -76.540954,3.373070 -76.541544,3.373533 -76.541922,3.374028 -76.542229,3.374764 -76.544350,3.383945 -76.545177,3.389669 -76.546257,3.396282 -76.548701,3.395954 -76.548632,3.395345 -76.549575,3.395209 -76.549651,3.395829 -76.557586,3.394797 -76.558170,3.394594 -76.558199,3.394772 -76.558329,3.394926 -76.558031,3.394758 -76.556617,3.405453 -76.555849,3.405174 -76.555651,3.409348 -76.555642,3.411938 -76.555464,3.411966 -76.554504,3.411563 -76.553706,3.411544 -76.553530,3.411256 -76.552892,3.410667 -76.552677,3.410570 -76.550269,3.410367 -76.549584,3.410227 -76.549696,3.409301 -76.547360,3.408975 -76.547411,3.409293 -76.547160,3.409377 -76.546639,3.409361 -76.545922,3.409095 -76.545422,3.409259 -76.544387,3.409895 -76.542753,3.411756 -76.542407,3.411906 -76.541487,3.411192 -76.540497,3.410858 -76.529203,3.407240 -76.524992,3.405793 -76.523412,3.405595 -76.522508,3.404738 -76.522373,3.404526 -76.522263,3.403812 -76.519470,3.400039 -76.518842,3.399356 -76.515235,3.396226 -76.510911,3.390555 -76.510624,3.390075 -76.510002,3.388321 -76.510528,3.388438 -76.510793,3.388301 -76.511159,3.388286 -76.511413,3.388136 -76.511963,3.388384 -76.512268,3.388367 -76.512600,3.388669 -76.513041,3.388886 -76.513977,3.386120 -76.514266,3.379927 -76.514251,3.362859 -76.514412,3.363109 -76.514719,3.363109 -76.515115,3.362918 -76.515336,3.362660 -76.515468,3.362658 -76.515666,3.362950 -76.515455,3.363188 -76.515707,3.363296 -76.515837,3.363647 -76.516420,3.364273 -76.516768,3.364270 -76.516898,3.364154 -76.516702,3.363567 -76.517375,3.363444 -76.517432,3.363532 -76.517365,3.363952 -76.517557,3.364026 -76.517749,3.364305 -76.517915,3.364390 -76.518103,3.364136 -76.518374,3.363393 -76.519299,3.362950 -76.519449,3.362944 -76.519662,3.363332 -76.520236,3.363368 -76.520668,3.363798 -76.520964,3.363937 -76.521242,3.363934 -76.522057,3.363569 -76.523031,3.363406 -76.524051,3.362135 -76.524289,3.362057 -76.524455,3.363736 -76.524356,3.363924</coordinates></LinearRing></outerBoundaryIs></Polygon></Placemark>
<Placemark><name>CALI, VERSALLES</name><ExtendedData><Data name="brick_id"><value>CAL-014</value></Data><Data name="nombre"><value>VERSALLES</value></Data><Data name="zona"><value>CALI</value></Data><Data name="ciudad"><value>CALI</value></Data><Data name="departamento"><value>VALLE DEL CAUCA</value></Data><Data name="nombre_brick"><value>CALI, VERSALLES</value></Data></ExtendedData><Polygon><outerBoundaryIs><LinearRing><coordinates>-76.523306,3.468118 -76.523269,3.467821 -76.523395,3.467125 -76.523323,3.466646 -76.522828,3.465578 -76.522495,3.464285 -76.521949,3.462630 -76.521504,3.462837 -76.521325,3.462225 -76.522744,3.462186 -76.523681,3.462396 -76.524196,3.462296 -76.525057,3.460844 -76.526280,3.460228 -76.526914,3.459691 -76.527774,3.458164 -76.528003,3.458006 -76.528872,3.457790 -76.530112,3.457776 -76.531522,3.456843 -76.531873,3.456373 -76.532067,3.455040 -76.532291,3.454391 -76.532527,3.454041 -76.532935,3.453768 -76.535689,3.452692 -76.536544,3.451942 -76.537705,3.451128 -76.538245,3.450866 -76.538777,3.450719 -76.539911,3.450688 -76.540450,3.450860 -76.541305,3.451526 -76.541512,3.451571 -76.541453,3.452008 -76.541191,3.452164 -76.540963,3.452126 -76.540764,3.451890 -76.540541,3.451812 -76.540236,3.451908 -76.540047,3.452093 -76.539916,3.452654 -76.539946,3.452932 -76.539825,3.453252 -76.539927,3.453370 -76.539857,3.453683 -76.539975,3.454060 -76.539666,3.454209 -76.539764,3.454607 -76.539519,3.454763 -76.539527,3.455054 -76.539158,3.455780 -76.539081,3.456685 -76.538920,3.456805 -76.538280,3.458015 -76.538371,3.458114 -76.538210,3.458319 -76.538242,3.458619 -76.538132,3.458775 -76.537832,3.458626 -76.537663,3.458891 -76.537441,3.458865 -76.537084,3.460094 -76.537258,3.460548 -76.536368,3.461850 -76.536299,3.462655 -76.535931,3.463316 -76.535596,3.463604 -76.535711,3.463757 -76.534831,3.464350 -76.535121,3.464919 -76.534680,3.465237 -76.534475,3.464944 -76.534410,3.465007 -76.534378,3.465621 -76.534547,3.465954 -76.534481,3.466347 -76.533174,3.468345 -76.533203,3.468746 -76.533112,3.469420 -76.532898,3.469889 -76.532869,3.470449 -76.532723,3.470542 -76.532359,3.470417 -76.532201,3.470456 -76.532095,3.470835 -76.531794,3.471407 -76.531308,3.471728 -76.531507,3.471915 -76.531171,3.472329 -76.531096,3.472539 -76.531377,3.473025 -76.532168,3.473170 -76.532119,3.473915 -76.532305,3.474085 -76.532248,3.474719 -76.531534,3.475187 -76.531235,3.475518 -76.530942,3.475510 -76.530777,3.475649 -76.530490,3.475721 -76.530321,3.476078 -76.530144,3.476260 -76.529828,3.477195 -76.529477,3.477853 -76.529270,3.478537 -76.529221,3.479374 -76.529278,3.479652 -76.529129,3.480208 -76.529281,3.480154 -76.529337,3.480215 -76.529238,3.480432 -76.525515,3.479300 -76.526652,3.476187 -76.526616,3.475635 -76.526241,3.473717 -76.525074,3.473213 -76.524567,3.472599 -76.524403,3.471821 -76.524132,3.471810 -76.523157,3.468417 -76.523306,3.468118</coordinates></LinearRing></outerBoundaryIs></Polygon></Placemark>
<Placemark><name>CALI, VILLANUEVA</name><ExtendedData><Data name="brick_id"><value>CAL-015</value></Data><Data name="nombre"><value>VILLANUEVA</value></Data><Data name="zona"><value>CALI</value></Data><Data name="ciudad"><value>CALI</value></Data><Data name="departamento"><value>VALLE DEL CAUCA</value></Data><Data name="nombre_brick"><value>CALI, VILLANUEVA</value></Data></ExtendedData><Polygon><outerBoundaryIs><LinearRing><coordinates>-76.509381,3.452864 -76.509527,3.453989 -76.505514,3.453387 -76.504011,3.453287 -76.501716,3.452871 -76.500897,3.452798 -76.498617,3.452758 -76.495670,3.452580 -76.491212,3.452813 -76.488326,3.452378 -76.486659,3.452309 -76.486774,3.451487 -76.488880,3.447724 -76.489735,3.446385 -76.490969,3.443624 -76.494806,3.436011 -76.498112,3.429737 -76.499007,3.428185 -76.500557,3.428982 -76.501440,3.427275 -76.501881,3.426891 -76.503416,3.425143 -76.502730,3.424568 -76.519444,3.408561 -76.521462,3.406501 -76.521690,3.405940 -76.522100,3.403577 -76.522263,3.403812 -76.522395,3.404755 -76.522606,3.405151 -76.521606,3.413746 -76.521243,3.419568 -76.519406,3.435407 -76.517973,3.448758 -76.515918,3.448965 -76.512408,3.449770 -76.511670,3.449842 -76.510517,3.449824 -76.511507,3.453090 -76.509381,3.452864</coordinates></LinearRing></outerBoundaryIs></Polygon></Placemark>
<Placemark><name>CARTAGENA, BICENTENARIO / LA CAROLINA</name><ExtendedData><Data name="brick_id"><value>CTG-001</value></Data><Data name="nombre"><value>BICENTENARIO / LA CAROLINA</value></Data><Data name="zona"><value>CARTAGENA</value></Data><Data name="ciudad"><value>CARTAGENA</value></Data><Data name="departamento"><value>BOLIVAR</value></Data><Data name="nombre_brick"><value>CARTAGENA, BICENTENARIO / LA CAROLINA</value></Data></ExtendedData><Polygon><outerBoundaryIs><LinearRing><coordinates>-75.400589,10.518952 -75.400882,10.516458 -75.403530,10.512689 -75.405358,10.507428 -75.408308,10.493165 -75.408851,10.490204 -75.410249,10.484228 -75.412677,10.472477 -75.412672,10.470724 -75.411929,10.466917 -75.411012,10.460637 -75.410928,10.459762 -75.410998,10.458812 -75.411348,10.457767 -75.411716,10.455965 -75.412899,10.453684 -75.413802,10.451534 -75.414157,10.448004 -75.414700,10.444674 -75.415840,10.439615 -75.416168,10.438942 -75.418282,10.435548 -75.421317,10.430019 -75.423396,10.426421 -75.424003,10.425607 -75.431766,10.420594 -75.437455,10.416731 -75.438888,10.416011 -75.439348,10.415660 -75.440083,10.414916 -75.436302,10.412139 -75.433788,10.410460 -75.432039,10.409101 -75.427339,10.405884 -75.425407,10.404454 -75.422695,10.402111 -75.423500,10.400111 -75.423891,10.398095 -75.424248,10.396727 -75.424860,10.395394 -75.426274,10.394705 -75.427469,10.393980 -75.428779,10.394335 -75.429704,10.394143 -75.430563,10.393213 -75.431415,10.392901 -75.432175,10.393309 -75.433315,10.392440 -75.434206,10.391582 -75.436925,10.390572 -75.438433,10.390515 -75.439133,10.391334 -75.440311,10.391999 -75.444040,10.393722 -75.445998,10.394322 -75.447175,10.394821 -75.450308,10.395580 -75.451367,10.395451 -75.451263,10.389705 -75.457588,10.392653 -75.461931,10.387313 -75.462172,10.387770 -75.462489,10.388023 -75.462954,10.388118 -75.463375,10.388391 -75.464133,10.388531 -75.465347,10.389188 -75.465745,10.389629 -75.465805,10.389941 -75.464864,10.390893 -75.465404,10.391334 -75.464259,10.392143 -75.465144,10.392815 -75.466246,10.391769 -75.466865,10.392344 -75.467085,10.392173 -75.467102,10.392355 -75.467911,10.393801 -75.468863,10.395210 -75.467477,10.396826 -75.469584,10.398752 -75.468780,10.399068 -75.466839,10.400047 -75.464843,10.401196 -75.460326,10.402074 -75.459943,10.402008 -75.459498,10.401782 -75.459752,10.400659 -75.459677,10.400251 -75.459564,10.400066 -75.458608,10.399031 -75.458374,10.399028 -75.457923,10.399183 -75.456960,10.400291 -75.456886,10.400488 -75.456850,10.401112 -75.456929,10.401611 -75.457713,10.402956 -75.457724,10.403291 -75.457546,10.403538 -75.451143,10.406712 -75.449098,10.407320 -75.443052,10.411984 -75.446064,10.414645 -75.452566,10.411438 -75.453079,10.413594 -75.453432,10.414076 -75.457195,10.420560 -75.459422,10.425090 -75.461480,10.423885 -75.464393,10.420320 -75.466753,10.416654 -75.469483,10.414888 -75.474927,10.412353 -75.475085,10.412075 -75.475217,10.410911 -75.475440,10.410306 -75.476165,10.410916 -75.477859,10.411040 -75.478056,10.410928 -75.477933,10.410694 -75.477163,10.410700 -75.477183,10.410648 -75.477666,10.410598 -75.477609,10.410373 -75.477979,10.410418 -75.478085,10.410540 -75.478498,10.410757 -75.478744,10.410779 -75.478866,10.410891 -75.479514,10.410194 -75.479718,10.410083 -75.479843,10.410316 -75.479860,10.411032 -75.480008,10.411182 -75.480318,10.411045 -75.480487,10.410641 -75.480726,10.410677 -75.480805,10.410835 -75.480898,10.410859 -75.481127,10.410559 -75.481466,10.410410 -75.481581,10.410508 -75.481405,10.411313 -75.481448,10.411538 -75.481722,10.411585 -75.482368,10.411012 -75.482645,10.411015 -75.482932,10.411219 -75.482830,10.411267 -75.482725,10.411911 -75.482804,10.412114 -75.482898,10.412150 -75.482743,10.412232 -75.482787,10.412314 -75.483513,10.412225 -75.483847,10.412401 -75.484783,10.412359 -75.484728,10.412682 -75.484414,10.413048 -75.484766,10.412953 -75.484967,10.413077 -75.485032,10.413559 -75.484971,10.413726 -75.484816,10.413341 -75.484787,10.413973 -75.484694,10.414243 -75.484725,10.414545 -75.483731,10.414867 -75.481353,10.415367 -75.481472,10.415707 -75.482958,10.415311 -75.485522,10.414960 -75.485727,10.415376 -75.486119,10.415383 -75.486903,10.415640 -75.487050,10.415776 -75.487032,10.416095 -75.487345,10.416291 -75.487502,10.416559 -75.487693,10.416679 -75.488292,10.416826 -75.488205,10.416743 -75.487893,10.416692 -75.487574,10.416460 -75.487623,10.415951 -75.487679,10.416362 -75.488016,10.416512 -75.488112,10.416380 -75.487834,10.416203 -75.487838,10.415977 -75.488182,10.415816 -75.488797,10.415274 -75.489533,10.415042 -75.490928,10.414940 -75.491136,10.414788 -75.491563,10.414850 -75.491710,10.414760 -75.491808,10.414812 -75.492012,10.414710 -75.492446,10.414686 -75.492855,10.414744 -75.493193,10.414975 -75.493821,10.414691 -75.495171,10.414596 -75.495351,10.414664 -75.495472,10.414583 -75.495920,10.414697 -75.496017,10.414888 -75.496151,10.414834 -75.496190,10.415020 -75.496900,10.414778 -75.497243,10.414789 -75.497425,10.414903 -75.497503,10.415135 -75.497694,10.414859 -75.497708,10.414647 -75.497834,10.414789 -75.497968,10.414712 -75.498070,10.414798 -75.498295,10.414713 -75.498496,10.414158 -75.498697,10.414385 -75.499027,10.414429 -75.499212,10.414351 -75.499284,10.414424 -75.500306,10.414509 -75.500445,10.414409 -75.500528,10.414511 -75.500666,10.414349 -75.500770,10.414523 -75.501089,10.414515 -75.501203,10.414724 -75.501355,10.414309 -75.501390,10.414602 -75.501813,10.414625 -75.501919,10.414763 -75.502131,10.414671 -75.502158,10.414575 -75.502230,10.414776 -75.502344,10.414311 -75.502312,10.414812 -75.502592,10.414644 -75.502705,10.414860 -75.502765,10.414707 -75.502804,10.414860 -75.503011,10.414745 -75.503113,10.414910 -75.503502,10.414840 -75.503698,10.414908 -75.503921,10.414824 -75.504522,10.415100 -75.504713,10.415030 -75.504903,10.415192 -75.505076,10.415007 -75.505139,10.415183 -75.505325,10.415119 -75.505443,10.415227 -75.505564,10.415145 -75.506258,10.415444 -75.506397,10.415400 -75.506408,10.415578 -75.506613,10.415633 -75.506797,10.415576 -75.506914,10.415718 -75.507322,10.415618 -75.507570,10.415425 -75.508012,10.415453 -75.508087,10.415323 -75.508336,10.415482 -75.508653,10.415534 -75.509142,10.414208 -75.508829,10.415253 -75.508830,10.415509 -75.509214,10.415409 -75.509396,10.415624 -75.509785,10.415704 -75.510162,10.415665 -75.510302,10.415792 -75.511261,10.416018 -75.511677,10.415032 -75.511357,10.415963 -75.511750,10.416432 -75.512145,10.415552 -75.511878,10.416426 -75.512636,10.416459 -75.512946,10.417051 -75.513220,10.416008 -75.513346,10.415904 -75.513402,10.416108 -75.513127,10.416745 -75.513128,10.417005 -75.513313,10.416988 -75.513593,10.417123 -75.513611,10.416960 -75.513357,10.416933 -75.513275,10.416804 -75.513464,10.416650 -75.513494,10.416834 -75.513596,10.416827 -75.513838,10.416170 -75.513703,10.416877 -75.513727,10.417098 -75.513827,10.417111 -75.514026,10.416852 -75.514775,10.417175 -75.514939,10.417147 -75.515306,10.417269 -75.515387,10.417450 -75.515873,10.417501 -75.516208,10.417767 -75.516466,10.417841 -75.516576,10.418123 -75.516524,10.418422 -75.516615,10.418539 -75.516729,10.418481 -75.516733,10.418581 -75.516439,10.418551 -75.516310,10.418671 -75.516301,10.418819 -75.516454,10.419016 -75.516526,10.418883 -75.516800,10.418915 -75.516519,10.418950 -75.516673,10.419232 -75.516864,10.419195 -75.516886,10.419254 -75.516711,10.419358 -75.516773,10.419506 -75.516660,10.419736 -75.516504,10.419799 -75.516614,10.419933 -75.516757,10.419962 -75.516770,10.420226 -75.516552,10.420349 -75.516609,10.420697 -75.516334,10.420869 -75.516292,10.421007 -75.516431,10.421071 -75.516129,10.421260 -75.516085,10.421390 -75.516415,10.421591 -75.516465,10.421741 -75.516377,10.422112 -75.516240,10.422180 -75.516250,10.422434 -75.516083,10.422668 -75.516057,10.422853 -75.515891,10.422963 -75.515864,10.423177 -75.515639,10.423312 -75.515560,10.423410 -75.515571,10.423583 -75.515341,10.423745 -75.515385,10.424128 -75.515257,10.424285 -75.515251,10.424593 -75.514986,10.425082 -75.515143,10.425854 -75.515055,10.426326 -75.514762,10.426456 -75.514704,10.426608 -75.514477,10.426719 -75.514454,10.426834 -75.513977,10.427133 -75.513794,10.427476 -75.513720,10.428016 -75.513431,10.428267 -75.513310,10.428179 -75.512662,10.428584 -75.512518,10.428803 -75.512332,10.428622 -75.512058,10.428784 -75.511768,10.428767 -75.511446,10.428964 -75.511120,10.429019 -75.510132,10.429616 -75.509633,10.430051 -75.509619,10.430766 -75.509814,10.431467 -75.509980,10.431673 -75.509768,10.431864 -75.509813,10.432545 -75.509702,10.433083 -75.509802,10.433431 -75.510053,10.433767 -75.510239,10.434590 -75.509862,10.435445 -75.509799,10.435998 -75.509855,10.437243 -75.509768,10.437979 -75.509925,10.439128 -75.509728,10.439314 -75.508949,10.439293 -75.508378,10.439412 -75.507971,10.439653 -75.507461,10.439801 -75.507044,10.440131 -75.506908,10.440597 -75.507036,10.441388 -75.507395,10.442001 -75.507474,10.442441 -75.507686,10.442735 -75.507689,10.442988 -75.507798,10.443152 -75.507776,10.443931 -75.508058,10.444882 -75.508415,10.445680 -75.508379,10.446670 -75.507895,10.448137 -75.507463,10.448769 -75.507297,10.449278 -75.505954,10.450745 -75.504316,10.452234 -75.504255,10.452715 -75.503546,10.454660 -75.503509,10.455787 -75.502671,10.457023 -75.502633,10.457837 -75.502529,10.458234 -75.502152,10.458738 -75.502111,10.459155 -75.501818,10.459699 -75.501357,10.460286 -75.500792,10.461374 -75.500139,10.461648 -75.499253,10.461569 -75.497987,10.460937 -75.496852,10.460047 -75.495807,10.459021 -75.494831,10.458519 -75.493819,10.458608 -75.493466,10.459796 -75.493400,10.460462 -75.493635,10.461287 -75.494382,10.462613 -75.495592,10.463708 -75.495896,10.466663 -75.492876,10.468834 -75.490942,10.469922 -75.489982,10.471965 -75.489754,10.475205 -75.488615,10.478656 -75.488738,10.478954 -75.486072,10.484601 -75.487513,10.490002 -75.490377,10.493673 -75.496984,10.501156 -75.500856,10.498593 -75.500820,10.499183 -75.500951,10.500124 -75.501486,10.500976 -75.502164,10.501423 -75.502383,10.501905 -75.502278,10.502433 -75.502279,10.503273 -75.501263,10.504931 -75.500270,10.506884 -75.500151,10.508065 -75.500322,10.509262 -75.500789,10.509897 -75.502053,10.510361 -75.502227,10.510581 -75.502077,10.511191 -75.501583,10.511733 -75.500370,10.513697 -75.497926,10.518953 -75.497366,10.520486 -75.496688,10.521666 -75.496355,10.522544 -75.492629,10.522850 -75.490286,10.523191 -75.488406,10.523691 -75.484833,10.524980 -75.483508,10.525263 -75.481676,10.525412 -75.479379,10.525320 -75.477109,10.524990 -75.474886,10.524441 -75.471384,10.523343 -75.469577,10.522941 -75.468669,10.522847 -75.467815,10.522865 -75.466667,10.523114 -75.465932,10.523449 -75.464844,10.524219 -75.463865,10.525161 -75.462339,10.526845 -75.461397,10.527703 -75.460367,10.528363 -75.458336,10.529316 -75.457318,10.529959 -75.456716,10.530490 -75.454616,10.532764 -75.453617,10.533574 -75.451736,10.534854 -75.450689,10.535673 -75.447820,10.538570 -75.446425,10.539780 -75.445288,10.540488 -75.444533,10.540791 -75.443788,10.540957 -75.442986,10.540998 -75.441644,10.540826 -75.440291,10.540465 -75.433349,10.538095 -75.431274,10.537221 -75.428874,10.535878 -75.427667,10.535294 -75.426377,10.534845 -75.425029,10.534577 -75.423704,10.534525 -75.422840,10.534614 -75.421973,10.534808 -75.421111,10.535107 -75.420285,10.535499 -75.419158,10.536219 -75.417736,10.537517 -75.413651,10.538956 -75.412499,10.539000 -75.411271,10.538934 -75.408585,10.538095 -75.406335,10.537241 -75.400895,10.536785 -75.399827,10.535987 -75.399711,10.535820 -75.400507,10.534698 -75.399969,10.534257 -75.400540,10.533524 -75.400980,10.533507 -75.401322,10.533344 -75.401779,10.532676 -75.403507,10.530686 -75.401714,10.529463 -75.401404,10.529936 -75.401208,10.529838 -75.400964,10.530034 -75.400393,10.530914 -75.400099,10.531143 -75.399333,10.529398 -75.399920,10.529104 -75.399561,10.528224 -75.398974,10.528452 -75.398844,10.528191 -75.398604,10.528191 -75.399629,10.524472 -75.400132,10.520389 -75.400224,10.518603 -75.400589,10.518952</coordinates></LinearRing></outerBoundaryIs></Polygon></Placemark>
<Placemark><name>CARTAGENA, BLAS DE LEZO / SOCORRO</name><ExtendedData><Data name="brick_id"><value>CTG-002</value></Data><Data name="nombre"><value>BLAS DE LEZO / SOCORRO</value></Data><Data name="zona"><value>CARTAGENA</value></Data><Data name="ciudad"><value>CARTAGENA</value></Data><Data name="departamento"><value>BOLIVAR</value></Data><Data name="nombre_brick"><value>CARTAGENA, BLAS DE LEZO / SOCORRO</value></Data></ExtendedData><Polygon><outerBoundaryIs><LinearRing><coordinates>-75.482168,10.392660 -75.475753,10.388831 -75.465509,10.381928 -75.464670,10.381159 -75.462932,10.379343 -75.462346,10.378685 -75.462318,10.378547 -75.464587,10.377046 -75.464690,10.376656 -75.464642,10.375956 -75.465180,10.375392 -75.466336,10.376625 -75.469480,10.377578 -75.470722,10.377787 -75.471073,10.377951 -75.471448,10.377714 -75.471518,10.377569 -75.471501,10.378731 -75.472220,10.378851 -75.475599,10.379054 -75.484073,10.379778 -75.485165,10.379745 -75.488863,10.379919 -75.489939,10.380060 -75.491173,10.380517 -75.491458,10.379955 -75.492081,10.380191 -75.492654,10.380227 -75.492850,10.380324 -75.493566,10.380990 -75.493897,10.381090 -75.494734,10.381081 -75.496080,10.381719 -75.496255,10.381737 -75.496647,10.382289 -75.497461,10.382670 -75.498552,10.382406 -75.499824,10.382885 -75.500211,10.383264 -75.500830,10.383577 -75.500630,10.384219 -75.500625,10.384538 -75.500821,10.385439 -75.503179,10.388282 -75.503122,10.388340 -75.502536,10.388283 -75.489840,10.390468 -75.488432,10.390909 -75.488040,10.391096 -75.488047,10.391218 -75.483694,10.392919 -75.482490,10.392835 -75.482168,10.392660</coordinates></LinearRing></outerBoundaryIs></Polygon></Placemark>
<Placemark><name>CARTAGENA, CENTRO / BOCAGRANDE</name><ExtendedData><Data name="brick_id"><value>CTG-003</value></Data><Data name="nombre"><value>CENTRO / BOCAGRANDE</value></Data><Data name="zona"><value>CARTAGENA</value></Data><Data name="ciudad"><value>CARTAGENA</value></Data><Data name="departamento"><value>BOLIVAR</value></Data><Data name="nombre_brick"><value>CARTAGENA, CENTRO / BOCAGRANDE</value></Data></ExtendedData><Polygon><outerBoundaryIs><LinearRing><coordinates>-75.544396,10.429837 -75.544459,10.429622 -75.544881,10.429050 -75.545109,10.428100 -75.545047,10.427811 -75.544476,10.426752 -75.543187,10.427355 -75.542426,10.427326 -75.542091,10.427151 -75.539050,10.424655 -75.536636,10.422835 -75.535995,10.422601 -75.534847,10.422425 -75.533485,10.422098 -75.531871,10.421261 -75.531481,10.420960 -75.531088,10.420509 -75.530556,10.419742 -75.527454,10.415993 -75.526846,10.415496 -75.522817,10.413009 -75.522903,10.412824 -75.522803,10.412419 -75.522200,10.410853 -75.521307,10.407978 -75.521206,10.407861 -75.521187,10.407605 -75.518829,10.400154 -75.517746,10.396358 -75.516588,10.392863 -75.515691,10.389599 -75.515696,10.388338 -75.515904,10.384832 -75.516084,10.384143 -75.516639,10.384259 -75.516693,10.384304 -75.516627,10.384442 -75.516918,10.384764 -75.517113,10.384530 -75.517602,10.385002 -75.518287,10.385472 -75.519192,10.385860 -75.520678,10.385660 -75.520839,10.385784 -75.521785,10.385497 -75.521836,10.385673 -75.521925,10.385602 -75.521904,10.385719 -75.522111,10.385785 -75.522232,10.385525 -75.522099,10.385442 -75.522541,10.385498 -75.522472,10.385538 -75.522560,10.385586 -75.522816,10.385560 -75.522886,10.385745 -75.522987,10.385630 -75.523117,10.385617 -75.523530,10.385139 -75.523571,10.385378 -75.523747,10.385420 -75.523968,10.385300 -75.524304,10.385477 -75.524542,10.385491 -75.524565,10.385811 -75.525090,10.386104 -75.525026,10.386237 -75.525080,10.386273 -75.525187,10.386142 -75.525097,10.385893 -75.525345,10.385694 -75.525484,10.385231 -75.525888,10.385296 -75.525953,10.385443 -75.525619,10.385548 -75.525533,10.385650 -75.525551,10.386104 -75.525355,10.386076 -75.525318,10.386156 -75.525592,10.386362 -75.525770,10.385837 -75.526012,10.385845 -75.526252,10.385997 -75.526198,10.386091 -75.525846,10.386216 -75.525837,10.386735 -75.525642,10.386705 -75.525605,10.386789 -75.525905,10.387022 -75.525809,10.387242 -75.525747,10.388235 -75.525637,10.388297 -75.525746,10.388373 -75.525634,10.389150 -75.525526,10.389353 -75.525542,10.389607 -75.525394,10.389758 -75.525482,10.389875 -75.525336,10.390105 -75.525462,10.390315 -75.525356,10.390344 -75.525338,10.390501 -75.525346,10.390626 -75.525842,10.390603 -75.525876,10.390338 -75.526077,10.390184 -75.526835,10.389013 -75.526920,10.388235 -75.526900,10.387074 -75.526838,10.387209 -75.526836,10.387156 -75.526914,10.386284 -75.526653,10.386294 -75.526646,10.386435 -75.526616,10.386235 -75.526627,10.386133 -75.526662,10.386254 -75.526957,10.386192 -75.527137,10.385116 -75.527046,10.384792 -75.526894,10.384625 -75.526756,10.384270 -75.526800,10.383731 -75.526669,10.383752 -75.526522,10.384080 -75.526332,10.384074 -75.525861,10.383842 -75.525595,10.383559 -75.525289,10.383437 -75.525274,10.383319 -75.525399,10.383102 -75.524989,10.382906 -75.524990,10.382764 -75.524691,10.382779 -75.524715,10.382253 -75.524399,10.382268 -75.524466,10.380590 -75.526238,10.382705 -75.527204,10.383084 -75.529080,10.384387 -75.530768,10.387438 -75.531807,10.388817 -75.532038,10.388771 -75.532151,10.389052 -75.532481,10.389317 -75.532948,10.389492 -75.533020,10.389303 -75.533042,10.389485 -75.533644,10.389810 -75.534212,10.390818 -75.534782,10.391204 -75.535224,10.391311 -75.535845,10.391660 -75.536216,10.392440 -75.536792,10.392811 -75.537093,10.393153 -75.537260,10.393490 -75.537087,10.393608 -75.537107,10.393776 -75.537278,10.393928 -75.537439,10.393864 -75.537421,10.393984 -75.537132,10.394445 -75.536965,10.394542 -75.536702,10.394559 -75.536180,10.394100 -75.535652,10.393204 -75.535562,10.393161 -75.535355,10.393305 -75.535525,10.393082 -75.534971,10.392599 -75.534708,10.392456 -75.534227,10.392373 -75.533553,10.392361 -75.532637,10.392692 -75.532638,10.392886 -75.532558,10.392697 -75.532187,10.392806 -75.531697,10.393836 -75.531212,10.394150 -75.530848,10.394497 -75.529922,10.394750 -75.529853,10.394945 -75.529305,10.395618 -75.529051,10.395688 -75.528696,10.396139 -75.528447,10.396120 -75.528273,10.395953 -75.527796,10.395730 -75.527598,10.395437 -75.526851,10.394777 -75.526564,10.394634 -75.526219,10.394972 -75.525810,10.394866 -75.526275,10.395103 -75.526205,10.395310 -75.526058,10.395264 -75.525933,10.395518 -75.525629,10.395776 -75.524833,10.395657 -75.524753,10.395817 -75.524504,10.395781 -75.524386,10.395997 -75.524143,10.396187 -75.524248,10.396235 -75.524407,10.396040 -75.524931,10.396302 -75.525429,10.396171 -75.526163,10.396334 -75.526288,10.396512 -75.526351,10.396283 -75.526701,10.396293 -75.526794,10.396765 -75.526532,10.396858 -75.526470,10.396961 -75.526721,10.396941 -75.527293,10.397236 -75.527669,10.397646 -75.528028,10.397857 -75.528390,10.398255 -75.528423,10.398416 -75.528069,10.398876 -75.528246,10.399263 -75.528153,10.399311 -75.527920,10.398965 -75.527868,10.398996 -75.527310,10.399454 -75.527411,10.399601 -75.527734,10.399394 -75.527803,10.399474 -75.527820,10.399537 -75.527442,10.399811 -75.527196,10.399549 -75.526940,10.399566 -75.526970,10.399498 -75.526884,10.399415 -75.525421,10.398130 -75.525033,10.397942 -75.524890,10.397574 -75.524633,10.397388 -75.524892,10.397451 -75.524639,10.397262 -75.524697,10.397245 -75.525202,10.397450 -75.525455,10.397428 -75.525819,10.397127 -75.525888,10.396889 -75.525601,10.397001 -75.525315,10.397286 -75.525080,10.397255 -75.525132,10.397158 -75.525082,10.397124 -75.525262,10.396928 -75.525785,10.396655 -75.525563,10.396587 -75.524774,10.396818 -75.524162,10.396721 -75.524140,10.396475 -75.524044,10.396428 -75.523677,10.396720 -75.524211,10.396884 -75.524056,10.397881 -75.524149,10.397991 -75.523956,10.399370 -75.523898,10.399371 -75.523940,10.399439 -75.523788,10.400129 -75.523618,10.400120 -75.523650,10.400293 -75.523752,10.400447 -75.523923,10.400514 -75.524168,10.400793 -75.524647,10.401138 -75.524842,10.401329 -75.524893,10.401491 -75.524795,10.401704 -75.524573,10.401827 -75.524094,10.401775 -75.524311,10.401876 -75.524783,10.402309 -75.524836,10.402468 -75.524738,10.402674 -75.524459,10.402808 -75.524013,10.402745 -75.523542,10.402958 -75.523601,10.403482 -75.523781,10.403593 -75.523883,10.403938 -75.523874,10.405066 -75.524189,10.405283 -75.524762,10.405435 -75.525286,10.405821 -75.525687,10.405326 -75.526216,10.405339 -75.526247,10.405166 -75.526329,10.405201 -75.526310,10.405335 -75.526728,10.405365 -75.526767,10.405296 -75.527139,10.405357 -75.527348,10.405274 -75.527469,10.405120 -75.527480,10.404833 -75.527797,10.404673 -75.528061,10.404722 -75.528121,10.405056 -75.528236,10.405088 -75.528389,10.405017 -75.528301,10.404912 -75.528399,10.404738 -75.528716,10.404849 -75.528852,10.404771 -75.530664,10.404969 -75.530701,10.404878 -75.531160,10.404923 -75.532187,10.403442 -75.532458,10.403638 -75.531606,10.404956 -75.532765,10.405124 -75.533728,10.403705 -75.533852,10.403647 -75.534082,10.403825 -75.533224,10.405172 -75.535563,10.405438 -75.535592,10.405599 -75.536667,10.405783 -75.536670,10.405859 -75.537192,10.406272 -75.537894,10.407017 -75.537750,10.407500 -75.537397,10.407621 -75.537519,10.407729 -75.537729,10.407657 -75.537513,10.407766 -75.537551,10.407897 -75.537759,10.407791 -75.537811,10.407870 -75.537462,10.407995 -75.537496,10.408191 -75.537833,10.408000 -75.537882,10.408082 -75.537650,10.408148 -75.537740,10.408190 -75.537379,10.408481 -75.538217,10.408254 -75.538527,10.408292 -75.538675,10.408445 -75.539055,10.408453 -75.539368,10.408635 -75.539700,10.408374 -75.539273,10.409082 -75.539326,10.408669 -75.539011,10.408493 -75.538633,10.408488 -75.538575,10.408577 -75.538459,10.409059 -75.538718,10.409221 -75.539102,10.409230 -75.539416,10.409406 -75.539751,10.409153 -75.539320,10.409841 -75.539374,10.409440 -75.539057,10.409268 -75.538676,10.409263 -75.538591,10.409421 -75.538726,10.409863 -75.538524,10.409953 -75.538677,10.410336 -75.539553,10.410867 -75.539679,10.411094 -75.540151,10.411550 -75.541176,10.412043 -75.541714,10.412152 -75.542034,10.411786 -75.541746,10.412159 -75.541814,10.412238 -75.542025,10.412337 -75.542261,10.412012 -75.542355,10.412041 -75.541955,10.412471 -75.543114,10.413263 -75.543456,10.413600 -75.543439,10.413141 -75.543818,10.413423 -75.543819,10.413578 -75.543980,10.413351 -75.544936,10.413834 -75.544548,10.414380 -75.544240,10.414522 -75.544544,10.414908 -75.545036,10.414966 -75.545150,10.415038 -75.545139,10.415150 -75.544819,10.415074 -75.544561,10.415154 -75.544275,10.414856 -75.543892,10.414662 -75.543687,10.414673 -75.543612,10.414774 -75.543676,10.414978 -75.543938,10.415232 -75.544358,10.415464 -75.544703,10.415552 -75.544670,10.415659 -75.544231,10.415542 -75.544166,10.415587 -75.544045,10.416416 -75.544156,10.416750 -75.544024,10.417082 -75.543806,10.417299 -75.543135,10.417329 -75.542713,10.417594 -75.542491,10.417836 -75.542717,10.417811 -75.542462,10.418212 -75.541875,10.418638 -75.541343,10.418893 -75.540751,10.419747 -75.541000,10.421053 -75.541470,10.421714 -75.542463,10.422228 -75.543366,10.422254 -75.543802,10.420398 -75.543833,10.419947 -75.543771,10.419683 -75.544821,10.418303 -75.545018,10.417949 -75.545013,10.417781 -75.545194,10.417637 -75.545111,10.417467 -75.545228,10.417298 -75.545369,10.417419 -75.545770,10.417457 -75.547067,10.418344 -75.547889,10.418603 -75.548011,10.418797 -75.548066,10.419206 -75.548572,10.419696 -75.549028,10.419941 -75.549349,10.420376 -75.550627,10.420362 -75.550922,10.419862 -75.551250,10.419672 -75.551500,10.419245 -75.551535,10.418959 -75.550517,10.418057 -75.550428,10.418024 -75.550317,10.418194 -75.550199,10.418234 -75.550325,10.417980 -75.549667,10.417227 -75.549350,10.416199 -75.549027,10.415857 -75.549020,10.415709 -75.548658,10.415593 -75.547841,10.414871 -75.547713,10.414644 -75.547531,10.414576 -75.547524,10.414153 -75.547342,10.413554 -75.547515,10.413473 -75.547663,10.413520 -75.547988,10.413913 -75.548681,10.413392 -75.548039,10.412695 -75.547869,10.412750 -75.547279,10.413220 -75.546690,10.413141 -75.546443,10.412738 -75.546264,10.412648 -75.546229,10.412484 -75.545906,10.412235 -75.545875,10.411914 -75.545981,10.411560 -75.546100,10.411471 -75.546129,10.411702 -75.546031,10.412045 -75.546264,10.412242 -75.546400,10.412187 -75.546352,10.411890 -75.546462,10.411604 -75.546565,10.411560 -75.546545,10.411348 -75.546645,10.411059 -75.547015,10.410315 -75.546756,10.410989 -75.547027,10.410521 -75.546785,10.411114 -75.546954,10.411198 -75.547184,10.411189 -75.547464,10.410543 -75.547512,10.410564 -75.547430,10.410852 -75.547653,10.410603 -75.547594,10.410893 -75.547822,10.410497 -75.547874,10.410518 -75.547737,10.410806 -75.547894,10.410719 -75.547827,10.410851 -75.547919,10.410897 -75.548127,10.410612 -75.548184,10.410627 -75.548262,10.410233 -75.549419,10.407539 -75.549578,10.407584 -75.550141,10.406562 -75.550303,10.406529 -75.550281,10.406411 -75.550434,10.406368 -75.550379,10.406254 -75.550908,10.405846 -75.552100,10.403137 -75.552043,10.403108 -75.552084,10.402988 -75.552159,10.403014 -75.552644,10.401913 -75.552716,10.401586 -75.552702,10.400949 -75.552809,10.400482 -75.553212,10.399921 -75.554142,10.398994 -75.554358,10.398572 -75.554341,10.398290 -75.554411,10.398139 -75.554248,10.397864 -75.553232,10.397005 -75.550784,10.395564 -75.550534,10.395533 -75.550531,10.395439 -75.548895,10.394450 -75.548716,10.394419 -75.548714,10.394332 -75.547221,10.393493 -75.546042,10.392607 -75.545597,10.392412 -75.545088,10.391970 -75.544816,10.391509 -75.544663,10.391070 -75.544806,10.390716 -75.545026,10.390526 -75.545268,10.390515 -75.545588,10.390639 -75.545692,10.390507 -75.545749,10.390666 -75.546001,10.390736 -75.546450,10.390826 -75.546572,10.390743 -75.546834,10.390847 -75.546907,10.390647 -75.546942,10.390922 -75.547096,10.390947 -75.547187,10.390826 -75.547292,10.390864 -75.547324,10.390777 -75.547357,10.390919 -75.547459,10.390954 -75.547669,10.390924 -75.548330,10.391114 -75.549110,10.391912 -75.549219,10.391949 -75.549369,10.391878 -75.549827,10.392227 -75.550525,10.392530 -75.551151,10.392534 -75.551574,10.392928 -75.552075,10.393070 -75.552523,10.393540 -75.552931,10.393615 -75.553379,10.393967 -75.553818,10.394025 -75.553936,10.394476 -75.554175,10.394686 -75.554645,10.394775 -75.554912,10.395187 -75.555252,10.395292 -75.555762,10.395176 -75.556374,10.395269 -75.556491,10.395360 -75.556540,10.395679 -75.556709,10.395772 -75.557817,10.395569 -75.558759,10.396071 -75.559465,10.395987 -75.559652,10.396068 -75.560262,10.396739 -75.560642,10.396981 -75.561487,10.397235 -75.561769,10.397229 -75.561980,10.397131 -75.562251,10.396720 -75.562286,10.396184 -75.562166,10.395818 -75.561780,10.395414 -75.561589,10.395319 -75.561218,10.395342 -75.560643,10.395217 -75.560336,10.395344 -75.559896,10.395338 -75.559134,10.395097 -75.558639,10.395210 -75.558470,10.395063 -75.558408,10.394513 -75.558294,10.394353 -75.557954,10.394123 -75.557353,10.393951 -75.557398,10.393867 -75.557781,10.393858 -75.558330,10.393517 -75.558617,10.393149 -75.558900,10.392419 -75.558983,10.392362 -75.558955,10.392847 -75.559134,10.393001 -75.559484,10.393076 -75.559577,10.392823 -75.559613,10.393163 -75.559943,10.393244 -75.560034,10.393044 -75.560088,10.393251 -75.560263,10.393291 -75.560430,10.393252 -75.560493,10.393065 -75.560509,10.393221 -75.560610,10.393262 -75.560889,10.393203 -75.560978,10.393067 -75.561016,10.393581 -75.561228,10.393695 -75.561479,10.393676 -75.561961,10.393982 -75.562137,10.393968 -75.562311,10.394182 -75.562689,10.394336 -75.562837,10.394796 -75.563418,10.395659 -75.563590,10.395834 -75.563907,10.395919 -75.564191,10.396330 -75.564418,10.396512 -75.564654,10.397597 -75.565239,10.397927 -75.565517,10.397964 -75.566208,10.397888 -75.566693,10.397640 -75.566653,10.397735 -75.565859,10.398245 -75.564890,10.398658 -75.564709,10.398823 -75.564769,10.399051 -75.565489,10.399872 -75.565578,10.400119 -75.564942,10.399361 -75.564721,10.399265 -75.564517,10.399290 -75.562654,10.400069 -75.562904,10.400531 -75.562925,10.400807 -75.562700,10.400374 -75.562503,10.400297 -75.562082,10.400584 -75.560758,10.401217 -75.560722,10.401333 -75.560877,10.401678 -75.560643,10.401477 -75.560515,10.401471 -75.559863,10.401800 -75.559055,10.402379 -75.558749,10.402689 -75.558757,10.402811 -75.559035,10.403229 -75.558961,10.403228 -75.558756,10.402951 -75.558495,10.403021 -75.557408,10.403853 -75.557370,10.403998 -75.557599,10.404242 -75.557601,10.404364 -75.557224,10.404049 -75.557050,10.404226 -75.556582,10.404454 -75.556357,10.404784 -75.556291,10.405110 -75.556433,10.405318 -75.556660,10.405170 -75.556648,10.405308 -75.556151,10.405818 -75.556091,10.405778 -75.556227,10.405587 -75.556213,10.405480 -75.555725,10.405531 -75.555335,10.406044 -75.555283,10.406381 -75.555459,10.406250 -75.555501,10.406291 -75.555263,10.406675 -75.555099,10.406711 -75.555276,10.406480 -75.555214,10.406448 -75.554797,10.406551 -75.554618,10.406726 -75.554391,10.407231 -75.554478,10.407400 -75.554675,10.407269 -75.554710,10.407312 -75.554425,10.407678 -75.554343,10.407703 -75.554452,10.407481 -75.554212,10.407400 -75.553959,10.407524 -75.553637,10.407857 -75.553512,10.408298 -75.553627,10.408395 -75.553803,10.408346 -75.553796,10.408445 -75.553421,10.408652 -75.553204,10.408478 -75.553116,10.408495 -75.552776,10.408894 -75.552675,10.409118 -75.552683,10.409335 -75.552780,10.409356 -75.552913,10.409219 -75.552946,10.409265 -75.552705,10.409726 -75.552625,10.409554 -75.552468,10.409566 -75.552292,10.409709 -75.552116,10.410051 -75.552114,10.410343 -75.552458,10.410557 -75.552410,10.410624 -75.552110,10.410609 -75.552018,10.410779 -75.551952,10.411803 -75.552247,10.412142 -75.551944,10.412049 -75.551924,10.412300 -75.551615,10.413107 -75.551662,10.413256 -75.551896,10.413449 -75.551825,10.413472 -75.551630,10.413324 -75.551547,10.413412 -75.551402,10.414453 -75.551674,10.414782 -75.551392,10.414696 -75.551351,10.415398 -75.551408,10.415611 -75.551668,10.415716 -75.551497,10.415762 -75.551469,10.416036 -75.551953,10.417348 -75.552059,10.417455 -75.552433,10.417573 -75.552059,10.417604 -75.552112,10.417878 -75.552491,10.418568 -75.552889,10.418609 -75.552554,10.418751 -75.552845,10.419378 -75.553365,10.419568 -75.553132,10.419582 -75.553025,10.419665 -75.553050,10.419942 -75.553411,10.420668 -75.553859,10.420947 -75.553468,10.420895 -75.553417,10.421095 -75.553827,10.422088 -75.554273,10.422209 -75.553900,10.422288 -75.554812,10.424424 -75.554540,10.425104 -75.554056,10.425771 -75.552415,10.426810 -75.551700,10.427501 -75.551053,10.427987 -75.550103,10.428483 -75.549225,10.429549 -75.548039,10.430022 -75.547431,10.430533 -75.547228,10.430796 -75.547268,10.431085 -75.547499,10.431361 -75.547804,10.431253 -75.547803,10.431325 -75.547151,10.431759 -75.547120,10.431690 -75.547374,10.431435 -75.547037,10.431155 -75.546856,10.431130 -75.546238,10.431814 -75.546408,10.432052 -75.546730,10.431991 -75.546712,10.432052 -75.545880,10.432481 -75.545760,10.432483 -75.545968,10.432310 -75.545931,10.432154 -75.545643,10.431950 -75.545416,10.431945 -75.544396,10.429837</coordinates></LinearRing></outerBoundaryIs><innerBoundaryIs><LinearRing><coordinates>-75.544970,10.415035 -75.544724,10.415017 -75.544772,10.415025 -75.544970,10.415035</coordinates></LinearRing></innerBoundaryIs><innerBoundaryIs><LinearRing><coordinates>-75.546108,10.412262 -75.546236,10.412373 -75.546221,10.412334 -75.546108,10.412262</coordinates></LinearRing></innerBoundaryIs><innerBoundaryIs><LinearRing><coordinates>-75.544514,10.415566 -75.544253,10.415482 -75.544357,10.415527 -75.544514,10.415566</coordinates></LinearRing></innerBoundaryIs><innerBoundaryIs><LinearRing><coordinates>-75.525663,10.396834 -75.525904,10.396779 -75.525816,10.396751 -75.525601,10.396863 -75.525527,10.396923 -75.525663,10.396834</coordinates></LinearRing></innerBoundaryIs></Polygon></Placemark>
<Placemark><name>CARTAGENA, CORREGIMIENTOS COSTEROS</name><ExtendedData><Data name="brick_id"><value>CTG-004</value></Data><Data name="nombre"><value>CORREGIMIENTOS COSTEROS</value></Data><Data name="zona"><value>CARTAGENA</value></Data><Data name="ciudad"><value>CARTAGENA</value></Data><Data name="departamento"><value>BOLIVAR</value></Data><Data name="nombre_brick"><value>CARTAGENA, CORREGIMIENTOS COSTEROS</value></Data></ExtendedData><Polygon><outerBoundaryIs><LinearRing><coordinates>-76.179069,9.377670 -76.179738,9.377903 -76.182350,9.379796 -76.182860,9.379959 -76.182975,9.380120 -76.184894,9.380887 -76.185565,9.381692 -76.186304,9.383230 -76.186905,9.384080 -76.187575,9.384359 -76.188870,9.385190 -76.188892,9.386563 -76.188313,9.389580 -76.187989,9.390859 -76.187780,9.392414 -76.187617,9.393031 -76.187408,9.393556 -76.187108,9.394011 -76.186020,9.394942 -76.185303,9.395327 -76.184585,9.395620 -76.183452,9.395910 -76.180885,9.397312 -76.177900,9.398278 -76.175934,9.399157 -76.174385,9.399284 -76.172996,9.399206 -76.171586,9.398969 -76.171262,9.398785 -76.170846,9.398324 -76.170823,9.397866 -76.170962,9.397433 -76.171264,9.396932 -76.171518,9.396544 -76.171818,9.396293 -76.172399,9.394147 -76.172353,9.391653 -76.172215,9.390851 -76.172285,9.390280 -76.173048,9.388888 -76.173627,9.388000 -76.174344,9.387204 -76.174784,9.386405 -76.175016,9.385172 -76.175226,9.382816 -76.175551,9.381423 -76.175689,9.381105 -76.175921,9.380694 -76.177309,9.379306 -76.177911,9.378579 -76.178212,9.378054 -76.178651,9.377713 -76.179069,9.377670</coordinates></LinearRing></outerBoundaryIs></Polygon></Placemark>
<Placemark><name>CARTAGENA, CRESPO / MARBELLA</name><ExtendedData><Data name="brick_id"><value>CTG-005</value></Data><Data name="nombre"><value>CRESPO / MARBELLA</value></Data><Data name="zona"><value>CARTAGENA</value></Data><Data name="ciudad"><value>CARTAGENA</value></Data><Data name="departamento"><value>BOLIVAR</value></Data><Data name="nombre_brick"><value>CARTAGENA, CRESPO / MARBELLA</value></Data></ExtendedData><Polygon><outerBoundaryIs><LinearRing><coordinates>-75.513155,10.428696 -75.514215,10.429877 -75.513941,10.436325 -75.516648,10.437384 -75.526627,10.437724 -75.529799,10.433699 -75.534539,10.429076 -75.537917,10.425626 -75.538809,10.424477 -75.541729,10.426867 -75.542426,10.427326 -75.543187,10.427355 -75.544476,10.426752 -75.545047,10.427811 -75.545109,10.428100 -75.544881,10.429050 -75.544459,10.429622 -75.544396,10.429837 -75.545416,10.431945 -75.545055,10.432022 -75.544922,10.432187 -75.544892,10.432655 -75.545027,10.432762 -75.545191,10.432684 -75.545273,10.432727 -75.544963,10.432950 -75.544299,10.433203 -75.544539,10.432968 -75.544494,10.432799 -75.544056,10.432628 -75.543698,10.432692 -75.543421,10.433105 -75.543411,10.433455 -75.543477,10.433535 -75.543805,10.433383 -75.543864,10.433436 -75.543223,10.433841 -75.542911,10.433996 -75.542890,10.433926 -75.543146,10.433710 -75.543042,10.433553 -75.542631,10.433393 -75.542214,10.433471 -75.542046,10.433628 -75.541878,10.434032 -75.541894,10.434207 -75.542021,10.434310 -75.542314,10.434212 -75.542346,10.434261 -75.541907,10.434536 -75.541328,10.434769 -75.541547,10.434540 -75.541494,10.434452 -75.541151,10.434302 -75.540867,10.434341 -75.540719,10.434591 -75.540725,10.434904 -75.540787,10.434978 -75.541062,10.434934 -75.541060,10.434987 -75.540172,10.435477 -75.540134,10.435423 -75.540295,10.435306 -75.540193,10.435114 -75.539802,10.434978 -75.539560,10.435019 -75.539268,10.435278 -75.539154,10.435587 -75.539240,10.435907 -75.539530,10.435853 -75.538925,10.436165 -75.539111,10.435934 -75.538678,10.435673 -75.538205,10.435720 -75.537500,10.435965 -75.536846,10.436353 -75.536828,10.436647 -75.535776,10.437225 -75.535770,10.437323 -75.536018,10.437681 -75.535593,10.437305 -75.535468,10.437303 -75.534171,10.437976 -75.534168,10.438124 -75.534399,10.438412 -75.534016,10.438126 -75.533844,10.438119 -75.532753,10.438769 -75.532555,10.438980 -75.532914,10.439399 -75.532423,10.438982 -75.532353,10.439003 -75.531076,10.439823 -75.531022,10.439961 -75.531309,10.440282 -75.530857,10.439896 -75.529996,10.440378 -75.529491,10.440885 -75.529731,10.441226 -75.529339,10.440908 -75.528686,10.441225 -75.527956,10.441867 -75.528221,10.442240 -75.527799,10.441895 -75.527327,10.442130 -75.526415,10.442867 -75.526710,10.443231 -75.526341,10.442928 -75.526234,10.442973 -75.525414,10.443485 -75.525472,10.443672 -75.525033,10.443954 -75.524565,10.444388 -75.524331,10.444449 -75.523638,10.445048 -75.522922,10.445423 -75.521613,10.446396 -75.521487,10.446547 -75.521530,10.446713 -75.521325,10.446929 -75.520100,10.447578 -75.520182,10.447791 -75.518771,10.448875 -75.518009,10.449573 -75.517462,10.450398 -75.517222,10.450436 -75.515277,10.452293 -75.515369,10.452525 -75.515180,10.452475 -75.515038,10.452542 -75.513720,10.453727 -75.513766,10.453970 -75.513621,10.454071 -75.513459,10.454029 -75.513579,10.454205 -75.512572,10.455050 -75.512403,10.454926 -75.512462,10.455050 -75.512360,10.455189 -75.511145,10.456148 -75.509337,10.457933 -75.505153,10.462799 -75.499080,10.472455 -75.492316,10.485652 -75.492071,10.488362 -75.492105,10.489184 -75.492406,10.490423 -75.492972,10.491751 -75.493534,10.492524 -75.495851,10.494560 -75.496198,10.494977 -75.496954,10.495444 -75.500884,10.497491 -75.501178,10.497919 -75.500837,10.498633 -75.496984,10.501156 -75.490377,10.493673 -75.487513,10.490002 -75.486072,10.484601 -75.488738,10.478954 -75.488615,10.478656 -75.489754,10.475205 -75.489982,10.471965 -75.490942,10.469922 -75.492876,10.468834 -75.495896,10.466663 -75.495592,10.463708 -75.494382,10.462613 -75.493635,10.461287 -75.493400,10.460462 -75.493466,10.459796 -75.493819,10.458608 -75.494831,10.458519 -75.495807,10.459021 -75.496852,10.460047 -75.497987,10.460937 -75.499253,10.461569 -75.500139,10.461648 -75.500792,10.461374 -75.501357,10.460286 -75.501818,10.459699 -75.502111,10.459155 -75.502152,10.458738 -75.502529,10.458234 -75.502633,10.457837 -75.502671,10.457023 -75.503509,10.455787 -75.503546,10.454660 -75.504255,10.452715 -75.504316,10.452234 -75.505954,10.450745 -75.507297,10.449278 -75.507463,10.448769 -75.507895,10.448137 -75.508359,10.446742 -75.508439,10.446010 -75.508404,10.445625 -75.508058,10.444882 -75.507776,10.443931 -75.507798,10.443152 -75.507689,10.442988 -75.507686,10.442735 -75.507474,10.442441 -75.507395,10.442001 -75.507036,10.441388 -75.506901,10.440688 -75.507006,10.440189 -75.507461,10.439801 -75.507971,10.439653 -75.508378,10.439412 -75.508949,10.439293 -75.509728,10.439314 -75.509925,10.439128 -75.509768,10.437979 -75.509855,10.437243 -75.509799,10.435998 -75.509862,10.435445 -75.510239,10.434590 -75.510053,10.433767 -75.509802,10.433431 -75.509702,10.433083 -75.509813,10.432545 -75.509768,10.431864 -75.509980,10.431673 -75.509814,10.431467 -75.509619,10.430766 -75.509633,10.430051 -75.510132,10.429616 -75.511120,10.429019 -75.511446,10.428964 -75.511768,10.428767 -75.512058,10.428784 -75.512332,10.428622 -75.512518,10.428803 -75.512662,10.428584 -75.512819,10.428532 -75.513155,10.428696</coordinates></LinearRing></outerBoundaryIs></Polygon></Placemark>
<Placemark><name>CARTAGENA, DANIEL LEMAITRE / LA POPA</name><ExtendedData><Data name="brick_id"><value>CTG-006</value></Data><Data name="nombre"><value>DANIEL LEMAITRE / LA POPA</value></Data><Data name="zona"><value>CARTAGENA</value></Data><Data name="ciudad"><value>CARTAGENA</value></Data><Data name="departamento"><value>BOLIVAR</value></Data><Data name="nombre_brick"><value>CARTAGENA, DANIEL LEMAITRE / LA POPA</value></Data></ExtendedData><Polygon><outerBoundaryIs><LinearRing><coordinates>-75.513310,10.428179 -75.513431,10.428267 -75.513676,10.428093 -75.513794,10.427476 -75.513977,10.427133 -75.514454,10.426834 -75.514477,10.426719 -75.514704,10.426608 -75.514762,10.426456 -75.515058,10.426319 -75.515143,10.425854 -75.514986,10.425082 -75.515251,10.424593 -75.515257,10.424285 -75.515385,10.424128 -75.515341,10.423745 -75.515571,10.423583 -75.515560,10.423410 -75.515639,10.423312 -75.515864,10.423177 -75.515891,10.422963 -75.516057,10.422853 -75.516083,10.422668 -75.516250,10.422434 -75.516240,10.422180 -75.516377,10.422112 -75.516465,10.421741 -75.516415,10.421591 -75.516085,10.421390 -75.516129,10.421260 -75.516431,10.421071 -75.516292,10.421007 -75.516334,10.420869 -75.516609,10.420697 -75.516552,10.420349 -75.516770,10.420226 -75.516757,10.419962 -75.516614,10.419933 -75.516504,10.419799 -75.516660,10.419736 -75.516773,10.419506 -75.516711,10.419358 -75.516886,10.419254 -75.516864,10.419195 -75.516673,10.419232 -75.516519,10.418950 -75.516800,10.418915 -75.516526,10.418883 -75.516406,10.419003 -75.516315,10.418890 -75.516332,10.418629 -75.516496,10.418540 -75.516733,10.418581 -75.516735,10.418416 -75.516925,10.418402 -75.519673,10.418558 -75.519692,10.416424 -75.520078,10.415033 -75.520958,10.413804 -75.521517,10.413438 -75.521901,10.413034 -75.522842,10.413025 -75.527049,10.415641 -75.528062,10.416679 -75.530556,10.419742 -75.531088,10.420509 -75.531481,10.420960 -75.531871,10.421261 -75.533485,10.422098 -75.534847,10.422425 -75.535995,10.422601 -75.536636,10.422835 -75.538809,10.424477 -75.537917,10.425626 -75.534539,10.429076 -75.529799,10.433699 -75.526627,10.437724 -75.516648,10.437384 -75.513941,10.436325 -75.514215,10.429877 -75.513155,10.428696 -75.512819,10.428532 -75.513310,10.428179</coordinates></LinearRing></outerBoundaryIs></Polygon></Placemark>
<Placemark><name>CARTAGENA, EL COUNTRY / CALAMARES</name><ExtendedData><Data name="brick_id"><value>CTG-007</value></Data><Data name="nombre"><value>EL COUNTRY / CALAMARES</value></Data><Data name="zona"><value>CARTAGENA</value></Data><Data name="ciudad"><value>CARTAGENA</value></Data><Data name="departamento"><value>BOLIVAR</value></Data><Data name="nombre_brick"><value>CARTAGENA, EL COUNTRY / CALAMARES</value></Data></ExtendedData><Polygon><outerBoundaryIs><LinearRing><coordinates>-75.490978,10.395429 -75.490028,10.394842 -75.488904,10.394472 -75.484844,10.394174 -75.483550,10.393410 -75.483448,10.393286 -75.483484,10.393115 -75.483742,10.392953 -75.483694,10.392919 -75.484126,10.392736 -75.488047,10.391218 -75.488040,10.391096 -75.488432,10.390909 -75.489840,10.390468 -75.502536,10.388283 -75.503122,10.388340 -75.503624,10.391289 -75.503939,10.392193 -75.504018,10.393180 -75.504470,10.395620 -75.504423,10.396176 -75.502862,10.397637 -75.503499,10.398359 -75.503297,10.401004 -75.502168,10.404116 -75.502238,10.404907 -75.502566,10.405545 -75.502118,10.405905 -75.501989,10.406288 -75.501102,10.406034 -75.500420,10.405701 -75.494982,10.401992 -75.494419,10.401398 -75.493901,10.400482 -75.493408,10.398498 -75.492854,10.397465 -75.490978,10.395429</coordinates></LinearRing></outerBoundaryIs></Polygon></Placemark>
<Placemark><name>CARTAGENA, MAMONAL / INDUSTRIAL</name><ExtendedData><Data name="brick_id"><value>CTG-008</value></Data><Data name="nombre"><value>MAMONAL / INDUSTRIAL</value></Data><Data name="zona"><value>CARTAGENA</value></Data><Data name="ciudad"><value>CARTAGENA</value></Data><Data name="departamento"><value>BOLIVAR</value></Data><Data name="nombre_brick"><value>CARTAGENA, MAMONAL / INDUSTRIAL</value></Data></ExtendedData><Polygon><outerBoundaryIs><LinearRing><coordinates>-75.500821,10.385439 -75.500625,10.384538 -75.500630,10.384219 -75.500830,10.383577 -75.503122,10.378526 -75.497880,10.376128 -75.497468,10.375831 -75.495794,10.372915 -75.495836,10.372040 -75.495749,10.371737 -75.495421,10.371332 -75.494330,10.370485 -75.493123,10.368489 -75.492412,10.367778 -75.492176,10.367365 -75.491067,10.365970 -75.490836,10.365569 -75.490703,10.364904 -75.490577,10.364655 -75.489211,10.362841 -75.488498,10.361669 -75.488242,10.359623 -75.488358,10.359242 -75.488750,10.358516 -75.488650,10.357940 -75.488643,10.350351 -75.487550,10.350186 -75.486190,10.347680 -75.482246,10.338995 -75.483646,10.338926 -75.510134,10.338906 -75.508847,10.342027 -75.509395,10.343420 -75.508969,10.345140 -75.510706,10.345561 -75.512338,10.346735 -75.514075,10.347264 -75.516042,10.350583 -75.516382,10.353695 -75.515412,10.355096 -75.513455,10.353924 -75.511921,10.350387 -75.511249,10.353135 -75.511542,10.353894 -75.511732,10.355141 -75.511443,10.355980 -75.511519,10.356658 -75.511317,10.357120 -75.510250,10.357477 -75.509999,10.357945 -75.510407,10.359719 -75.510587,10.361493 -75.510756,10.361297 -75.510809,10.361289 -75.510967,10.361409 -75.510797,10.361310 -75.510591,10.361533 -75.510807,10.363348 -75.511069,10.363537 -75.511007,10.363970 -75.510933,10.363993 -75.510624,10.365146 -75.510684,10.365187 -75.510610,10.365194 -75.510561,10.365358 -75.510789,10.366126 -75.510388,10.366692 -75.509757,10.367060 -75.509596,10.367495 -75.509718,10.367562 -75.509502,10.368003 -75.509462,10.368372 -75.509532,10.368815 -75.509593,10.368819 -75.509577,10.369371 -75.509484,10.369363 -75.509510,10.373117 -75.510367,10.373413 -75.510460,10.373658 -75.509780,10.374177 -75.513503,10.382886 -75.514201,10.383149 -75.514246,10.383260 -75.514379,10.383024 -75.514828,10.383191 -75.514888,10.383615 -75.515460,10.384062 -75.515596,10.384297 -75.515655,10.384096 -75.516084,10.384143 -75.515904,10.384832 -75.515727,10.388492 -75.514900,10.388495 -75.513003,10.388119 -75.511874,10.387830 -75.510585,10.387340 -75.509958,10.387236 -75.503179,10.388282 -75.500821,10.385439</coordinates></LinearRing></outerBoundaryIs></Polygon></Placemark>
<Placemark><name>CARTAGENA, NELSON MANDELA / SAN PEDRO</name><ExtendedData><Data name="brick_id"><value>CTG-009</value></Data><Data name="nombre"><value>NELSON MANDELA / SAN PEDRO</value></Data><Data name="zona"><value>CARTAGENA</value></Data><Data name="ciudad"><value>CARTAGENA</value></Data><Data name="departamento"><value>BOLIVAR</value></Data><Data name="nombre_brick"><value>CARTAGENA, NELSON MANDELA / SAN PEDRO</value></Data></ExtendedData><Polygon><outerBoundaryIs><LinearRing><coordinates>-75.500211,10.383264 -75.499824,10.382885 -75.498552,10.382406 -75.497461,10.382670 -75.496647,10.382289 -75.496255,10.381737 -75.496080,10.381719 -75.494734,10.381081 -75.493769,10.381067 -75.493441,10.380905 -75.492746,10.380255 -75.492081,10.380191 -75.491458,10.379955 -75.491173,10.380517 -75.489939,10.380060 -75.488863,10.379919 -75.485165,10.379745 -75.484073,10.379778 -75.475599,10.379054 -75.472220,10.378851 -75.471501,10.378731 -75.471518,10.377569 -75.471448,10.377714 -75.471073,10.377951 -75.470722,10.377787 -75.469480,10.377578 -75.466336,10.376625 -75.465180,10.375392 -75.465968,10.374643 -75.465817,10.374495 -75.465885,10.374411 -75.470637,10.369861 -75.472987,10.367341 -75.473659,10.366835 -75.474029,10.366319 -75.476015,10.364119 -75.474586,10.362531 -75.487550,10.350186 -75.488643,10.350351 -75.488650,10.357940 -75.488750,10.358516 -75.488358,10.359242 -75.488242,10.359623 -75.488471,10.361605 -75.489211,10.362841 -75.490577,10.364655 -75.490703,10.364904 -75.490836,10.365569 -75.491067,10.365970 -75.492176,10.367365 -75.492412,10.367778 -75.493123,10.368489 -75.494330,10.370485 -75.495421,10.371332 -75.495749,10.371737 -75.495836,10.372040 -75.495794,10.372915 -75.497468,10.375831 -75.497880,10.376128 -75.503122,10.378526 -75.500830,10.383577 -75.500211,10.383264</coordinates></LinearRing></outerBoundaryIs></Polygon></Placemark>
<Placemark><name>CARTAGENA, NUEVO BOSQUE / PIEDRA BOLIVAR</name><ExtendedData><Data name="brick_id"><value>CTG-010</value></Data><Data name="nombre"><value>NUEVO BOSQUE / PIEDRA BOLIVAR</value></Data><Data name="zona"><value>CARTAGENA</value></Data><Data name="ciudad"><value>CARTAGENA</value></Data><Data name="departamento"><value>BOLIVAR</value></Data><Data name="nombre_brick"><value>CARTAGENA, NUEVO BOSQUE / PIEDRA BOLIVAR</value></Data></ExtendedData><Polygon><outerBoundaryIs><LinearRing><coordinates>-75.502118,10.405905 -75.502566,10.405545 -75.502238,10.404907 -75.502168,10.404116 -75.503297,10.401004 -75.503499,10.398359 -75.502862,10.397637 -75.504423,10.396176 -75.504470,10.395620 -75.504018,10.393180 -75.503939,10.392193 -75.503624,10.391289 -75.503122,10.388340 -75.503334,10.388244 -75.509958,10.387236 -75.510585,10.387340 -75.511874,10.387830 -75.513003,10.388119 -75.514900,10.388495 -75.515727,10.388492 -75.515691,10.389599 -75.516451,10.392394 -75.517746,10.396358 -75.518829,10.400154 -75.521187,10.407605 -75.521206,10.407861 -75.521307,10.407978 -75.522200,10.410853 -75.522803,10.412419 -75.522903,10.412824 -75.522817,10.413009 -75.515909,10.408890 -75.515855,10.408945 -75.514964,10.408592 -75.514211,10.408442 -75.509393,10.407577 -75.509307,10.407575 -75.509276,10.407690 -75.505781,10.407096 -75.505805,10.406956 -75.501989,10.406288 -75.502118,10.405905</coordinates></LinearRing></outerBoundaryIs></Polygon></Placemark>
<Placemark><name>CARTAGENA, NUEVO PARAISO / LA MAGDALENA</name><ExtendedData><Data name="brick_id"><value>CTG-011</value></Data><Data name="nombre"><value>NUEVO PARAISO / LA MAGDALENA</value></Data><Data name="zona"><value>CARTAGENA</value></Data><Data name="ciudad"><value>CARTAGENA</value></Data><Data name="departamento"><value>BOLIVAR</value></Data><Data name="nombre_brick"><value>CARTAGENA, NUEVO PARAISO / LA MAGDALENA</value></Data></ExtendedData><Polygon><outerBoundaryIs><LinearRing><coordinates>-75.466980,10.400111 -75.467450,10.399941 -75.467965,10.399923 -75.468553,10.400082 -75.473980,10.402304 -75.474800,10.402776 -75.474856,10.403439 -75.475027,10.404105 -75.476255,10.405911 -75.476533,10.406779 -75.476012,10.409211 -75.476016,10.409719 -75.475797,10.409801 -75.475723,10.409910 -75.475623,10.410442 -75.475440,10.410306 -75.475297,10.410640 -75.475102,10.412006 -75.474927,10.412353 -75.469483,10.414888 -75.466753,10.416654 -75.464393,10.420320 -75.461480,10.423885 -75.459422,10.425090 -75.457195,10.420560 -75.453432,10.414076 -75.453079,10.413594 -75.452566,10.411438 -75.446064,10.414645 -75.443052,10.411984 -75.449098,10.407320 -75.451143,10.406712 -75.457546,10.403538 -75.457724,10.403291 -75.457713,10.402956 -75.456929,10.401611 -75.456850,10.401112 -75.456886,10.400488 -75.456960,10.400291 -75.457923,10.399183 -75.458374,10.399028 -75.458608,10.399031 -75.459564,10.400066 -75.459677,10.400251 -75.459752,10.400659 -75.459498,10.401782 -75.459943,10.402008 -75.460326,10.402074 -75.464588,10.401278 -75.465178,10.401032 -75.466851,10.400041 -75.466980,10.400111</coordinates></LinearRing></outerBoundaryIs></Polygon></Placemark>
<Placemark><name>CARTAGENA, OLAYA / BOSTON</name><ExtendedData><Data name="brick_id"><value>CTG-012</value></Data><Data name="nombre"><value>OLAYA / BOSTON</value></Data><Data name="zona"><value>CARTAGENA</value></Data><Data name="ciudad"><value>CARTAGENA</value></Data><Data name="departamento"><value>BOLIVAR</value></Data><Data name="nombre_brick"><value>CARTAGENA, OLAYA / BOSTON</value></Data></ExtendedData><Polygon><outerBoundaryIs><LinearRing><coordinates>-75.516662,10.418552 -75.516524,10.418422 -75.516576,10.418123 -75.516466,10.417841 -75.516208,10.417767 -75.515942,10.417527 -75.515387,10.417450 -75.515306,10.417269 -75.514939,10.417147 -75.514775,10.417175 -75.514026,10.416852 -75.513827,10.417111 -75.513727,10.417098 -75.513703,10.416877 -75.513838,10.416170 -75.513596,10.416827 -75.513494,10.416834 -75.513464,10.416650 -75.513275,10.416804 -75.513357,10.416933 -75.513611,10.416960 -75.513593,10.417123 -75.513313,10.416988 -75.513128,10.417005 -75.513127,10.416745 -75.513402,10.416108 -75.513346,10.415904 -75.513220,10.416008 -75.512946,10.417051 -75.512636,10.416459 -75.511878,10.416426 -75.512145,10.415552 -75.511750,10.416432 -75.511357,10.415963 -75.511677,10.415032 -75.511261,10.416018 -75.510302,10.415792 -75.510162,10.415665 -75.509785,10.415704 -75.509396,10.415624 -75.509214,10.415409 -75.508830,10.415509 -75.508829,10.415253 -75.509142,10.414208 -75.508653,10.415534 -75.508336,10.415482 -75.508087,10.415323 -75.508012,10.415453 -75.507570,10.415425 -75.507322,10.415618 -75.506914,10.415718 -75.506797,10.415576 -75.506613,10.415633 -75.506408,10.415578 -75.506397,10.415400 -75.506258,10.415444 -75.505564,10.415145 -75.505443,10.415227 -75.505325,10.415119 -75.505139,10.415183 -75.505076,10.415007 -75.504903,10.415192 -75.504713,10.415030 -75.504522,10.415100 -75.503921,10.414824 -75.503698,10.414908 -75.503502,10.414840 -75.503113,10.414910 -75.503011,10.414745 -75.502804,10.414860 -75.502765,10.414707 -75.502705,10.414860 -75.502592,10.414644 -75.502312,10.414812 -75.502344,10.414311 -75.502230,10.414776 -75.502158,10.414575 -75.502131,10.414671 -75.501919,10.414763 -75.501813,10.414625 -75.501390,10.414602 -75.501355,10.414309 -75.501203,10.414724 -75.501089,10.414515 -75.500770,10.414523 -75.500666,10.414349 -75.500528,10.414511 -75.500445,10.414409 -75.500306,10.414509 -75.499284,10.414424 -75.499212,10.414351 -75.499027,10.414429 -75.498697,10.414385 -75.498513,10.414157 -75.498295,10.414713 -75.498070,10.414798 -75.497968,10.414712 -75.497834,10.414789 -75.497708,10.414647 -75.497694,10.414859 -75.497503,10.415135 -75.497425,10.414903 -75.497243,10.414789 -75.496900,10.414778 -75.496190,10.415020 -75.496151,10.414834 -75.496017,10.414888 -75.495920,10.414697 -75.495472,10.414583 -75.495351,10.414664 -75.495171,10.414596 -75.493821,10.414691 -75.493193,10.414975 -75.492855,10.414744 -75.492063,10.414705 -75.491581,10.414848 -75.491136,10.414788 -75.490896,10.414946 -75.489194,10.415125 -75.488797,10.415274 -75.488643,10.415470 -75.488038,10.415862 -75.487886,10.414332 -75.488026,10.412543 -75.487947,10.412012 -75.488396,10.409582 -75.488395,10.408893 -75.488650,10.408291 -75.488803,10.407428 -75.488844,10.406902 -75.488697,10.406533 -75.489099,10.406415 -75.489481,10.406443 -75.489717,10.406369 -75.489810,10.405994 -75.490128,10.405665 -75.491183,10.402779 -75.491706,10.401558 -75.491774,10.400754 -75.491975,10.400642 -75.492299,10.400230 -75.493063,10.398056 -75.493160,10.397975 -75.493408,10.398498 -75.493793,10.400208 -75.494056,10.400816 -75.494419,10.401398 -75.494883,10.401892 -75.495948,10.402678 -75.500736,10.405873 -75.502199,10.406349 -75.505805,10.406956 -75.505781,10.407096 -75.509276,10.407690 -75.509307,10.407575 -75.509393,10.407577 -75.510473,10.407758 -75.514964,10.408592 -75.515855,10.408945 -75.515909,10.408890 -75.522842,10.413025 -75.522169,10.413003 -75.521771,10.413124 -75.521517,10.413438 -75.520958,10.413804 -75.520078,10.415033 -75.519692,10.416424 -75.519673,10.418558 -75.516925,10.418402 -75.516703,10.418466 -75.516662,10.418552</coordinates></LinearRing></outerBoundaryIs></Polygon></Placemark>
<Placemark><name>CARTAGENA, OLAYA / GAVIOTAS</name><ExtendedData><Data name="brick_id"><value>CTG-013</value></Data><Data name="nombre"><value>OLAYA / GAVIOTAS</value></Data><Data name="zona"><value>CARTAGENA</value></Data><Data name="ciudad"><value>CARTAGENA</value></Data><Data name="departamento"><value>BOLIVAR</value></Data><Data name="nombre_brick"><value>CARTAGENA, OLAYA / GAVIOTAS</value></Data></ExtendedData><Polygon><outerBoundaryIs><LinearRing><coordinates>-75.475723,10.409910 -75.475797,10.409801 -75.476016,10.409719 -75.476012,10.409211 -75.476533,10.406779 -75.476255,10.405911 -75.475027,10.404105 -75.474856,10.403439 -75.474800,10.402776 -75.473980,10.402304 -75.468553,10.400082 -75.467965,10.399923 -75.467450,10.399941 -75.466980,10.400111 -75.466851,10.400041 -75.469563,10.398733 -75.469665,10.398795 -75.471285,10.398131 -75.482036,10.393612 -75.482459,10.393450 -75.482965,10.393402 -75.482924,10.392891 -75.483694,10.392919 -75.483742,10.392953 -75.483452,10.393186 -75.483510,10.393372 -75.484844,10.394174 -75.488904,10.394472 -75.489694,10.394681 -75.490978,10.395429 -75.492854,10.397465 -75.493160,10.397975 -75.492886,10.398471 -75.492664,10.399313 -75.492299,10.400230 -75.491975,10.400642 -75.491774,10.400754 -75.491706,10.401558 -75.491183,10.402779 -75.490128,10.405665 -75.489810,10.405994 -75.489717,10.406369 -75.489481,10.406443 -75.489099,10.406415 -75.488697,10.406533 -75.488844,10.406902 -75.488803,10.407428 -75.488650,10.408291 -75.488395,10.408893 -75.488396,10.409582 -75.487947,10.412012 -75.488026,10.412543 -75.487886,10.414332 -75.488038,10.415862 -75.487838,10.415977 -75.487804,10.416125 -75.488115,10.416393 -75.488016,10.416512 -75.487710,10.416396 -75.487635,10.415951 -75.487555,10.416316 -75.487574,10.416460 -75.487856,10.416670 -75.488311,10.416820 -75.487560,10.416603 -75.487345,10.416291 -75.487032,10.416095 -75.487060,10.415838 -75.486991,10.415696 -75.486119,10.415383 -75.485727,10.415376 -75.485522,10.414960 -75.482958,10.415311 -75.481472,10.415707 -75.481353,10.415367 -75.483731,10.414867 -75.484694,10.414566 -75.484816,10.413341 -75.484971,10.413726 -75.485034,10.413524 -75.484907,10.413002 -75.484766,10.412953 -75.484414,10.413048 -75.484728,10.412682 -75.484767,10.412347 -75.483847,10.412401 -75.483513,10.412225 -75.483012,10.412332 -75.482753,10.412281 -75.482898,10.412150 -75.482719,10.411983 -75.482830,10.411267 -75.482932,10.411219 -75.482706,10.411047 -75.482368,10.411012 -75.481976,10.411303 -75.481773,10.411559 -75.481448,10.411538 -75.481405,10.411313 -75.481581,10.410508 -75.481523,10.410432 -75.481183,10.410517 -75.480898,10.410859 -75.480805,10.410835 -75.480726,10.410677 -75.480487,10.410641 -75.480318,10.411045 -75.480008,10.411182 -75.479860,10.411032 -75.479843,10.410316 -75.479718,10.410083 -75.479514,10.410194 -75.478866,10.410891 -75.478744,10.410779 -75.478498,10.410757 -75.478085,10.410540 -75.477979,10.410418 -75.477609,10.410373 -75.477666,10.410598 -75.477183,10.410648 -75.477163,10.410700 -75.477933,10.410694 -75.478056,10.410928 -75.477859,10.411040 -75.476165,10.410916 -75.475623,10.410442 -75.475723,10.409910</coordinates></LinearRing></outerBoundaryIs></Polygon></Placemark>
<Placemark><name>CARTAGENA, RURAL NORTE</name><ExtendedData><Data name="brick_id"><value>CTG-014</value></Data><Data name="nombre"><value>RURAL NORTE</value></Data><Data name="zona"><value>CARTAGENA</value></Data><Data name="ciudad"><value>CARTAGENA</value></Data><Data name="departamento"><value>BOLIVAR</value></Data><Data name="nombre_brick"><value>CARTAGENA, RURAL NORTE</value></Data></ExtendedData><Polygon><outerBoundaryIs><LinearRing><coordinates>-75.521474,10.289411 -75.519717,10.287757 -75.520095,10.285808 -75.520930,10.285855 -75.520946,10.285398 -75.521088,10.285193 -75.520804,10.283963 -75.520962,10.283774 -75.521009,10.283553 -75.520899,10.282804 -75.521214,10.281101 -75.521130,10.280954 -75.520987,10.281029 -75.519869,10.280492 -75.519659,10.280555 -75.518124,10.279819 -75.518355,10.279441 -75.515707,10.277822 -75.515581,10.278621 -75.514782,10.278179 -75.514929,10.277906 -75.513016,10.275825 -75.513079,10.275636 -75.512364,10.275152 -75.511797,10.275930 -75.512596,10.276687 -75.513121,10.278432 -75.513037,10.278600 -75.513205,10.279777 -75.511965,10.278915 -75.511797,10.279167 -75.512827,10.279903 -75.511838,10.281305 -75.509585,10.280766 -75.507204,10.280800 -75.505931,10.280919 -75.505755,10.273311 -75.505144,10.269754 -75.504847,10.266821 -75.504534,10.261780 -75.504297,10.259765 -75.504122,10.253405 -75.503511,10.247080 -75.504359,10.247324 -75.504500,10.247227 -75.504598,10.245771 -75.504130,10.241697 -75.503680,10.232896 -75.503645,10.231020 -75.503317,10.228031 -75.503169,10.223706 -75.503442,10.222118 -75.504157,10.219500 -75.504389,10.217963 -75.504436,10.216920 -75.504350,10.215727 -75.504224,10.215279 -75.503357,10.214133 -75.502951,10.213444 -75.504526,10.212843 -75.506822,10.212387 -75.509833,10.212049 -75.513558,10.211812 -75.514639,10.211650 -75.515991,10.211191 -75.517630,10.211080 -75.517333,10.208809 -75.514710,10.199516 -75.513968,10.197945 -75.511959,10.190892 -75.511056,10.188082 -75.509555,10.182599 -75.508088,10.178055 -75.504509,10.165381 -75.500991,10.153672 -75.499310,10.148163 -75.498187,10.145988 -75.497753,10.145314 -75.542304,10.109702 -75.573063,10.085436 -75.573125,10.085569 -75.573571,10.085562 -75.573975,10.085716 -75.574257,10.086327 -75.574597,10.087841 -75.574863,10.089232 -75.575070,10.091150 -75.575715,10.093303 -75.576221,10.095397 -75.576581,10.098080 -75.576244,10.098547 -75.576171,10.098804 -75.576859,10.099437 -75.577075,10.099778 -75.577436,10.100551 -75.578139,10.102659 -75.578388,10.103104 -75.578759,10.103532 -75.578931,10.104108 -75.578977,10.105043 -75.579255,10.105523 -75.580323,10.108122 -75.580795,10.108860 -75.582002,10.113291 -75.582145,10.114113 -75.582224,10.117925 -75.582325,10.118926 -75.582779,10.120431 -75.582815,10.121332 -75.582702,10.122309 -75.582401,10.123595 -75.582421,10.124318 -75.582552,10.125059 -75.582413,10.126357 -75.581919,10.127872 -75.580885,10.128840 -75.580423,10.129057 -75.578903,10.128944 -75.577044,10.127769 -75.575825,10.126715 -75.574549,10.125350 -75.571625,10.123931 -75.570403,10.123446 -75.569618,10.123226 -75.568354,10.123171 -75.566973,10.123369 -75.565532,10.123853 -75.564482,10.124385 -75.564289,10.124533 -75.563275,10.126208 -75.562684,10.127016 -75.560959,10.128873 -75.559396,10.130983 -75.558809,10.132055 -75.558040,10.133731 -75.557749,10.135136 -75.557833,10.136285 -75.557948,10.136515 -75.558044,10.137268 -75.558073,10.138807 -75.558192,10.139726 -75.558137,10.140473 -75.557844,10.140982 -75.557347,10.141590 -75.556546,10.142122 -75.555113,10.142487 -75.552534,10.143371 -75.551472,10.143999 -75.550643,10.144692 -75.549128,10.146331 -75.548735,10.147048 -75.548239,10.148558 -75.547866,10.150233 -75.547533,10.150726 -75.546861,10.151254 -75.545995,10.152147 -75.545548,10.153180 -75.544846,10.154022 -75.544426,10.154400 -75.543729,10.155340 -75.543232,10.155712 -75.542101,10.156094 -75.540734,10.157234 -75.537940,10.158031 -75.536914,10.158396 -75.535869,10.158933 -75.535144,10.159483 -75.534002,10.161030 -75.533123,10.162550 -75.531386,10.164372 -75.527635,10.167120 -75.527254,10.167825 -75.527305,10.168330 -75.527606,10.168733 -75.528949,10.169466 -75.529735,10.169599 -75.530586,10.169470 -75.532833,10.168396 -75.534587,10.168216 -75.535233,10.168270 -75.535576,10.168558 -75.536063,10.169185 -75.536177,10.169633 -75.536164,10.170024 -75.536017,10.170327 -75.535644,10.170470 -75.535161,10.170463 -75.534317,10.170300 -75.533076,10.170217 -75.532632,10.170618 -75.532297,10.171409 -75.532142,10.172247 -75.532192,10.172902 -75.532679,10.174982 -75.532678,10.175367 -75.532036,10.175509 -75.530758,10.174679 -75.529787,10.174281 -75.528781,10.173670 -75.527769,10.173224 -75.526233,10.172910 -75.525977,10.172760 -75.525752,10.172145 -75.525619,10.171990 -75.525513,10.172242 -75.525638,10.173076 -75.525198,10.173931 -75.524761,10.173929 -75.524069,10.173686 -75.522196,10.172825 -75.521912,10.172572 -75.522369,10.171792 -75.522530,10.170863 -75.522379,10.170546 -75.522002,10.170126 -75.521764,10.170063 -75.521478,10.170183 -75.521214,10.170785 -75.520998,10.172375 -75.521208,10.173719 -75.521434,10.174167 -75.521810,10.174611 -75.522410,10.174825 -75.522858,10.174849 -75.523255,10.174775 -75.523510,10.174989 -75.523491,10.175373 -75.522931,10.177089 -75.523162,10.177715 -75.523521,10.178193 -75.523455,10.180065 -75.522741,10.182705 -75.522497,10.183905 -75.522416,10.185219 -75.521832,10.188744 -75.521763,10.190042 -75.522140,10.192024 -75.523636,10.196788 -75.523980,10.198105 -75.524183,10.198375 -75.524483,10.199272 -75.524512,10.199634 -75.525402,10.201897 -75.525604,10.203315 -75.525577,10.203866 -75.525399,10.204266 -75.524939,10.204573 -75.524335,10.204732 -75.523233,10.204618 -75.523087,10.204509 -75.523170,10.204372 -75.523351,10.204344 -75.523897,10.204410 -75.524067,10.204289 -75.524039,10.204134 -75.523899,10.204065 -75.522569,10.203847 -75.521733,10.203391 -75.521569,10.203419 -75.521549,10.203745 -75.522075,10.205027 -75.522356,10.205195 -75.522696,10.205121 -75.523440,10.205210 -75.524738,10.204854 -75.525626,10.204428 -75.525973,10.204446 -75.526119,10.204556 -75.525955,10.206310 -75.526345,10.207820 -75.526404,10.208578 -75.526341,10.209300 -75.526061,10.210033 -75.526006,10.210405 -75.526183,10.212110 -75.526114,10.213927 -75.524462,10.222060 -75.524539,10.222978 -75.524795,10.224235 -75.524892,10.225709 -75.524670,10.226334 -75.524079,10.227123 -75.523963,10.227902 -75.523667,10.228337 -75.523587,10.228938 -75.523632,10.229312 -75.524062,10.229916 -75.524529,10.230198 -75.525678,10.230369 -75.526064,10.230629 -75.526590,10.230786 -75.528044,10.230918 -75.529024,10.230825 -75.530856,10.230499 -75.532103,10.229936 -75.533167,10.229562 -75.533342,10.229568 -75.533669,10.229811 -75.534009,10.229887 -75.534210,10.229744 -75.534570,10.229201 -75.535042,10.228887 -75.536809,10.228533 -75.537278,10.228558 -75.537383,10.228690 -75.536467,10.229949 -75.534635,10.232081 -75.534458,10.232165 -75.533995,10.232250 -75.532264,10.232248 -75.531220,10.232348 -75.527879,10.232925 -75.527145,10.233134 -75.525945,10.233800 -75.523775,10.234618 -75.522897,10.235274 -75.522566,10.235715 -75.522318,10.236808 -75.522420,10.237463 -75.522769,10.237986 -75.523091,10.238120 -75.523531,10.238075 -75.524613,10.237667 -75.525235,10.237612 -75.525802,10.237843 -75.526591,10.238346 -75.527393,10.238521 -75.528888,10.238665 -75.529742,10.239029 -75.531355,10.239988 -75.533409,10.240655 -75.534865,10.241482 -75.535881,10.242191 -75.536957,10.242700 -75.538515,10.243147 -75.540311,10.243815 -75.541488,10.244124 -75.542315,10.244161 -75.543407,10.243947 -75.544319,10.243527 -75.546227,10.242198 -75.548291,10.240473 -75.549012,10.239513 -75.549963,10.237481 -75.551070,10.235718 -75.552517,10.234020 -75.553766,10.232201 -75.555260,10.231445 -75.556515,10.229562 -75.558331,10.227894 -75.559072,10.227680 -75.560063,10.227580 -75.560808,10.227606 -75.561722,10.227804 -75.562361,10.227830 -75.563306,10.227736 -75.564432,10.227787 -75.566344,10.227726 -75.567600,10.227559 -75.568176,10.227308 -75.569248,10.226509 -75.570124,10.226238 -75.572964,10.225027 -75.574687,10.224184 -75.576390,10.223835 -75.578294,10.223166 -75.578700,10.222927 -75.578978,10.222635 -75.579529,10.221668 -75.580226,10.220782 -75.581015,10.220263 -75.582385,10.219724 -75.583150,10.219267 -75.583273,10.219268 -75.585291,10.217473 -75.586548,10.215581 -75.587149,10.214384 -75.589099,10.212340 -75.590069,10.210993 -75.590756,10.210704 -75.590951,10.210508 -75.591158,10.210085 -75.592016,10.209635 -75.592384,10.208998 -75.592625,10.208786 -75.592913,10.208631 -75.593866,10.208414 -75.594475,10.207634 -75.594914,10.207454 -75.595043,10.207906 -75.594803,10.208421 -75.594885,10.208770 -75.594996,10.208940 -75.595268,10.208973 -75.595563,10.208903 -75.595665,10.208679 -75.595600,10.208395 -75.595668,10.208011 -75.595320,10.207807 -75.595179,10.207300 -75.595922,10.206639 -75.596904,10.205336 -75.597889,10.204709 -75.598763,10.203784 -75.599693,10.202631 -75.600248,10.202400 -75.600553,10.202124 -75.601202,10.201395 -75.601502,10.201228 -75.602318,10.200293 -75.602826,10.199987 -75.603405,10.199270 -75.603827,10.199234 -75.604584,10.198618 -75.605805,10.198419 -75.606621,10.198111 -75.607254,10.198315 -75.607445,10.198292 -75.608376,10.197801 -75.609071,10.197855 -75.609933,10.197607 -75.612587,10.197786 -75.614190,10.198238 -75.614792,10.198150 -75.615411,10.197873 -75.616227,10.197922 -75.616662,10.197852 -75.617135,10.197517 -75.617501,10.197419 -75.618119,10.197542 -75.619691,10.197435 -75.620401,10.197111 -75.621530,10.196292 -75.621820,10.196727 -75.621820,10.196990 -75.621576,10.197215 -75.621262,10.197182 -75.620965,10.197343 -75.620942,10.197406 -75.621270,10.197566 -75.621911,10.197356 -75.622582,10.196822 -75.622811,10.196878 -75.623697,10.196601 -75.623857,10.196416 -75.623834,10.196256 -75.624116,10.195894 -75.624109,10.195711 -75.623941,10.195378 -75.624002,10.194960 -75.623910,10.194703 -75.624147,10.194460 -75.624284,10.193665 -75.624192,10.193453 -75.623956,10.193527 -75.623658,10.193134 -75.623765,10.192618 -75.624414,10.190822 -75.625459,10.189908 -75.625856,10.189278 -75.626176,10.189063 -75.627717,10.188560 -75.628099,10.187784 -75.628541,10.187507 -75.628847,10.187116 -75.629411,10.185930 -75.629701,10.185780 -75.630281,10.185668 -75.630853,10.185117 -75.631075,10.184577 -75.631174,10.183931 -75.631487,10.183486 -75.631906,10.183128 -75.632067,10.183124 -75.633211,10.182534 -75.633944,10.181937 -75.634775,10.180856 -75.635431,10.180246 -75.635561,10.179920 -75.636415,10.179544 -75.637209,10.178653 -75.637644,10.178039 -75.637781,10.177517 -75.638178,10.176948 -75.638636,10.176603 -75.639033,10.176470 -75.639047,10.176722 -75.638361,10.178248 -75.637987,10.178617 -75.637933,10.179183 -75.637735,10.179333 -75.637468,10.179403 -75.636560,10.180093 -75.635973,10.180141 -75.635790,10.180566 -75.635828,10.181477 -75.635752,10.181717 -75.635545,10.181845 -75.635462,10.181775 -75.635225,10.181170 -75.635179,10.181863 -75.634943,10.183021 -75.634966,10.183428 -75.635073,10.183731 -75.635317,10.183874 -75.635522,10.183855 -75.635233,10.183025 -75.635477,10.182744 -75.635759,10.182886 -75.636301,10.183915 -75.636614,10.183984 -75.636705,10.184178 -75.637003,10.184188 -75.637079,10.184262 -75.637575,10.186616 -75.637529,10.187389 -75.637293,10.188386 -75.637323,10.188603 -75.637468,10.188505 -75.637819,10.188029 -75.638185,10.186693 -75.638757,10.185424 -75.638834,10.184474 -75.638956,10.184216 -75.639154,10.183894 -75.639398,10.183698 -75.639986,10.183432 -75.640192,10.183243 -75.640856,10.182346 -75.641420,10.181852 -75.641580,10.181605 -75.641352,10.179858 -75.640985,10.179533 -75.640924,10.179368 -75.640978,10.178961 -75.640924,10.178571 -75.640520,10.178051 -75.640192,10.176941 -75.639879,10.176758 -75.639857,10.176609 -75.639894,10.176393 -75.640002,10.176288 -75.640337,10.176326 -75.640627,10.176493 -75.640848,10.176480 -75.641001,10.176371 -75.641024,10.176182 -75.640749,10.176022 -75.640177,10.175865 -75.639261,10.175862 -75.639200,10.175604 -75.639315,10.175306 -75.640078,10.174496 -75.641611,10.173505 -75.643092,10.171551 -75.645228,10.169303 -75.645800,10.168574 -75.647913,10.166280 -75.648631,10.165366 -75.649218,10.164447 -75.649439,10.163823 -75.649698,10.163363 -75.649844,10.162950 -75.650103,10.161524 -75.651225,10.159386 -75.651759,10.157100 -75.653025,10.155291 -75.653277,10.154820 -75.654193,10.153917 -75.654940,10.152682 -75.655482,10.152170 -75.656207,10.151297 -75.656916,10.150991 -75.657642,10.150083 -75.658427,10.149604 -75.659076,10.148864 -75.659648,10.148563 -75.660167,10.147959 -75.660518,10.147385 -75.661197,10.146942 -75.661456,10.146265 -75.662517,10.145487 -75.663562,10.144435 -75.664249,10.143951 -75.665607,10.142371 -75.667247,10.140692 -75.667941,10.139601 -75.668407,10.138321 -75.668689,10.138056 -75.669917,10.137553 -75.670864,10.137425 -75.672588,10.137910 -75.673237,10.137930 -75.675052,10.138640 -75.676525,10.138880 -75.677532,10.139153 -75.679638,10.139270 -75.680409,10.139124 -75.681225,10.138679 -75.681408,10.138478 -75.681644,10.137784 -75.681789,10.137767 -75.682613,10.138473 -75.682888,10.138886 -75.682911,10.139074 -75.682713,10.139435 -75.682232,10.139661 -75.680859,10.139763 -75.680599,10.139965 -75.680347,10.140333 -75.679890,10.140501 -75.679561,10.140501 -75.678692,10.140185 -75.678234,10.140255 -75.678043,10.140399 -75.678081,10.140725 -75.678707,10.141862 -75.678714,10.142819 -75.678921,10.143282 -75.679058,10.143407 -75.679523,10.143033 -75.680073,10.143134 -75.680355,10.143025 -75.680652,10.142502 -75.680843,10.141878 -75.681637,10.141822 -75.681957,10.141616 -75.682219,10.141363 -75.682272,10.141209 -75.682526,10.141298 -75.682600,10.141035 -75.683063,10.140345 -75.683315,10.140107 -75.684216,10.139837 -75.684741,10.139821 -75.686123,10.139381 -75.686100,10.139170 -75.686260,10.139010 -75.686772,10.139059 -75.686863,10.138927 -75.686726,10.138331 -75.687001,10.138124 -75.686970,10.138016 -75.686787,10.137959 -75.685704,10.137997 -75.685185,10.137834 -75.684353,10.138260 -75.684109,10.138210 -75.683704,10.137804 -75.682774,10.137974 -75.682293,10.137507 -75.682247,10.137324 -75.682346,10.137014 -75.682278,10.136338 -75.682369,10.136011 -75.683369,10.134678 -75.684216,10.132178 -75.684452,10.131844 -75.684978,10.131441 -75.685635,10.131307 -75.688252,10.131206 -75.689457,10.130576 -75.690342,10.130327 -75.691418,10.130500 -75.691891,10.130326 -75.692349,10.130529 -75.693181,10.131130 -75.695088,10.131666 -75.696011,10.132017 -75.696820,10.132501 -75.698101,10.132834 -75.698575,10.132827 -75.698811,10.133484 -75.699269,10.134050 -75.699925,10.134558 -75.700924,10.135092 -75.701237,10.135394 -75.702130,10.136622 -75.703244,10.138565 -75.703801,10.139727 -75.704305,10.141380 -75.704389,10.141849 -75.704297,10.142348 -75.703870,10.142809 -75.703473,10.143096 -75.703328,10.143865 -75.703137,10.144214 -75.702748,10.144508 -75.701779,10.144563 -75.700909,10.144790 -75.700345,10.145188 -75.699498,10.146136 -75.699177,10.146320 -75.698529,10.146404 -75.698163,10.146605 -75.697568,10.147317 -75.697163,10.147544 -75.696599,10.147689 -75.696347,10.147838 -75.695981,10.148241 -75.695530,10.148353 -75.695210,10.148249 -75.694882,10.148331 -75.694767,10.148520 -75.694790,10.148744 -75.695210,10.149149 -75.695317,10.149343 -75.695217,10.149515 -75.694798,10.149740 -75.694073,10.149875 -75.693821,10.150019 -75.693409,10.150428 -75.693150,10.150474 -75.692608,10.149841 -75.692318,10.150293 -75.692211,10.150025 -75.692280,10.149194 -75.692364,10.149028 -75.692623,10.148832 -75.693569,10.148778 -75.693867,10.148438 -75.694096,10.147704 -75.694302,10.147491 -75.694241,10.147348 -75.693531,10.146807 -75.693356,10.146211 -75.693219,10.145232 -75.693341,10.145118 -75.693615,10.145047 -75.693958,10.145064 -75.695660,10.145773 -75.695957,10.145653 -75.696507,10.144688 -75.696812,10.144450 -75.697155,10.144313 -75.697315,10.144094 -75.697140,10.143843 -75.696934,10.143797 -75.695225,10.144199 -75.694881,10.144172 -75.694668,10.144047 -75.694569,10.143842 -75.694592,10.143656 -75.694889,10.143249 -75.695294,10.142997 -75.695797,10.142817 -75.695645,10.142583 -75.695454,10.142520 -75.694790,10.142826 -75.694180,10.142926 -75.693920,10.142813 -75.693257,10.142087 -75.692448,10.142372 -75.691990,10.142231 -75.691624,10.142243 -75.691128,10.142720 -75.690953,10.143551 -75.690945,10.144536 -75.691204,10.145699 -75.691074,10.147486 -75.691372,10.148253 -75.691342,10.148505 -75.691021,10.148850 -75.690609,10.148978 -75.690312,10.149552 -75.689960,10.149731 -75.689892,10.150023 -75.689976,10.150693 -75.689930,10.151214 -75.689671,10.151335 -75.689388,10.151193 -75.689175,10.150273 -75.689068,10.150112 -75.688740,10.150108 -75.688495,10.150378 -75.688480,10.150980 -75.688396,10.151186 -75.688099,10.151147 -75.688061,10.151210 -75.688107,10.151519 -75.688038,10.151806 -75.687840,10.151927 -75.687282,10.151889 -75.687046,10.152010 -75.686596,10.152740 -75.685749,10.153625 -75.685718,10.153906 -75.686245,10.153927 -75.686626,10.154779 -75.687794,10.155313 -75.687992,10.155519 -75.687977,10.155690 -75.687664,10.155898 -75.686016,10.156470 -75.685650,10.156826 -75.685261,10.157717 -75.684986,10.158090 -75.684513,10.158505 -75.683155,10.159248 -75.681850,10.160440 -75.681438,10.160539 -75.680500,10.160376 -75.680378,10.160264 -75.680446,10.160096 -75.681003,10.159857 -75.681507,10.159484 -75.682194,10.159533 -75.682384,10.159091 -75.682369,10.158422 -75.682438,10.158181 -75.682704,10.157944 -75.682850,10.157555 -75.683269,10.157307 -75.683506,10.157237 -75.683628,10.157305 -75.683834,10.157194 -75.684681,10.156058 -75.685642,10.155642 -75.685756,10.155458 -75.685200,10.155437 -75.684994,10.155346 -75.684719,10.155474 -75.684551,10.155462 -75.684223,10.155705 -75.682819,10.155922 -75.682773,10.156054 -75.683055,10.156305 -75.683056,10.156494 -75.682735,10.157108 -75.681957,10.158189 -75.681606,10.158894 -75.681301,10.159101 -75.681026,10.159000 -75.680637,10.158675 -75.680202,10.158579 -75.680065,10.158464 -75.679661,10.157733 -75.679348,10.157653 -75.678951,10.157782 -75.677585,10.158577 -75.676830,10.158809 -75.676487,10.158994 -75.676227,10.159390 -75.676036,10.159477 -75.675937,10.159345 -75.675815,10.159380 -75.675601,10.159816 -75.675380,10.159897 -75.675197,10.159738 -75.674984,10.159297 -75.674823,10.159137 -75.673969,10.158786 -75.673183,10.158652 -75.672183,10.158655 -75.671329,10.158767 -75.669727,10.159169 -75.669322,10.159199 -75.666484,10.159141 -75.665294,10.159231 -75.663043,10.159990 -75.660937,10.160290 -75.659381,10.160869 -75.657527,10.161874 -75.656878,10.162322 -75.656299,10.162467 -75.656070,10.162618 -75.655200,10.163577 -75.654810,10.163716 -75.654475,10.163740 -75.654139,10.163971 -75.653666,10.164843 -75.652949,10.165746 -75.652415,10.166939 -75.651362,10.167676 -75.650149,10.169182 -75.650012,10.169595 -75.650156,10.170395 -75.649874,10.170786 -75.649866,10.170924 -75.650111,10.171668 -75.650393,10.172263 -75.650576,10.172463 -75.651064,10.172563 -75.652087,10.172205 -75.652369,10.172232 -75.653460,10.172716 -75.654505,10.173399 -75.654864,10.173461 -75.655299,10.173150 -75.655390,10.173200 -75.655428,10.174203 -75.655642,10.174775 -75.655619,10.174993 -75.655199,10.175647 -75.655115,10.177126 -75.654848,10.177659 -75.654475,10.177891 -75.654276,10.177914 -75.653818,10.177714 -75.653018,10.177546 -75.652804,10.177609 -75.652217,10.177085 -75.651858,10.176949 -75.651347,10.176979 -75.650080,10.177477 -75.649134,10.177189 -75.648630,10.177253 -75.648325,10.177489 -75.648050,10.177410 -75.646792,10.178566 -75.646501,10.179220 -75.646486,10.179404 -75.646845,10.179466 -75.647173,10.179951 -75.647288,10.180478 -75.647188,10.180891 -75.646570,10.181328 -75.645899,10.182167 -75.645540,10.182294 -75.645281,10.182509 -75.644518,10.183398 -75.643953,10.183785 -75.643664,10.184466 -75.643412,10.184749 -75.642305,10.185606 -75.641741,10.185848 -75.641229,10.186190 -75.640329,10.187602 -75.639261,10.188923 -75.638986,10.189142 -75.638551,10.189258 -75.637522,10.189874 -75.636171,10.190047 -75.635370,10.190421 -75.634515,10.190317 -75.633981,10.190415 -75.632745,10.191267 -75.632524,10.191515 -75.632295,10.191979 -75.632051,10.192782 -75.631997,10.193108 -75.632128,10.194089 -75.631509,10.194749 -75.631357,10.195379 -75.630357,10.196008 -75.630235,10.196278 -75.630242,10.196678 -75.630441,10.197497 -75.630167,10.197635 -75.629556,10.197548 -75.629213,10.197765 -75.629007,10.198218 -75.629129,10.199056 -75.628922,10.199337 -75.628709,10.199424 -75.628252,10.199340 -75.627905,10.199383 -75.627272,10.199883 -75.626734,10.199913 -75.626625,10.199989 -75.626160,10.201717 -75.625405,10.202184 -75.625023,10.202122 -75.624809,10.202164 -75.624642,10.202301 -75.624487,10.202543 -75.624358,10.203338 -75.624135,10.203813 -75.623928,10.203979 -75.622670,10.204420 -75.622251,10.204913 -75.621867,10.205601 -75.621332,10.206186 -75.620440,10.208248 -75.620443,10.208700 -75.620260,10.209151 -75.619655,10.209526 -75.619438,10.209945 -75.619433,10.210190 -75.619568,10.210606 -75.620277,10.211300 -75.620435,10.211751 -75.620274,10.212049 -75.619780,10.212406 -75.619724,10.213029 -75.619202,10.213637 -75.618473,10.214800 -75.618122,10.214957 -75.617438,10.214771 -75.617045,10.214820 -75.616145,10.215155 -75.615887,10.215402 -75.615049,10.216692 -75.614738,10.216996 -75.613168,10.217490 -75.611748,10.219108 -75.611262,10.220105 -75.610957,10.220513 -75.610652,10.220759 -75.609855,10.222037 -75.609175,10.222532 -75.608526,10.223313 -75.608143,10.224240 -75.607450,10.226564 -75.606968,10.227349 -75.606615,10.228345 -75.605932,10.229457 -75.605675,10.230018 -75.605228,10.231855 -75.605185,10.232575 -75.605271,10.233706 -75.605387,10.234848 -75.605540,10.235510 -75.605491,10.235939 -75.605085,10.236798 -75.605086,10.237159 -75.605117,10.237575 -75.605551,10.238898 -75.605629,10.239481 -75.606277,10.240547 -75.607175,10.240873 -75.607702,10.241237 -75.609584,10.242931 -75.610619,10.244119 -75.611002,10.244425 -75.611745,10.244833 -75.612364,10.244991 -75.612880,10.245319 -75.613812,10.245451 -75.614310,10.245712 -75.614775,10.246127 -75.614873,10.246132 -75.615086,10.245954 -75.615595,10.245951 -75.616973,10.246436 -75.617465,10.246496 -75.618227,10.246167 -75.618483,10.246480 -75.618834,10.247353 -75.619259,10.247916 -75.619565,10.247989 -75.620241,10.247825 -75.620787,10.248274 -75.621111,10.248318 -75.621587,10.248641 -75.622007,10.249480 -75.621925,10.250314 -75.622322,10.251072 -75.622421,10.251369 -75.622370,10.251558 -75.622054,10.251930 -75.620259,10.252465 -75.619529,10.253303 -75.619281,10.253487 -75.618635,10.253702 -75.617343,10.255623 -75.616408,10.255930 -75.616597,10.256667 -75.616229,10.257068 -75.616617,10.258272 -75.616542,10.258392 -75.616467,10.258456 -75.616230,10.258371 -75.615754,10.258082 -75.615455,10.258244 -75.613987,10.258497 -75.613827,10.258789 -75.613674,10.259378 -75.613746,10.260006 -75.613493,10.260207 -75.613221,10.260300 -75.613077,10.260295 -75.612862,10.260119 -75.612251,10.259277 -75.611365,10.259030 -75.610148,10.258498 -75.608356,10.258490 -75.607911,10.258561 -75.607039,10.258891 -75.605560,10.258984 -75.605161,10.259038 -75.604873,10.259176 -75.604080,10.258968 -75.601692,10.258958 -75.600789,10.258779 -75.600586,10.258866 -75.600478,10.259049 -75.599975,10.259171 -75.599275,10.259021 -75.598433,10.259528 -75.597613,10.260766 -75.597037,10.261289 -75.596784,10.261650 -75.595961,10.262226 -75.595715,10.262765 -75.595744,10.263959 -75.595669,10.264170 -75.595433,10.264235 -75.595189,10.263990 -75.595073,10.264018 -75.594633,10.263827 -75.594303,10.263817 -75.593848,10.264076 -75.593605,10.264026 -75.593291,10.263753 -75.592099,10.263667 -75.591687,10.263321 -75.591370,10.262340 -75.591269,10.261672 -75.591146,10.261485 -75.589538,10.261440 -75.588878,10.261290 -75.588317,10.261047 -75.588125,10.260887 -75.587512,10.260771 -75.586800,10.260705 -75.585176,10.260805 -75.584272,10.261484 -75.584188,10.262061 -75.583904,10.262074 -75.583737,10.262166 -75.584988,10.262537 -75.585631,10.262883 -75.585847,10.263121 -75.586641,10.263643 -75.587018,10.263733 -75.588186,10.263710 -75.588648,10.263787 -75.589083,10.263991 -75.589245,10.263962 -75.589638,10.264074 -75.590616,10.264058 -75.591021,10.264165 -75.591171,10.264244 -75.591510,10.264922 -75.591784,10.265235 -75.592397,10.265358 -75.592618,10.265539 -75.592727,10.265499 -75.593260,10.265697 -75.593400,10.265952 -75.593940,10.266327 -75.594447,10.267159 -75.594576,10.267513 -75.594554,10.267662 -75.594999,10.267750 -75.594977,10.267905 -75.594471,10.268433 -75.594414,10.268588 -75.594637,10.269239 -75.594709,10.269764 -75.594357,10.270028 -75.593883,10.271122 -75.593784,10.272191 -75.593544,10.272809 -75.593509,10.273975 -75.593408,10.274587 -75.593456,10.274787 -75.593683,10.275088 -75.594751,10.275900 -75.594771,10.276541 -75.594899,10.276779 -75.595492,10.277251 -75.595836,10.277838 -75.595866,10.278095 -75.595673,10.279884 -75.595195,10.281561 -75.594799,10.282089 -75.594171,10.282463 -75.594091,10.282617 -75.593993,10.283950 -75.594076,10.284446 -75.594038,10.284904 -75.593964,10.285099 -75.593774,10.285225 -75.593416,10.285307 -75.593278,10.285485 -75.593454,10.286107 -75.592820,10.286424 -75.592734,10.286539 -75.592923,10.287355 -75.592920,10.287921 -75.592576,10.288476 -75.592595,10.288734 -75.592405,10.289060 -75.592191,10.289350 -75.591874,10.289575 -75.591881,10.289661 -75.592142,10.289849 -75.592063,10.290164 -75.592180,10.290347 -75.592188,10.290604 -75.592085,10.290834 -75.591599,10.290933 -75.591554,10.291066 -75.591692,10.291855 -75.591436,10.292554 -75.591050,10.292826 -75.591005,10.292974 -75.591128,10.293300 -75.591101,10.293524 -75.591026,10.293655 -75.590623,10.293847 -75.589818,10.294744 -75.589554,10.295221 -75.589292,10.295892 -75.589294,10.296070 -75.588972,10.296501 -75.588840,10.296576 -75.587827,10.296559 -75.587528,10.296829 -75.587480,10.297448 -75.587394,10.297591 -75.587256,10.297719 -75.586863,10.297857 -75.586691,10.298184 -75.586626,10.299145 -75.586431,10.299812 -75.585777,10.300513 -75.583662,10.301789 -75.581710,10.302696 -75.581022,10.303246 -75.580336,10.304069 -75.579308,10.305715 -75.578828,10.306196 -75.578414,10.306198 -75.577723,10.306064 -75.577376,10.305656 -75.576680,10.304429 -75.576539,10.303882 -75.576121,10.303132 -75.576180,10.300877 -75.576659,10.300122 -75.576934,10.299847 -75.577899,10.299570 -75.579073,10.299701 -75.579557,10.299835 -75.579832,10.299561 -75.579831,10.299356 -75.579622,10.299084 -75.579620,10.298674 -75.579825,10.298194 -75.579891,10.297510 -75.580097,10.297304 -75.580304,10.297235 -75.580095,10.296894 -75.579542,10.296760 -75.578855,10.297378 -75.578234,10.297518 -75.577408,10.297932 -75.576718,10.297935 -75.576719,10.298140 -75.576443,10.298209 -75.576166,10.297937 -75.576164,10.297596 -75.575818,10.297255 -75.575743,10.296162 -75.575878,10.295410 -75.576013,10.294863 -75.576425,10.294245 -75.576422,10.293767 -75.576626,10.293083 -75.576900,10.292672 -75.577245,10.292601 -75.578281,10.292802 -75.578626,10.292731 -75.578969,10.292389 -75.578967,10.291773 -75.578686,10.290886 -75.578680,10.289450 -75.578816,10.288936 -75.578620,10.288447 -75.578056,10.287528 -75.577924,10.287006 -75.578054,10.286897 -75.578212,10.287001 -75.578408,10.287478 -75.578555,10.287524 -75.578737,10.287462 -75.578827,10.287129 -75.578795,10.286550 -75.579003,10.286040 -75.578755,10.285540 -75.578710,10.285162 -75.578834,10.285002 -75.579145,10.284917 -75.579286,10.285038 -75.579319,10.285381 -75.579505,10.285612 -75.579419,10.286157 -75.580002,10.286916 -75.579812,10.287225 -75.579905,10.287379 -75.580532,10.287423 -75.581122,10.287941 -75.581292,10.287959 -75.581363,10.287827 -75.580626,10.286460 -75.580698,10.286133 -75.581124,10.285561 -75.581702,10.285059 -75.582225,10.284871 -75.582455,10.284619 -75.583103,10.284254 -75.583168,10.284112 -75.582486,10.283427 -75.581958,10.282426 -75.581567,10.281984 -75.581187,10.281999 -75.580716,10.282209 -75.580418,10.282031 -75.580307,10.281846 -75.580350,10.281525 -75.580563,10.281257 -75.580751,10.281195 -75.581366,10.281381 -75.581519,10.281336 -75.581473,10.281117 -75.581030,10.280657 -75.580928,10.280065 -75.580673,10.279589 -75.580483,10.278998 -75.580000,10.278198 -75.579683,10.277313 -75.579258,10.276824 -75.579052,10.275946 -75.578895,10.275664 -75.575580,10.272950 -75.574707,10.271788 -75.574105,10.271315 -75.573587,10.270677 -75.572857,10.270302 -75.570936,10.269681 -75.569255,10.269256 -75.568493,10.269161 -75.568200,10.269280 -75.568128,10.269429 -75.568226,10.269739 -75.568611,10.270119 -75.568592,10.270280 -75.568304,10.270520 -75.567669,10.270757 -75.565766,10.271101 -75.565025,10.271464 -75.564667,10.271503 -75.564193,10.271290 -75.563960,10.271002 -75.563944,10.270852 -75.564261,10.270670 -75.565054,10.270558 -75.565724,10.270309 -75.566431,10.269818 -75.566638,10.269567 -75.566674,10.269401 -75.566527,10.269296 -75.565923,10.269351 -75.563954,10.269975 -75.563609,10.269870 -75.562886,10.269070 -75.562638,10.268530 -75.562721,10.268376 -75.563227,10.268017 -75.564132,10.267665 -75.564239,10.267544 -75.564218,10.267211 -75.564095,10.267108 -75.563251,10.266938 -75.563088,10.266834 -75.562671,10.265892 -75.562597,10.264636 -75.562372,10.263969 -75.562081,10.263607 -75.561742,10.263347 -75.561227,10.263179 -75.560217,10.263238 -75.560041,10.263284 -75.559917,10.263427 -75.560016,10.263611 -75.560197,10.263669 -75.560949,10.263557 -75.561289,10.263604 -75.561657,10.263788 -75.561802,10.264111 -75.561622,10.264816 -75.561031,10.265450 -75.560800,10.265885 -75.560779,10.266464 -75.560905,10.266957 -75.560816,10.267113 -75.560487,10.267157 -75.560037,10.266949 -75.559855,10.267028 -75.559935,10.267230 -75.560550,10.267553 -75.560559,10.267880 -75.560664,10.268087 -75.561211,10.267716 -75.561304,10.267917 -75.561307,10.268467 -75.561387,10.268640 -75.562071,10.269130 -75.562135,10.269285 -75.562061,10.269738 -75.561546,10.270677 -75.559117,10.272704 -75.558326,10.273480 -75.557177,10.275208 -75.556854,10.275350 -75.556261,10.275411 -75.555690,10.275741 -75.554945,10.275894 -75.553855,10.276600 -75.552562,10.276973 -75.551280,10.277566 -75.550185,10.278238 -75.548322,10.278850 -75.547497,10.279443 -75.547089,10.279946 -75.546647,10.280311 -75.546238,10.280935 -75.545749,10.281243 -75.545433,10.281196 -75.545358,10.281023 -75.545441,10.280892 -75.545817,10.280670 -75.545806,10.279740 -75.545689,10.279579 -75.545338,10.279452 -75.545071,10.279004 -75.545502,10.278632 -75.545571,10.277869 -75.545328,10.277260 -75.544932,10.276709 -75.544594,10.276438 -75.544202,10.276253 -75.541173,10.275678 -75.540721,10.275654 -75.539770,10.275787 -75.538952,10.276215 -75.538453,10.276356 -75.536551,10.276520 -75.535026,10.276561 -75.534209,10.276816 -75.533756,10.277141 -75.533466,10.277518 -75.533202,10.278389 -75.532977,10.278744 -75.531491,10.280045 -75.531319,10.280338 -75.531318,10.280526 -75.531444,10.281054 -75.532190,10.281815 -75.532252,10.282200 -75.532439,10.282314 -75.532955,10.282415 -75.533129,10.282719 -75.533450,10.282984 -75.533543,10.283162 -75.533691,10.283908 -75.533433,10.284825 -75.533485,10.285003 -75.533643,10.285107 -75.534276,10.285201 -75.534454,10.285695 -75.534600,10.285787 -75.535715,10.285694 -75.536380,10.285445 -75.537329,10.284565 -75.537989,10.284091 -75.539136,10.283591 -75.540982,10.282928 -75.541677,10.282506 -75.542272,10.282009 -75.542854,10.281908 -75.543663,10.281969 -75.544409,10.281834 -75.544665,10.282048 -75.544588,10.282224 -75.544199,10.282487 -75.542231,10.283007 -75.540238,10.283744 -75.538197,10.284712 -75.537802,10.285055 -75.537181,10.285866 -75.536656,10.286311 -75.536162,10.286568 -75.534504,10.287146 -75.534361,10.287449 -75.534757,10.287950 -75.534715,10.288100 -75.533848,10.288032 -75.532788,10.288387 -75.531989,10.289437 -75.531699,10.289549 -75.531041,10.290101 -75.530205,10.290941 -75.529336,10.291989 -75.528424,10.292703 -75.527676,10.292889 -75.527111,10.292706 -75.526870,10.292335 -75.526868,10.292060 -75.526704,10.291998 -75.526205,10.292026 -75.526048,10.291948 -75.524536,10.289778 -75.524019,10.289652 -75.523190,10.289766 -75.523179,10.290004 -75.523762,10.291672 -75.523867,10.292439 -75.521474,10.289411</coordinates></LinearRing></outerBoundaryIs></Polygon></Placemark>
<Placemark><name>CARTAGENA, RURAL PERIFERICA</name><ExtendedData><Data name="brick_id"><value>CTG-015</value></Data><Data name="nombre"><value>RURAL PERIFERICA</value></Data><Data name="zona"><value>CARTAGENA</value></Data><Data name="ciudad"><value>CARTAGENA</value></Data><Data name="departamento"><value>BOLIVAR</value></Data><Data name="nombre_brick"><value>CARTAGENA, RURAL PERIFERICA</value></Data></ExtendedData><Polygon><outerBoundaryIs><LinearRing><coordinates>-75.444196,10.310740 -75.445044,10.310875 -75.446756,10.310936 -75.449082,10.312115 -75.450428,10.312595 -75.452915,10.313327 -75.456114,10.314482 -75.458092,10.315609 -75.459713,10.316315 -75.460968,10.316969 -75.461523,10.317382 -75.462957,10.318744 -75.463645,10.318995 -75.468237,10.319860 -75.472007,10.320482 -75.474001,10.320698 -75.475201,10.320971 -75.475928,10.320305 -75.477126,10.319777 -75.480133,10.319322 -75.482300,10.319254 -75.482311,10.316242 -75.482189,10.313227 -75.482365,10.307501 -75.482340,10.304318 -75.482450,10.302722 -75.482374,10.301175 -75.482278,10.300819 -75.481015,10.298980 -75.479982,10.297734 -75.479450,10.296598 -75.478840,10.293605 -75.478601,10.291944 -75.478471,10.290253 -75.478607,10.289803 -75.477989,10.288036 -75.477556,10.285722 -75.477534,10.285064 -75.477333,10.284415 -75.476850,10.283655 -75.475731,10.282498 -75.475499,10.282142 -75.474694,10.279557 -75.474305,10.278844 -75.474130,10.278809 -75.473237,10.279058 -75.472861,10.279021 -75.472703,10.278924 -75.472133,10.278221 -75.471090,10.276244 -75.470951,10.274942 -75.471128,10.272103 -75.471476,10.270883 -75.471766,10.270339 -75.471722,10.269937 -75.470444,10.267902 -75.470141,10.267648 -75.469538,10.267445 -75.468881,10.267345 -75.467111,10.267292 -75.466465,10.267341 -75.465055,10.267616 -75.463654,10.267615 -75.462276,10.267471 -75.460988,10.267076 -75.460140,10.266608 -75.459347,10.265882 -75.458801,10.265002 -75.458693,10.264629 -75.458740,10.264446 -75.458841,10.264297 -75.459000,10.264241 -75.459451,10.264283 -75.459877,10.264622 -75.460389,10.265370 -75.460565,10.265365 -75.460736,10.265263 -75.460860,10.265028 -75.461439,10.263505 -75.461943,10.262698 -75.462929,10.261688 -75.464713,10.260450 -75.465224,10.260481 -75.465850,10.260753 -75.466649,10.260533 -75.467006,10.260591 -75.467940,10.261421 -75.468922,10.260955 -75.470179,10.260743 -75.470538,10.260538 -75.471540,10.259715 -75.473589,10.258594 -75.474870,10.257183 -75.475318,10.256824 -75.475900,10.256630 -75.476475,10.256610 -75.476617,10.256496 -75.476985,10.255769 -75.477715,10.255382 -75.477947,10.254832 -75.478290,10.254404 -75.478959,10.254320 -75.481325,10.254916 -75.481507,10.254847 -75.482492,10.254031 -75.483978,10.253641 -75.485082,10.252568 -75.485659,10.252122 -75.486012,10.252015 -75.487443,10.252084 -75.488010,10.251421 -75.488476,10.250058 -75.488969,10.249085 -75.489294,10.248696 -75.489712,10.248445 -75.490382,10.248271 -75.491467,10.248264 -75.493476,10.249534 -75.494068,10.249726 -75.494925,10.249608 -75.496242,10.249115 -75.497591,10.249005 -75.498191,10.248876 -75.498508,10.248700 -75.499232,10.247492 -75.499649,10.246370 -75.499701,10.245607 -75.500223,10.245661 -75.500649,10.245817 -75.501714,10.246372 -75.503511,10.247060 -75.504122,10.253405 -75.504297,10.259765 -75.504534,10.261780 -75.504847,10.266821 -75.505144,10.269754 -75.505755,10.273311 -75.505931,10.280919 -75.507204,10.280800 -75.509585,10.280766 -75.511838,10.281305 -75.512827,10.279903 -75.511797,10.279167 -75.511965,10.278915 -75.513205,10.279777 -75.513037,10.278600 -75.513121,10.278432 -75.512596,10.276687 -75.511797,10.275930 -75.512364,10.275152 -75.513079,10.275636 -75.513016,10.275825 -75.514929,10.277906 -75.514782,10.278179 -75.515581,10.278621 -75.515707,10.277822 -75.518355,10.279441 -75.518124,10.279819 -75.519659,10.280555 -75.519869,10.280492 -75.520987,10.281029 -75.521130,10.280954 -75.521214,10.281101 -75.520899,10.282804 -75.521009,10.283553 -75.520962,10.283774 -75.520804,10.283963 -75.521088,10.285193 -75.520946,10.285398 -75.520930,10.285855 -75.520095,10.285808 -75.519717,10.287757 -75.521474,10.289411 -75.523867,10.292439 -75.523798,10.293307 -75.523730,10.293497 -75.523447,10.293712 -75.522964,10.293637 -75.522175,10.293146 -75.521681,10.293025 -75.520990,10.293083 -75.520625,10.293259 -75.520268,10.293693 -75.520240,10.293842 -75.520423,10.294111 -75.520338,10.294409 -75.517183,10.296667 -75.516497,10.297334 -75.516439,10.298011 -75.516745,10.298593 -75.517326,10.299230 -75.517624,10.299433 -75.518637,10.299732 -75.518634,10.300053 -75.518524,10.300187 -75.517499,10.300564 -75.517348,10.300641 -75.517292,10.300790 -75.517391,10.300915 -75.517718,10.301021 -75.518398,10.301094 -75.518498,10.301231 -75.518446,10.301375 -75.518164,10.301584 -75.517509,10.301763 -75.516724,10.301736 -75.515349,10.301986 -75.512090,10.302770 -75.511449,10.302668 -75.510399,10.302064 -75.510305,10.301939 -75.510310,10.301790 -75.510657,10.301632 -75.511652,10.301828 -75.513108,10.301486 -75.513321,10.301220 -75.513467,10.299842 -75.513697,10.299525 -75.513951,10.299338 -75.514254,10.299485 -75.514674,10.300427 -75.514962,10.300853 -75.515131,10.300870 -75.515437,10.300683 -75.515711,10.300014 -75.515764,10.299320 -75.515629,10.299246 -75.515048,10.299936 -75.514885,10.299960 -75.514615,10.299561 -75.514652,10.299039 -75.515088,10.298329 -75.515210,10.297686 -75.515101,10.297181 -75.514902,10.296926 -75.514733,10.296892 -75.514438,10.297023 -75.514590,10.297875 -75.514495,10.298381 -75.514201,10.298619 -75.513167,10.298692 -75.512842,10.298811 -75.512727,10.298950 -75.512678,10.300017 -75.512478,10.300506 -75.512153,10.300585 -75.511671,10.300566 -75.511013,10.300367 -75.510691,10.300008 -75.510620,10.299820 -75.510613,10.298994 -75.510513,10.298852 -75.509989,10.298674 -75.509425,10.298696 -75.508944,10.299608 -75.508771,10.299741 -75.508539,10.299778 -75.507737,10.299706 -75.507218,10.299551 -75.506803,10.299263 -75.506332,10.299164 -75.505932,10.299306 -75.503981,10.300961 -75.503170,10.301238 -75.502402,10.302651 -75.502324,10.302979 -75.502395,10.303156 -75.502746,10.303486 -75.502895,10.303931 -75.503129,10.304118 -75.503288,10.304380 -75.503380,10.305027 -75.503913,10.306318 -75.503881,10.307465 -75.503779,10.307788 -75.503474,10.308192 -75.503355,10.308509 -75.503269,10.309393 -75.503059,10.310038 -75.503108,10.310370 -75.503220,10.310501 -75.503692,10.310685 -75.504151,10.310744 -75.504781,10.311087 -75.505486,10.311211 -75.505737,10.311416 -75.506007,10.311798 -75.506299,10.312626 -75.506398,10.315694 -75.506542,10.316208 -75.506759,10.316527 -75.507226,10.316786 -75.507709,10.316884 -75.508545,10.316733 -75.508611,10.317053 -75.508746,10.317137 -75.509100,10.317157 -75.509522,10.316935 -75.509673,10.316933 -75.509482,10.317709 -75.509679,10.318378 -75.509657,10.318551 -75.509144,10.319014 -75.509041,10.319159 -75.508888,10.319775 -75.508519,10.320134 -75.508552,10.320627 -75.508868,10.321650 -75.508925,10.322172 -75.508668,10.322799 -75.508617,10.323718 -75.508730,10.324020 -75.508893,10.324047 -75.509339,10.323865 -75.509682,10.323879 -75.510646,10.325331 -75.510614,10.325653 -75.510100,10.326065 -75.510043,10.326233 -75.509868,10.328385 -75.509958,10.329474 -75.510306,10.330135 -75.510038,10.330752 -75.509802,10.330978 -75.509304,10.331224 -75.509445,10.331338 -75.509624,10.331313 -75.509794,10.331408 -75.509813,10.331609 -75.509635,10.331863 -75.508627,10.332287 -75.507768,10.332473 -75.507830,10.332960 -75.509015,10.332919 -75.509320,10.333277 -75.509645,10.333211 -75.509762,10.333353 -75.509901,10.333902 -75.509935,10.334607 -75.510163,10.335506 -75.509975,10.335961 -75.509715,10.336164 -75.509768,10.336341 -75.510326,10.337075 -75.510458,10.337533 -75.510420,10.337895 -75.510094,10.338563 -75.510062,10.338906 -75.483646,10.338926 -75.482246,10.338995 -75.486190,10.347680 -75.487550,10.350186 -75.474586,10.362531 -75.462451,10.348792 -75.464875,10.326984 -75.442116,10.316699 -75.442242,10.315888 -75.442395,10.312746 -75.442384,10.310199 -75.444196,10.310740</coordinates></LinearRing></outerBoundaryIs></Polygon></Placemark>
<Placemark><name>CARTAGENA, RURAL SUR</name><ExtendedData><Data name="brick_id"><value>CTG-016</value></Data><Data name="nombre"><value>RURAL SUR</value></Data><Data name="zona"><value>CARTAGENA</value></Data><Data name="ciudad"><value>CARTAGENA</value></Data><Data name="departamento"><value>BOLIVAR</value></Data><Data name="nombre_brick"><value>CARTAGENA, RURAL SUR</value></Data></ExtendedData><Polygon><outerBoundaryIs><LinearRing><coordinates>-75.290319,10.697981 -75.290184,10.697513 -75.290215,10.696437 -75.290509,10.695824 -75.290541,10.695176 -75.290743,10.694878 -75.291084,10.694660 -75.291095,10.694397 -75.290414,10.693649 -75.289351,10.692835 -75.289019,10.692372 -75.288779,10.691738 -75.288689,10.690566 -75.288702,10.689421 -75.289032,10.687754 -75.288650,10.686273 -75.288584,10.685542 -75.288739,10.684848 -75.289365,10.683462 -75.289726,10.682258 -75.289655,10.681829 -75.289237,10.681425 -75.289294,10.681151 -75.289744,10.680845 -75.289813,10.680667 -75.289819,10.680530 -75.289341,10.679743 -75.289687,10.679415 -75.290354,10.679173 -75.290469,10.678915 -75.291059,10.678672 -75.291295,10.678379 -75.291312,10.678185 -75.290911,10.677802 -75.290557,10.677654 -75.290018,10.677828 -75.289780,10.677749 -75.289703,10.677109 -75.289818,10.676839 -75.290246,10.676557 -75.290268,10.676203 -75.289901,10.675906 -75.289340,10.676011 -75.289038,10.675829 -75.288944,10.675629 -75.288961,10.675423 -75.289406,10.675073 -75.289429,10.674964 -75.289382,10.674861 -75.288982,10.674679 -75.288966,10.673598 -75.288188,10.671364 -75.287606,10.670804 -75.287192,10.669930 -75.287254,10.669318 -75.288177,10.668262 -75.288342,10.667431 -75.288735,10.666824 -75.291279,10.665240 -75.291891,10.664666 -75.291960,10.664489 -75.291931,10.664220 -75.291377,10.661623 -75.291404,10.661091 -75.291530,10.660605 -75.292390,10.659623 -75.292949,10.658608 -75.293791,10.657495 -75.294600,10.656908 -75.294965,10.656775 -75.295498,10.656711 -75.296638,10.656197 -75.298338,10.655195 -75.298778,10.655022 -75.299264,10.654608 -75.299320,10.654339 -75.299545,10.654115 -75.299614,10.653908 -75.299514,10.653377 -75.300132,10.652756 -75.300120,10.652556 -75.299701,10.652289 -75.299577,10.651948 -75.299927,10.651669 -75.299925,10.651184 -75.299700,10.650738 -75.299668,10.650501 -75.299725,10.649774 -75.299941,10.649066 -75.300125,10.648813 -75.301163,10.647903 -75.301895,10.646882 -75.302082,10.646231 -75.302090,10.645848 -75.301940,10.645423 -75.303099,10.643640 -75.303654,10.642574 -75.304466,10.641425 -75.305485,10.639425 -75.307746,10.637935 -75.308555,10.635857 -75.308991,10.635009 -75.309390,10.634589 -75.310045,10.634509 -75.310825,10.634911 -75.311181,10.635275 -75.311613,10.635484 -75.311922,10.635541 -75.312727,10.636256 -75.312972,10.636330 -75.313571,10.636120 -75.313965,10.636071 -75.314598,10.636148 -75.315328,10.636039 -75.316039,10.636308 -75.316579,10.636649 -75.317217,10.636862 -75.318271,10.636901 -75.318548,10.636350 -75.319179,10.635569 -75.319434,10.634923 -75.319493,10.634483 -75.319775,10.634090 -75.320725,10.633424 -75.321142,10.633273 -75.321678,10.633271 -75.322141,10.633172 -75.323580,10.632762 -75.323939,10.632849 -75.324710,10.632537 -75.327572,10.632598 -75.328604,10.632508 -75.329152,10.632382 -75.329230,10.631727 -75.329468,10.631012 -75.330053,10.630311 -75.330934,10.629785 -75.331294,10.629704 -75.331738,10.629779 -75.332040,10.629979 -75.332633,10.629790 -75.332804,10.629847 -75.333006,10.630305 -75.334147,10.631320 -75.334242,10.631620 -75.334234,10.632088 -75.334113,10.632397 -75.334046,10.632950 -75.334124,10.633322 -75.334352,10.633386 -75.334780,10.633293 -75.335746,10.633901 -75.336060,10.633875 -75.337050,10.633296 -75.338287,10.632857 -75.338711,10.632375 -75.339517,10.632109 -75.339990,10.632078 -75.340233,10.632513 -75.340460,10.632571 -75.340597,10.632515 -75.340737,10.631951 -75.340696,10.631009 -75.340834,10.630802 -75.341011,10.630825 -75.341818,10.631337 -75.342251,10.631277 -75.342495,10.630467 -75.343226,10.630081 -75.343302,10.629912 -75.343287,10.629394 -75.343460,10.628983 -75.343566,10.628403 -75.343539,10.628132 -75.343286,10.627448 -75.343265,10.627126 -75.343533,10.627055 -75.343789,10.627118 -75.344199,10.627301 -75.344454,10.627533 -75.344621,10.627206 -75.344766,10.626756 -75.344968,10.625269 -75.345536,10.624380 -75.345444,10.623580 -75.345975,10.622126 -75.346022,10.621551 -75.345755,10.621179 -75.345610,10.619920 -75.344617,10.620063 -75.343606,10.618987 -75.343585,10.618751 -75.343957,10.618420 -75.344079,10.617987 -75.344281,10.617633 -75.344370,10.617058 -75.344206,10.616860 -75.343351,10.616906 -75.343134,10.616871 -75.342948,10.616707 -75.342916,10.616234 -75.343382,10.615452 -75.343447,10.615115 -75.343391,10.614946 -75.343039,10.614752 -75.342408,10.614591 -75.342056,10.614374 -75.341897,10.614153 -75.341907,10.613630 -75.342244,10.612437 -75.342146,10.611597 -75.342594,10.611002 -75.342655,10.610416 -75.341432,10.609963 -75.341080,10.609906 -75.340276,10.610036 -75.340065,10.609957 -75.339925,10.609696 -75.340444,10.609525 -75.340974,10.609494 -75.341112,10.609325 -75.341182,10.608949 -75.340764,10.608512 -75.339857,10.608665 -75.339567,10.608527 -75.339568,10.608387 -75.339908,10.607797 -75.339901,10.606929 -75.340030,10.606377 -75.340196,10.606317 -75.340263,10.606463 -75.340133,10.607280 -75.340291,10.607478 -75.341106,10.607387 -75.341382,10.607044 -75.341461,10.606251 -75.341163,10.605590 -75.340884,10.605419 -75.340772,10.605075 -75.341009,10.604569 -75.342306,10.603788 -75.342925,10.603289 -75.344283,10.602914 -75.344775,10.602494 -75.344767,10.602306 -75.344992,10.602349 -75.345747,10.601892 -75.345812,10.601425 -75.345406,10.600841 -75.345357,10.600430 -75.345631,10.600330 -75.345995,10.600327 -75.346445,10.600453 -75.346630,10.600894 -75.346705,10.601712 -75.346840,10.601892 -75.347057,10.601950 -75.347286,10.601715 -75.347488,10.601153 -75.347924,10.600749 -75.348484,10.600454 -75.349408,10.600172 -75.349448,10.600104 -75.349460,10.599970 -75.349068,10.599797 -75.349141,10.599077 -75.349045,10.598884 -75.348814,10.598483 -75.347977,10.597436 -75.347987,10.596771 -75.348063,10.596473 -75.348206,10.596405 -75.349368,10.596379 -75.349579,10.596290 -75.349672,10.596076 -75.349681,10.595513 -75.350394,10.595292 -75.350499,10.594836 -75.350358,10.594570 -75.349890,10.594742 -75.349668,10.594696 -75.349538,10.594554 -75.349278,10.593359 -75.349025,10.592703 -75.348849,10.592668 -75.348626,10.592774 -75.348556,10.593038 -75.348633,10.593484 -75.348558,10.593642 -75.348415,10.593713 -75.348035,10.593599 -75.347549,10.592902 -75.347229,10.592000 -75.346195,10.590742 -75.346993,10.590674 -75.347034,10.590510 -75.346881,10.590166 -75.347466,10.590502 -75.347508,10.590158 -75.347374,10.589758 -75.347422,10.589380 -75.347765,10.589135 -75.348648,10.589094 -75.348925,10.588425 -75.348897,10.588197 -75.349120,10.588342 -75.349222,10.588325 -75.349212,10.588022 -75.349504,10.587883 -75.349370,10.587424 -75.349793,10.587180 -75.350079,10.586911 -75.350075,10.586674 -75.349951,10.586459 -75.349180,10.585722 -75.349165,10.585406 -75.349013,10.585095 -75.349101,10.584707 -75.349302,10.584466 -75.349735,10.584491 -75.349860,10.584424 -75.349979,10.583625 -75.350253,10.583531 -75.350462,10.583746 -75.350515,10.584451 -75.350692,10.584373 -75.350939,10.584065 -75.351155,10.583987 -75.351452,10.584005 -75.351560,10.584107 -75.351698,10.584757 -75.351902,10.584887 -75.352113,10.584837 -75.352508,10.584580 -75.352793,10.584594 -75.352843,10.584684 -75.353287,10.584759 -75.353600,10.584705 -75.353846,10.584509 -75.354203,10.583897 -75.354518,10.583567 -75.355464,10.582603 -75.355979,10.582256 -75.356914,10.582087 -75.357125,10.581987 -75.357520,10.581566 -75.357686,10.581506 -75.358119,10.581463 -75.358847,10.581636 -75.359499,10.581285 -75.360243,10.580635 -75.360787,10.580081 -75.361046,10.579614 -75.361735,10.579646 -75.362505,10.579376 -75.362621,10.579065 -75.362942,10.578622 -75.363089,10.577919 -75.362926,10.576589 -75.363322,10.576049 -75.363395,10.575340 -75.364031,10.574740 -75.364272,10.574285 -75.364417,10.573836 -75.364502,10.572985 -75.364791,10.572305 -75.364944,10.571579 -75.365384,10.571148 -75.366162,10.570679 -75.367170,10.569822 -75.367503,10.569701 -75.368269,10.569663 -75.368584,10.569368 -75.368724,10.568747 -75.367660,10.567253 -75.367430,10.566309 -75.367535,10.565785 -75.367881,10.565189 -75.367968,10.564806 -75.367883,10.563631 -75.368074,10.563034 -75.368051,10.562655 -75.367629,10.562317 -75.366657,10.562034 -75.366384,10.561790 -75.366531,10.560881 -75.366750,10.560233 -75.366759,10.559699 -75.367388,10.558861 -75.368191,10.558102 -75.369157,10.557577 -75.370349,10.557206 -75.370886,10.556648 -75.371545,10.556222 -75.371774,10.555631 -75.372718,10.555227 -75.373586,10.554977 -75.373834,10.554678 -75.373802,10.553728 -75.374663,10.553111 -75.375387,10.553074 -75.375936,10.552620 -75.376677,10.552428 -75.378142,10.552451 -75.379290,10.552883 -75.379916,10.552955 -75.380239,10.552782 -75.380790,10.552785 -75.381582,10.552388 -75.382167,10.552500 -75.382560,10.552320 -75.383909,10.552116 -75.385055,10.551624 -75.385397,10.551623 -75.386125,10.551300 -75.386443,10.551023 -75.387412,10.549806 -75.387809,10.549099 -75.388139,10.548932 -75.388387,10.548536 -75.388758,10.546976 -75.388666,10.545056 -75.388427,10.544622 -75.388298,10.544108 -75.387137,10.543609 -75.386929,10.543631 -75.386768,10.543781 -75.386316,10.543908 -75.385827,10.544586 -75.385486,10.544891 -75.384311,10.545216 -75.384004,10.545372 -75.383854,10.545481 -75.383526,10.546049 -75.383144,10.546303 -75.382224,10.546581 -75.381311,10.546980 -75.380674,10.547062 -75.380152,10.546956 -75.380076,10.546663 -75.379683,10.546325 -75.378979,10.546145 -75.378300,10.545864 -75.376803,10.544710 -75.376322,10.544626 -75.375575,10.544771 -75.374695,10.544614 -75.374352,10.544370 -75.373772,10.544240 -75.373272,10.543554 -75.372090,10.543117 -75.371173,10.542639 -75.370870,10.542067 -75.370845,10.541603 -75.371058,10.541006 -75.371416,10.540553 -75.371559,10.540099 -75.371412,10.539378 -75.371202,10.538875 -75.371297,10.538316 -75.371250,10.537758 -75.370882,10.536912 -75.370385,10.536372 -75.370002,10.536125 -75.369374,10.535985 -75.370150,10.534510 -75.371096,10.533189 -75.371494,10.532924 -75.372660,10.532585 -75.373245,10.532679 -75.374335,10.533117 -75.375065,10.533194 -75.376315,10.532966 -75.377733,10.532514 -75.378341,10.532478 -75.380038,10.532604 -75.380520,10.532757 -75.381129,10.533172 -75.381303,10.533390 -75.382203,10.533839 -75.382481,10.534148 -75.383049,10.534214 -75.384120,10.534176 -75.384740,10.534352 -75.385524,10.534864 -75.385983,10.535332 -75.386354,10.535583 -75.386517,10.535617 -75.387083,10.535328 -75.388324,10.535530 -75.389376,10.535510 -75.389603,10.534549 -75.390174,10.534199 -75.390639,10.534174 -75.390774,10.533889 -75.390945,10.532880 -75.390536,10.531981 -75.390546,10.531340 -75.390422,10.530647 -75.390712,10.528915 -75.391114,10.528010 -75.391225,10.528025 -75.391375,10.527888 -75.392004,10.527152 -75.392175,10.526418 -75.392492,10.525935 -75.392719,10.525112 -75.392602,10.524568 -75.392633,10.524045 -75.392704,10.524012 -75.392912,10.524537 -75.393025,10.524192 -75.393521,10.523330 -75.393570,10.522534 -75.393806,10.522023 -75.393868,10.521307 -75.393971,10.521084 -75.394260,10.520715 -75.394999,10.520077 -75.395062,10.519911 -75.395060,10.519172 -75.395339,10.517698 -75.395193,10.517332 -75.395186,10.516879 -75.395791,10.515943 -75.396551,10.516233 -75.396950,10.516179 -75.397379,10.516431 -75.397855,10.516526 -75.397995,10.516829 -75.398459,10.517349 -75.399185,10.517770 -75.400224,10.518603 -75.400132,10.520389 -75.399629,10.524472 -75.398604,10.528191 -75.398844,10.528191 -75.398974,10.528452 -75.399561,10.528224 -75.399920,10.529104 -75.399333,10.529398 -75.400099,10.531143 -75.400393,10.530914 -75.400964,10.530034 -75.401208,10.529838 -75.401404,10.529936 -75.401714,10.529463 -75.403507,10.530686 -75.401779,10.532676 -75.401322,10.533344 -75.400980,10.533507 -75.400540,10.533524 -75.399969,10.534257 -75.400507,10.534698 -75.399711,10.535820 -75.399827,10.535987 -75.400895,10.536785 -75.406335,10.537241 -75.408585,10.538095 -75.411271,10.538934 -75.412499,10.539000 -75.413651,10.538956 -75.417736,10.537517 -75.419158,10.536219 -75.420285,10.535499 -75.421111,10.535107 -75.421973,10.534808 -75.422840,10.534614 -75.424583,10.534535 -75.425931,10.534733 -75.427246,10.535127 -75.428072,10.535473 -75.431274,10.537221 -75.432498,10.537777 -75.440291,10.540465 -75.441644,10.540826 -75.442546,10.540970 -75.443389,10.540994 -75.444164,10.540889 -75.445288,10.540488 -75.446049,10.540046 -75.446792,10.539494 -75.447820,10.538570 -75.450689,10.535673 -75.451736,10.534854 -75.453617,10.533574 -75.454616,10.532764 -75.456716,10.530490 -75.457318,10.529959 -75.458336,10.529316 -75.460367,10.528363 -75.461397,10.527703 -75.462339,10.526845 -75.463865,10.525161 -75.464844,10.524219 -75.465932,10.523449 -75.466667,10.523114 -75.467815,10.522865 -75.468669,10.522847 -75.469577,10.522941 -75.471384,10.523343 -75.474886,10.524441 -75.477109,10.524990 -75.479379,10.525320 -75.481676,10.525412 -75.483508,10.525263 -75.484833,10.524980 -75.488406,10.523691 -75.490286,10.523191 -75.492629,10.522850 -75.496355,10.522544 -75.495441,10.525016 -75.494344,10.529413 -75.493584,10.532997 -75.493162,10.535813 -75.493046,10.537462 -75.492744,10.538566 -75.493050,10.540075 -75.493156,10.542062 -75.493532,10.543574 -75.493994,10.544804 -75.495602,10.547160 -75.496514,10.547683 -75.498052,10.549227 -75.498711,10.549602 -75.499271,10.550510 -75.500596,10.551024 -75.501742,10.551885 -75.503817,10.553823 -75.507584,10.556012 -75.509982,10.556439 -75.511419,10.556247 -75.511934,10.556705 -75.512889,10.558388 -75.513620,10.559144 -75.514712,10.559663 -75.515313,10.560284 -75.515371,10.560689 -75.515233,10.561158 -75.515147,10.562258 -75.514955,10.562626 -75.514139,10.563559 -75.513805,10.564171 -75.513561,10.564442 -75.513707,10.566422 -75.513686,10.568158 -75.513827,10.569049 -75.513540,10.569778 -75.513324,10.569948 -75.512724,10.570825 -75.512123,10.571533 -75.511721,10.572234 -75.511415,10.572489 -75.510914,10.572700 -75.509091,10.573046 -75.507698,10.573623 -75.506612,10.574529 -75.506260,10.574734 -75.504995,10.574825 -75.504414,10.575018 -75.503550,10.575491 -75.502440,10.575924 -75.501597,10.575973 -75.500930,10.575920 -75.500183,10.576008 -75.499546,10.576191 -75.497242,10.576100 -75.496753,10.576265 -75.496103,10.576251 -75.494850,10.576505 -75.493510,10.576511 -75.491688,10.576795 -75.490462,10.576857 -75.489493,10.577036 -75.488616,10.577091 -75.485967,10.577497 -75.485295,10.577788 -75.481975,10.578327 -75.479397,10.579297 -75.478491,10.579448 -75.477024,10.580334 -75.475601,10.580893 -75.475259,10.580979 -75.474997,10.580896 -75.471469,10.582378 -75.470637,10.582544 -75.467155,10.584139 -75.464745,10.585503 -75.463112,10.586283 -75.461764,10.587067 -75.460586,10.587602 -75.458881,10.588737 -75.456587,10.590699 -75.454344,10.592807 -75.453232,10.594126 -75.452505,10.594693 -75.450265,10.597347 -75.449738,10.598117 -75.449458,10.599438 -75.449147,10.599976 -75.449036,10.600630 -75.449058,10.601679 -75.449174,10.602282 -75.449335,10.602541 -75.449456,10.604182 -75.449721,10.605946 -75.450059,10.606486 -75.451515,10.608172 -75.452567,10.610102 -75.452722,10.610479 -75.452672,10.612076 -75.452967,10.613095 -75.454185,10.615200 -75.455106,10.615794 -75.454993,10.615992 -75.453996,10.616300 -75.453189,10.616935 -75.452816,10.617619 -75.451847,10.618999 -75.451191,10.620250 -75.450829,10.622089 -75.450865,10.622473 -75.451114,10.623431 -75.451672,10.624647 -75.451846,10.625232 -75.451734,10.625735 -75.451338,10.626431 -75.451068,10.627300 -75.450393,10.628019 -75.448778,10.628861 -75.448023,10.629596 -75.446342,10.630403 -75.445725,10.630620 -75.444691,10.630830 -75.443262,10.631489 -75.442935,10.631719 -75.442574,10.632118 -75.441983,10.633075 -75.441466,10.633581 -75.439500,10.634470 -75.438387,10.634657 -75.436290,10.635309 -75.435325,10.635366 -75.433909,10.635648 -75.431263,10.636613 -75.427894,10.638472 -75.426721,10.639375 -75.424450,10.640602 -75.423105,10.641505 -75.422613,10.641937 -75.420593,10.643137 -75.419739,10.643928 -75.418959,10.644862 -75.418098,10.646162 -75.417494,10.647266 -75.417331,10.647919 -75.417113,10.648414 -75.417046,10.649098 -75.416884,10.649325 -75.416969,10.649634 -75.416922,10.650113 -75.416420,10.651923 -75.415992,10.652300 -75.415371,10.652625 -75.413925,10.653676 -75.413051,10.654432 -75.411535,10.655133 -75.409629,10.656239 -75.406813,10.657678 -75.403522,10.659604 -75.402490,10.660111 -75.401563,10.660924 -75.400674,10.661839 -75.399773,10.662497 -75.398514,10.663245 -75.397005,10.664668 -75.396215,10.665614 -75.395966,10.666360 -75.395883,10.667696 -75.394905,10.670407 -75.394822,10.671520 -75.394959,10.672856 -75.394988,10.675639 -75.395076,10.676869 -75.394911,10.677479 -75.394425,10.677777 -75.393340,10.678062 -75.388941,10.678887 -75.379168,10.681013 -75.376229,10.681926 -75.373990,10.682497 -75.372355,10.683070 -75.364515,10.685194 -75.362645,10.685423 -75.359777,10.685442 -75.357942,10.685705 -75.356402,10.686143 -75.353220,10.686846 -75.351499,10.687008 -75.346834,10.687644 -75.345719,10.688124 -75.344506,10.688378 -75.343349,10.688578 -75.338971,10.689074 -75.333671,10.690367 -75.331942,10.690639 -75.327932,10.691499 -75.324653,10.692536 -75.322891,10.692917 -75.319893,10.693786 -75.315429,10.695288 -75.311414,10.696449 -75.309417,10.697243 -75.307688,10.698087 -75.306592,10.698280 -75.304932,10.698939 -75.302993,10.699877 -75.299306,10.701446 -75.297773,10.702224 -75.294435,10.703686 -75.293747,10.701969 -75.293333,10.701300 -75.293095,10.701101 -75.292844,10.700713 -75.292622,10.700039 -75.290506,10.698221 -75.290319,10.697981</coordinates></LinearRing></outerBoundaryIs></Polygon></Placemark>
<Placemark><name>CARTAGENA, TERNERA / SANTA LUCIA</name><ExtendedData><Data name="brick_id"><value>CTG-017</value></Data><Data name="nombre"><value>TERNERA / SANTA LUCIA</value></Data><Data name="zona"><value>CARTAGENA</value></Data><Data name="ciudad"><value>CARTAGENA</value></Data><Data name="departamento"><value>BOLIVAR</value></Data><Data name="nombre_brick"><value>CARTAGENA, TERNERA / SANTA LUCIA</value></Data></ExtendedData><Polygon><outerBoundaryIs><LinearRing><coordinates>-75.468863,10.395210 -75.467911,10.393801 -75.467102,10.392355 -75.467085,10.392173 -75.466865,10.392344 -75.466246,10.391769 -75.465144,10.392815 -75.464259,10.392143 -75.465404,10.391334 -75.464864,10.390893 -75.465793,10.389966 -75.465817,10.389804 -75.465660,10.389495 -75.465262,10.389122 -75.464261,10.388588 -75.463375,10.388391 -75.462954,10.388118 -75.462489,10.388023 -75.462172,10.387770 -75.461931,10.387313 -75.457588,10.392653 -75.451054,10.389608 -75.458090,10.380918 -75.456256,10.376410 -75.457481,10.374994 -75.458398,10.375582 -75.459007,10.374911 -75.462697,10.379090 -75.464670,10.381159 -75.465509,10.381928 -75.475753,10.388831 -75.482168,10.392660 -75.482490,10.392835 -75.482926,10.392908 -75.482965,10.393402 -75.482459,10.393450 -75.482036,10.393612 -75.471285,10.398131 -75.469665,10.398795 -75.467477,10.396826 -75.468863,10.395210</coordinates></LinearRing></outerBoundaryIs></Polygon></Placemark>
<Placemark><name>CARTAGENA, ZONA COSTERA</name><ExtendedData><Data name="brick_id"><value>CTG-018</value></Data><Data name="nombre"><value>ZONA COSTERA</value></Data><Data name="zona"><value>CARTAGENA</value></Data><Data name="ciudad"><value>CARTAGENA</value></Data><Data name="departamento"><value>BOLIVAR</value></Data><Data name="nombre_brick"><value>CARTAGENA, ZONA COSTERA</value></Data></ExtendedData><MultiGeometry><Polygon><outerBoundaryIs><LinearRing><coordinates>-75.704876,9.693801 -75.705663,9.693934 -75.705345,9.695403 -75.704933,9.696414 -75.704268,9.697631 -75.702767,9.698075 -75.701404,9.698311 -75.700453,9.697836 -75.699527,9.697520 -75.699523,9.696489 -75.699772,9.695227 -75.700601,9.694306 -75.702310,9.694022 -75.704876,9.693801</coordinates></LinearRing></outerBoundaryIs></Polygon><Polygon><outerBoundaryIs><LinearRing><coordinates>-75.852430,9.692547 -75.853962,9.693775 -75.852992,9.694102 -75.852420,9.695479 -75.851942,9.696903 -75.851320,9.697594 -75.850605,9.697874 -75.849640,9.699231 -75.848692,9.699237 -75.848361,9.697612 -75.848682,9.696922 -75.849785,9.695472 -75.852430,9.692547</coordinates></LinearRing></outerBoundaryIs></Polygon><Polygon><outerBoundaryIs><LinearRing><coordinates>-75.741986,9.736743 -75.740229,9.736754 -75.737522,9.736425 -75.740062,9.735586 -75.741146,9.735007 -75.743663,9.734053 -75.744727,9.734207 -75.745333,9.735258 -75.745959,9.735782 -75.746977,9.735867 -75.749554,9.738076 -75.750018,9.738646 -75.749514,9.739543 -75.748775,9.739799 -75.746922,9.739076 -75.743863,9.737558 -75.741986,9.736743</coordinates></LinearRing></outerBoundaryIs></Polygon><Polygon><outerBoundaryIs><LinearRing><coordinates>-75.874449,9.777996 -75.875518,9.779204 -75.876074,9.779430 -75.875824,9.780325 -75.875137,9.781636 -75.874378,9.782625 -75.872415,9.783118 -75.870518,9.783061 -75.869199,9.782862 -75.868131,9.781953 -75.867871,9.780809 -75.868003,9.779409 -75.868556,9.778787 -75.871467,9.778243 -75.874449,9.777996</coordinates></LinearRing></outerBoundaryIs></Polygon><Polygon><outerBoundaryIs><LinearRing><coordinates>-75.856878,9.786328 -75.856935,9.786251 -75.857242,9.786201 -75.857265,9.785794 -75.856839,9.785878 -75.856679,9.785649 -75.856803,9.785454 -75.856712,9.785240 -75.856766,9.785112 -75.856515,9.785017 -75.856327,9.784803 -75.856616,9.784719 -75.857148,9.784767 -75.857240,9.784608 -75.857432,9.784576 -75.857580,9.784609 -75.857754,9.784813 -75.857841,9.784600 -75.857695,9.784435 -75.857811,9.784397 -75.858032,9.784417 -75.858223,9.784587 -75.858434,9.784488 -75.858636,9.784574 -75.858877,9.784519 -75.858958,9.784677 -75.859161,9.784732 -75.859151,9.784849 -75.859459,9.785194 -75.859412,9.785523 -75.859476,9.785747 -75.859272,9.785819 -75.859420,9.785824 -75.859364,9.785975 -75.859554,9.786015 -75.859396,9.786094 -75.859457,9.786331 -75.859076,9.786419 -75.859038,9.786280 -75.858947,9.786287 -75.858872,9.786426 -75.858565,9.786540 -75.858296,9.786444 -75.857915,9.786513 -75.857752,9.786351 -75.857488,9.786572 -75.856948,9.786425 -75.856878,9.786328</coordinates></LinearRing></outerBoundaryIs></Polygon><Polygon><outerBoundaryIs><LinearRing><coordinates>-75.838718,9.797686 -75.835061,9.797227 -75.833140,9.796780 -75.828581,9.796234 -75.826773,9.795374 -75.825682,9.794464 -75.825122,9.793367 -75.825348,9.792220 -75.825322,9.791671 -75.824787,9.791032 -75.824388,9.789797 -75.826558,9.788890 -75.830099,9.789465 -75.832042,9.789454 -75.833500,9.789628 -75.834796,9.789919 -75.836273,9.789154 -75.838399,9.788775 -75.841037,9.789217 -75.843001,9.788908 -75.844874,9.788804 -75.847653,9.789590 -75.849365,9.789557 -75.853058,9.788115 -75.854422,9.787946 -75.855976,9.788991 -75.856096,9.789838 -75.855937,9.790435 -75.856312,9.791601 -75.856457,9.792792 -75.855770,9.794239 -75.855165,9.793578 -75.854878,9.791564 -75.853980,9.792462 -75.853590,9.793014 -75.852408,9.792609 -75.852019,9.793437 -75.851442,9.793738 -75.851276,9.792822 -75.850720,9.792482 -75.850305,9.792942 -75.850568,9.794705 -75.851036,9.795848 -75.852011,9.796644 -75.851946,9.797493 -75.852504,9.798130 -75.853450,9.797782 -75.854260,9.797799 -75.855006,9.799055 -75.856259,9.800125 -75.855896,9.801479 -75.853866,9.802568 -75.852298,9.803585 -75.850846,9.804786 -75.849808,9.805341 -75.848831,9.804133 -75.849195,9.802733 -75.849001,9.800902 -75.846983,9.799585 -75.845177,9.799252 -75.843536,9.799239 -75.841612,9.798357 -75.838718,9.797686</coordinates></LinearRing></outerBoundaryIs></Polygon><Polygon><outerBoundaryIs><LinearRing><coordinates>-75.779996,10.157507 -75.781319,10.158433 -75.781270,10.159351 -75.780200,10.161295 -75.779178,10.161243 -75.779461,10.158055 -75.779996,10.157507</coordinates></LinearRing></outerBoundaryIs></Polygon><Polygon><outerBoundaryIs><LinearRing><coordinates>-75.791890,10.168618 -75.790845,10.168405 -75.789685,10.168352 -75.788989,10.168050 -75.789060,10.167087 -75.789641,10.166401 -75.790337,10.166544 -75.790479,10.165741 -75.787996,10.164510 -75.787486,10.163772 -75.786979,10.162093 -75.786446,10.161310 -75.786238,10.160459 -75.786866,10.159453 -75.787820,10.158862 -75.789073,10.158411 -75.790468,10.158258 -75.791791,10.158220 -75.792720,10.158363 -75.794040,10.160323 -75.795409,10.161087 -75.796127,10.161780 -75.796358,10.162654 -75.796867,10.163736 -75.797911,10.164476 -75.798304,10.165465 -75.798208,10.167278 -75.798625,10.168199 -75.799065,10.168891 -75.799110,10.169855 -75.798390,10.169896 -75.798089,10.169757 -75.797440,10.168583 -75.795095,10.168431 -75.792564,10.168117 -75.791890,10.168618</coordinates></LinearRing></outerBoundaryIs></Polygon><Polygon><outerBoundaryIs><LinearRing><coordinates>-75.756186,10.176942 -75.755466,10.177191 -75.755117,10.177831 -75.754696,10.178999 -75.754441,10.178905 -75.754490,10.177574 -75.755771,10.175334 -75.756701,10.174535 -75.757932,10.174130 -75.758769,10.174295 -75.759975,10.174900 -75.760343,10.176256 -75.759764,10.176321 -75.759508,10.176457 -75.759090,10.175904 -75.758535,10.175418 -75.758232,10.175738 -75.758253,10.177001 -75.757762,10.178582 -75.757391,10.179084 -75.757253,10.177958 -75.756975,10.177291 -75.756186,10.176942</coordinates></LinearRing></outerBoundaryIs></Polygon><Polygon><outerBoundaryIs><LinearRing><coordinates>-75.790574,10.178389 -75.791269,10.179770 -75.790478,10.180407 -75.789595,10.180448 -75.788667,10.180374 -75.788738,10.179479 -75.790574,10.178389</coordinates></LinearRing></outerBoundaryIs></Polygon><Polygon><outerBoundaryIs><LinearRing><coordinates>-75.755485,10.179577 -75.755649,10.178844 -75.755952,10.177996 -75.756742,10.177910 -75.756834,10.178231 -75.756832,10.179195 -75.757064,10.179725 -75.757784,10.179684 -75.758808,10.178542 -75.759181,10.177488 -75.759229,10.176525 -75.759599,10.176940 -75.760064,10.177103 -75.760343,10.176852 -75.760297,10.176439 -75.760507,10.176486 -75.760343,10.176921 -75.759482,10.178064 -75.758759,10.179299 -75.758271,10.179823 -75.757388,10.180232 -75.756808,10.180251 -75.755994,10.180728 -75.755854,10.181186 -75.755320,10.180862 -75.755010,10.180378 -75.755485,10.179577</coordinates></LinearRing></outerBoundaryIs></Polygon><Polygon><outerBoundaryIs><LinearRing><coordinates>-75.748880,10.185137 -75.748230,10.185226 -75.747928,10.185086 -75.748186,10.184307 -75.748697,10.183714 -75.748722,10.182680 -75.748214,10.181301 -75.747657,10.181136 -75.747144,10.182236 -75.746911,10.182280 -75.745311,10.181903 -75.743314,10.181179 -75.741272,10.180914 -75.740713,10.181691 -75.740942,10.183070 -75.741359,10.184013 -75.740871,10.184308 -75.740521,10.185155 -75.739871,10.184808 -75.739733,10.184279 -75.739408,10.183886 -75.737901,10.183097 -75.735998,10.182259 -75.734838,10.181609 -75.733212,10.181806 -75.730933,10.183788 -75.729749,10.184194 -75.728936,10.183776 -75.728520,10.182856 -75.728010,10.182417 -75.727267,10.182113 -75.726897,10.181354 -75.727456,10.180095 -75.728527,10.178885 -75.729969,10.177700 -75.731758,10.177045 -75.732664,10.176845 -75.734266,10.176763 -75.736962,10.176137 -75.737729,10.175269 -75.738637,10.173920 -75.740078,10.173034 -75.741611,10.172585 -75.746373,10.171603 -75.747858,10.172095 -75.748995,10.172721 -75.750062,10.173646 -75.750803,10.174843 -75.750706,10.176955 -75.750936,10.178172 -75.751283,10.178887 -75.751702,10.178866 -75.751703,10.178085 -75.751288,10.176408 -75.751382,10.175696 -75.751916,10.175562 -75.752008,10.176159 -75.751984,10.176917 -75.752237,10.177583 -75.752331,10.177218 -75.752356,10.176299 -75.752822,10.175544 -75.753100,10.176143 -75.753352,10.178073 -75.753767,10.179200 -75.753813,10.179934 -75.753183,10.181377 -75.752833,10.182775 -75.753039,10.183946 -75.752645,10.183921 -75.751901,10.184077 -75.751227,10.184486 -75.750134,10.185420 -75.749600,10.185394 -75.748880,10.185137</coordinates></LinearRing></outerBoundaryIs></Polygon><Polygon><outerBoundaryIs><LinearRing><coordinates>-75.756064,10.188205 -75.756335,10.188341 -75.756058,10.189550 -75.755719,10.189414 -75.755652,10.189212 -75.755792,10.188339 -75.756064,10.188205</coordinates></LinearRing></outerBoundaryIs></Polygon><Polygon><outerBoundaryIs><LinearRing><coordinates>-75.787089,10.189504 -75.787546,10.189912 -75.787613,10.190181 -75.787409,10.190314 -75.787003,10.189977 -75.786664,10.189841 -75.786801,10.189505 -75.787089,10.189504</coordinates></LinearRing></outerBoundaryIs></Polygon><Polygon><outerBoundaryIs><LinearRing><coordinates>-75.787485,10.190683 -75.787552,10.190871 -75.787506,10.191092 -75.787372,10.191180 -75.787284,10.190826 -75.787363,10.190683 -75.787485,10.190683</coordinates></LinearRing></outerBoundaryIs></Polygon><Polygon><outerBoundaryIs><LinearRing><coordinates>-75.739946,10.233605 -75.741318,10.233130 -75.741992,10.232607 -75.743270,10.231904 -75.745987,10.232241 -75.747009,10.232225 -75.748054,10.232667 -75.747334,10.232892 -75.746265,10.232840 -75.745544,10.233295 -75.744846,10.234025 -75.745148,10.234187 -75.745589,10.233983 -75.747169,10.234153 -75.747121,10.234682 -75.746819,10.235207 -75.746794,10.235988 -75.746351,10.236536 -75.744981,10.236619 -75.743727,10.236589 -75.740617,10.235514 -75.739713,10.234475 -75.739946,10.233605</coordinates></LinearRing></outerBoundaryIs></Polygon></MultiGeometry></Placemark>
<Placemark><name>CARTAGENA, ZONA INSULAR</name><ExtendedData><Data name="brick_id"><value>CTG-019</value></Data><Data name="nombre"><value>ZONA INSULAR</value></Data><Data name="zona"><value>CARTAGENA</value></Data><Data name="ciudad"><value>CARTAGENA</value></Data><Data name="departamento"><value>BOLIVAR</value></Data><Data name="nombre_brick"><value>CARTAGENA, ZONA INSULAR</value></Data></ExtendedData><Polygon><outerBoundaryIs><LinearRing><coordinates>-75.574108,10.380654 -75.573968,10.380388 -75.573875,10.379865 -75.573880,10.379501 -75.574048,10.379070 -75.573889,10.378722 -75.573879,10.378393 -75.573731,10.377942 -75.572799,10.376999 -75.572352,10.376707 -75.571641,10.375914 -75.571521,10.375349 -75.571293,10.374896 -75.570992,10.374605 -75.570531,10.374367 -75.570631,10.373964 -75.570515,10.373659 -75.569554,10.373223 -75.568758,10.373179 -75.568600,10.373107 -75.568447,10.372809 -75.568149,10.372629 -75.567319,10.372786 -75.567133,10.372702 -75.566871,10.371918 -75.566484,10.371441 -75.565315,10.370748 -75.563671,10.369361 -75.560618,10.367751 -75.559990,10.367591 -75.559356,10.367622 -75.559199,10.367554 -75.559087,10.367395 -75.559107,10.366889 -75.559018,10.366714 -75.558563,10.366459 -75.556305,10.365474 -75.556131,10.365535 -75.556010,10.365761 -75.555961,10.366665 -75.555682,10.367048 -75.555314,10.367119 -75.554927,10.366913 -75.554319,10.366366 -75.553474,10.366057 -75.551939,10.365333 -75.551620,10.365382 -75.551262,10.365701 -75.550164,10.365783 -75.548910,10.365412 -75.547755,10.365392 -75.546411,10.365006 -75.544995,10.364906 -75.544176,10.364604 -75.543365,10.364613 -75.542841,10.364879 -75.542339,10.364701 -75.540745,10.364406 -75.540438,10.364040 -75.539869,10.361977 -75.539677,10.361666 -75.539056,10.361046 -75.537365,10.357451 -75.537291,10.356901 -75.537514,10.356446 -75.537641,10.356364 -75.537776,10.356454 -75.537989,10.356934 -75.538323,10.357298 -75.538328,10.357986 -75.538399,10.358146 -75.538968,10.358708 -75.539033,10.359568 -75.539156,10.359710 -75.539476,10.359793 -75.539685,10.359739 -75.539979,10.359414 -75.540060,10.358685 -75.540417,10.358292 -75.540480,10.358050 -75.540434,10.357528 -75.540269,10.357226 -75.540243,10.356836 -75.540490,10.355727 -75.540673,10.355432 -75.540818,10.355344 -75.540999,10.355430 -75.541544,10.356026 -75.541672,10.356805 -75.541749,10.356941 -75.542297,10.357222 -75.542394,10.357709 -75.542557,10.357742 -75.543050,10.357553 -75.543173,10.357678 -75.543283,10.358411 -75.543455,10.358782 -75.543744,10.358641 -75.544052,10.357823 -75.544305,10.357563 -75.544533,10.357750 -75.544422,10.358382 -75.544774,10.358786 -75.544978,10.358806 -75.545157,10.358730 -75.545520,10.358319 -75.545576,10.358118 -75.545502,10.357585 -75.545709,10.357319 -75.546173,10.357142 -75.548563,10.356619 -75.549292,10.356238 -75.550118,10.355633 -75.550432,10.355583 -75.550799,10.355672 -75.551225,10.355989 -75.551386,10.356497 -75.551532,10.356542 -75.551647,10.356374 -75.551771,10.355897 -75.551469,10.355263 -75.550709,10.355288 -75.550342,10.355218 -75.550066,10.354957 -75.550001,10.354757 -75.550337,10.353916 -75.551134,10.353248 -75.551277,10.353034 -75.551346,10.352236 -75.551194,10.351389 -75.551029,10.351092 -75.550578,10.350661 -75.549877,10.350129 -75.548539,10.349323 -75.546948,10.348640 -75.545707,10.348279 -75.544840,10.348179 -75.544801,10.348336 -75.546371,10.349919 -75.546674,10.350008 -75.547353,10.349868 -75.547837,10.350162 -75.548025,10.350453 -75.548344,10.351769 -75.548495,10.351789 -75.548616,10.351679 -75.548756,10.350972 -75.548871,10.350840 -75.549057,10.350843 -75.549198,10.350951 -75.549241,10.351248 -75.549352,10.351380 -75.549835,10.351495 -75.550087,10.351733 -75.549613,10.352793 -75.549436,10.354601 -75.549307,10.355159 -75.549077,10.355483 -75.548823,10.355709 -75.548087,10.355912 -75.546936,10.355878 -75.546397,10.356044 -75.545784,10.355700 -75.545073,10.355524 -75.544939,10.355412 -75.544925,10.355199 -75.545035,10.355067 -75.545399,10.354862 -75.546357,10.354663 -75.546703,10.354355 -75.546754,10.354171 -75.546680,10.353673 -75.546746,10.353282 -75.546588,10.353094 -75.546447,10.352963 -75.546244,10.352932 -75.545780,10.353103 -75.545623,10.353081 -75.545533,10.352738 -75.545740,10.352455 -75.545796,10.352151 -75.545677,10.351847 -75.545437,10.351569 -75.544876,10.351179 -75.544352,10.351035 -75.543858,10.351052 -75.543526,10.350918 -75.542736,10.351070 -75.542579,10.350996 -75.542508,10.350843 -75.542580,10.350474 -75.542537,10.350142 -75.542331,10.349835 -75.541983,10.349855 -75.541167,10.350346 -75.540529,10.350484 -75.539521,10.350156 -75.538786,10.349746 -75.538487,10.349519 -75.538211,10.349074 -75.538544,10.348589 -75.538892,10.347748 -75.539418,10.347456 -75.539556,10.347300 -75.539461,10.347002 -75.539545,10.346646 -75.540488,10.346052 -75.542331,10.345418 -75.542613,10.345169 -75.542899,10.344737 -75.542948,10.344189 -75.542844,10.343756 -75.542931,10.343219 -75.542753,10.342837 -75.542817,10.342170 -75.542592,10.341315 -75.542655,10.341119 -75.542825,10.341083 -75.543365,10.341218 -75.543813,10.341187 -75.544343,10.341316 -75.545814,10.342192 -75.546255,10.342141 -75.546841,10.341604 -75.546868,10.341476 -75.547189,10.341116 -75.547452,10.338959 -75.547383,10.338673 -75.547222,10.338479 -75.546481,10.338092 -75.546529,10.337690 -75.546638,10.337311 -75.546871,10.337042 -75.547472,10.336649 -75.548418,10.336304 -75.549366,10.336275 -75.550125,10.336155 -75.550265,10.336217 -75.550465,10.336639 -75.550754,10.336395 -75.551323,10.336263 -75.551468,10.336307 -75.551493,10.336491 -75.551340,10.336939 -75.551406,10.337254 -75.551583,10.337591 -75.552382,10.338627 -75.552572,10.339089 -75.552763,10.339139 -75.553315,10.339007 -75.554248,10.338016 -75.554693,10.337680 -75.554913,10.337602 -75.555221,10.337622 -75.555700,10.337910 -75.555835,10.338052 -75.555807,10.338201 -75.554616,10.338959 -75.554264,10.339324 -75.554250,10.339697 -75.554334,10.340040 -75.554540,10.340405 -75.555001,10.340636 -75.554956,10.340785 -75.554812,10.340896 -75.554927,10.341479 -75.554892,10.341826 -75.555098,10.342277 -75.555239,10.342355 -75.556039,10.342494 -75.556398,10.342393 -75.556526,10.342277 -75.556576,10.342093 -75.556555,10.341715 -75.556646,10.341375 -75.556790,10.341242 -75.556930,10.341332 -75.557007,10.341470 -75.556919,10.342113 -75.556967,10.342336 -75.557444,10.343059 -75.557396,10.343610 -75.557230,10.343934 -75.557199,10.344318 -75.557675,10.345701 -75.557857,10.345992 -75.558020,10.346070 -75.558571,10.345881 -75.558732,10.345741 -75.559041,10.345148 -75.559204,10.345105 -75.559524,10.345940 -75.560046,10.345751 -75.560854,10.345037 -75.561273,10.344425 -75.561449,10.343918 -75.561287,10.342629 -75.561108,10.341994 -75.560765,10.341293 -75.560781,10.341109 -75.561028,10.340624 -75.561000,10.340218 -75.560766,10.339933 -75.559824,10.339857 -75.559678,10.339801 -75.559613,10.339641 -75.559956,10.338966 -75.559955,10.338772 -75.559679,10.338465 -75.559729,10.338120 -75.559640,10.337932 -75.559488,10.337831 -75.559434,10.337647 -75.559864,10.336926 -75.559609,10.336229 -75.559629,10.335890 -75.559768,10.335831 -75.560339,10.336003 -75.561030,10.335870 -75.560735,10.336119 -75.560606,10.336723 -75.560308,10.337163 -75.560269,10.337467 -75.560364,10.337661 -75.561460,10.338722 -75.561653,10.339000 -75.561956,10.339812 -75.562256,10.340267 -75.562402,10.340341 -75.562558,10.340242 -75.562608,10.339892 -75.563085,10.339290 -75.562982,10.338769 -75.562998,10.338602 -75.563108,10.338481 -75.563410,10.338523 -75.563785,10.338892 -75.563989,10.338948 -75.564048,10.339097 -75.563901,10.339557 -75.564043,10.340627 -75.563696,10.342203 -75.563756,10.342512 -75.564076,10.343237 -75.564323,10.343619 -75.564791,10.343946 -75.565285,10.344062 -75.566378,10.344091 -75.567115,10.343945 -75.568046,10.343414 -75.568570,10.342823 -75.568771,10.342500 -75.569055,10.341728 -75.569315,10.341491 -75.570590,10.341110 -75.571380,10.341085 -75.571732,10.340742 -75.573537,10.339760 -75.574685,10.337953 -75.575697,10.336611 -75.575917,10.335921 -75.576269,10.335539 -75.576611,10.335461 -75.577380,10.335739 -75.577594,10.335635 -75.578606,10.335750 -75.578827,10.335684 -75.579373,10.334921 -75.579407,10.334176 -75.578959,10.333251 -75.577908,10.331949 -75.577498,10.331632 -75.577415,10.331455 -75.577371,10.331060 -75.577894,10.329960 -75.577610,10.329426 -75.577600,10.329233 -75.576924,10.328612 -75.576167,10.328539 -75.575969,10.328381 -75.575285,10.328144 -75.575094,10.327876 -75.575046,10.327325 -75.575234,10.326782 -75.576101,10.325963 -75.576561,10.325236 -75.576584,10.325093 -75.576379,10.324945 -75.576830,10.324567 -75.577260,10.324934 -75.577562,10.324834 -75.579124,10.323190 -75.579582,10.322969 -75.580216,10.322978 -75.580703,10.322816 -75.581254,10.322326 -75.581565,10.321937 -75.581612,10.321826 -75.581539,10.321696 -75.581192,10.321704 -75.581049,10.321461 -75.581115,10.320994 -75.581303,10.320617 -75.581532,10.320424 -75.581858,10.320291 -75.582677,10.320504 -75.582344,10.320202 -75.581832,10.320075 -75.581380,10.320150 -75.580696,10.320455 -75.580533,10.320399 -75.580656,10.319778 -75.580601,10.319394 -75.580767,10.319123 -75.581109,10.318993 -75.581434,10.318985 -75.581496,10.318685 -75.581890,10.318606 -75.582813,10.319916 -75.583377,10.319962 -75.583669,10.320114 -75.583923,10.320095 -75.584220,10.320265 -75.584886,10.320307 -75.585491,10.320744 -75.586227,10.320924 -75.586860,10.320501 -75.587087,10.320598 -75.587285,10.320803 -75.587534,10.321740 -75.587842,10.321888 -75.588548,10.321952 -75.589320,10.322280 -75.589655,10.322301 -75.590100,10.322184 -75.590702,10.322147 -75.591027,10.322185 -75.591280,10.322921 -75.591490,10.323047 -75.591671,10.323349 -75.591707,10.323629 -75.591623,10.324088 -75.591244,10.324467 -75.591062,10.324949 -75.591108,10.325841 -75.591390,10.326618 -75.591854,10.326827 -75.591971,10.326953 -75.591884,10.327870 -75.592050,10.328475 -75.592197,10.328778 -75.592556,10.328907 -75.592843,10.329313 -75.592927,10.329753 -75.593237,10.330444 -75.593519,10.331895 -75.593463,10.332250 -75.592823,10.333514 -75.592985,10.334509 -75.592740,10.335094 -75.592731,10.335403 -75.592538,10.336103 -75.591486,10.338141 -75.591298,10.339521 -75.591506,10.340368 -75.592130,10.341067 -75.592336,10.341587 -75.592189,10.342200 -75.592407,10.342709 -75.592387,10.344146 -75.592643,10.345300 -75.592771,10.346353 -75.592965,10.346792 -75.593066,10.347296 -75.592986,10.347525 -75.592549,10.347871 -75.592464,10.348043 -75.592495,10.348478 -75.592392,10.348708 -75.591908,10.349060 -75.591603,10.350241 -75.591171,10.350592 -75.591011,10.350845 -75.590471,10.352439 -75.590423,10.354002 -75.590600,10.354545 -75.591541,10.354958 -75.591681,10.355191 -75.591776,10.355661 -75.592369,10.355972 -75.592428,10.356240 -75.592360,10.356458 -75.591672,10.356589 -75.591523,10.356817 -75.591473,10.357116 -75.591812,10.357635 -75.591919,10.358057 -75.591891,10.358258 -75.591588,10.358741 -75.590976,10.359145 -75.590641,10.359227 -75.589952,10.359116 -75.589646,10.359175 -75.589336,10.359761 -75.589059,10.360805 -75.587662,10.361339 -75.586334,10.362742 -75.586179,10.362972 -75.586151,10.363167 -75.586217,10.363516 -75.586566,10.363812 -75.586608,10.364001 -75.586632,10.364126 -75.586397,10.364471 -75.586510,10.364929 -75.586396,10.365221 -75.585753,10.366060 -75.585211,10.366476 -75.584876,10.366522 -75.583969,10.366365 -75.583394,10.366402 -75.583029,10.366479 -75.582711,10.366649 -75.581429,10.367477 -75.580214,10.369108 -75.579584,10.370186 -75.579179,10.371165 -75.579148,10.372405 -75.578640,10.372865 -75.578566,10.373025 -75.578643,10.373764 -75.578569,10.374079 -75.578620,10.374584 -75.578966,10.375734 -75.578883,10.376256 -75.578448,10.377035 -75.578511,10.377654 -75.578666,10.377986 -75.578801,10.378711 -75.578739,10.379442 -75.578405,10.379821 -75.578441,10.379859 -75.578075,10.380119 -75.576480,10.380465 -75.576091,10.380752 -75.575760,10.381138 -75.575457,10.381293 -75.574608,10.381064 -75.574108,10.380654</coordinates></LinearRing></outerBoundaryIs></Polygon></Placemark>
<Placemark><name>MEDELLIN, ARANJUEZ - 4</name><ExtendedData><Data name="brick_id"><value>MED-001</value></Data><Data name="nombre"><value>ARANJUEZ - 4</value></Data><Data name="zona"><value>MEDELLIN</value></Data><Data name="ciudad"><value>MEDELLIN</value></Data><Data name="departamento"><value>ANTIOQUIA</value></Data><Data name="nombre_brick"><value>MEDELLIN, ARANJUEZ - 4</value></Data></ExtendedData><Polygon><outerBoundaryIs><LinearRing><coordinates>-75.555635,6.288574 -75.555205,6.288104 -75.554942,6.287942 -75.554887,6.287682 -75.554685,6.287620 -75.554580,6.287332 -75.554414,6.287214 -75.554076,6.287142 -75.553921,6.286851 -75.553027,6.286797 -75.552842,6.286443 -75.552642,6.286305 -75.552879,6.282336 -75.552602,6.281493 -75.554945,6.268182 -75.555612,6.262335 -75.555864,6.261569 -75.556004,6.261418 -75.556283,6.261399 -75.557216,6.262219 -75.558015,6.262343 -75.558307,6.262226 -75.557674,6.263098 -75.563261,6.264083 -75.564053,6.263920 -75.564262,6.263943 -75.572090,6.265174 -75.568548,6.280812 -75.568334,6.283281 -75.568169,6.283791 -75.567886,6.284227 -75.567417,6.284443 -75.566612,6.285129 -75.566132,6.285845 -75.565801,6.286800 -75.565479,6.288721 -75.565114,6.289465 -75.563892,6.290754 -75.563388,6.291422 -75.563334,6.291710 -75.562428,6.291300 -75.562099,6.291274 -75.561888,6.291062 -75.561299,6.291212 -75.560922,6.290924 -75.560409,6.290860 -75.560161,6.289931 -75.559970,6.289842 -75.559742,6.289890 -75.559646,6.289799 -75.559653,6.289646 -75.559854,6.289396 -75.559720,6.289228 -75.559346,6.289257 -75.559143,6.289123 -75.558821,6.289116 -75.558265,6.288917 -75.557992,6.289052 -75.557857,6.289320 -75.557668,6.289325 -75.557398,6.289063 -75.556088,6.289084 -75.555947,6.288937 -75.555780,6.288919 -75.555635,6.288574</coordinates></LinearRing></outerBoundaryIs></Polygon></Placemark>
<Placemark><name>MEDELLIN, BELEN - 16</name><ExtendedData><Data name="brick_id"><value>MED-002</value></Data><Data name="nombre"><value>BELEN - 16</value></Data><Data name="zona"><value>MEDELLIN</value></Data><Data name="ciudad"><value>MEDELLIN</value></Data><Data name="departamento"><value>ANTIOQUIA</value></Data><Data name="nombre_brick"><value>MEDELLIN, BELEN - 16</value></Data></ExtendedData><Polygon><outerBoundaryIs><LinearRing><coordinates>-75.575756,6.234519 -75.575660,6.233702 -75.575627,6.231344 -75.576505,6.231603 -75.576747,6.232000 -75.576709,6.232402 -75.576866,6.232447 -75.578081,6.232635 -75.580671,6.233202 -75.582705,6.233299 -75.582766,6.231787 -75.589735,6.231595 -75.590158,6.231398 -75.590381,6.231103 -75.590713,6.229602 -75.591002,6.229284 -75.591387,6.229104 -75.591277,6.227630 -75.591324,6.226265 -75.594355,6.210509 -75.594338,6.210015 -75.594043,6.209331 -75.594488,6.209921 -75.595103,6.211107 -75.595199,6.210852 -75.595352,6.210731 -75.596665,6.210190 -75.597138,6.210205 -75.597730,6.210482 -75.597743,6.210182 -75.597899,6.209931 -75.597755,6.208559 -75.597924,6.206905 -75.597825,6.206267 -75.597291,6.205334 -75.597969,6.204613 -75.598209,6.204563 -75.598653,6.204659 -75.598866,6.204485 -75.598915,6.204405 -75.598609,6.204058 -75.598384,6.203588 -75.597934,6.203267 -75.598908,6.203136 -75.599224,6.202776 -75.599124,6.202711 -75.598889,6.202798 -75.598846,6.202700 -75.599359,6.202329 -75.599621,6.202023 -75.599074,6.201104 -75.598561,6.200729 -75.598375,6.200437 -75.598153,6.199979 -75.598335,6.199667 -75.598715,6.200007 -75.599105,6.200160 -75.599970,6.200138 -75.600794,6.200197 -75.601256,6.200313 -75.601507,6.200258 -75.601717,6.200033 -75.602160,6.199774 -75.602428,6.199897 -75.602581,6.200065 -75.602866,6.200141 -75.603013,6.200089 -75.603383,6.201080 -75.603395,6.201401 -75.603517,6.201667 -75.603745,6.201819 -75.603789,6.202295 -75.604072,6.202738 -75.604022,6.203005 -75.604380,6.202958 -75.604759,6.203220 -75.605221,6.203375 -75.605457,6.203008 -75.605901,6.202759 -75.605807,6.202472 -75.606356,6.202433 -75.606443,6.202992 -75.606762,6.202999 -75.606689,6.203357 -75.606841,6.203514 -75.606823,6.203726 -75.607307,6.203849 -75.607719,6.204217 -75.607947,6.204174 -75.607912,6.204366 -75.608294,6.204567 -75.608360,6.204790 -75.608468,6.204877 -75.609319,6.205163 -75.609743,6.205423 -75.609723,6.205558 -75.609892,6.205639 -75.610167,6.205518 -75.610574,6.205653 -75.610830,6.205508 -75.610473,6.205856 -75.610263,6.205649 -75.609984,6.205667 -75.609869,6.205750 -75.609945,6.205922 -75.609400,6.205881 -75.609271,6.206129 -75.608690,6.205930 -75.608118,6.206152 -75.607532,6.206128 -75.606877,6.205644 -75.606738,6.205663 -75.606521,6.205950 -75.606214,6.205819 -75.606043,6.205847 -75.605963,6.206190 -75.605987,6.206744 -75.606370,6.207153 -75.606986,6.207339 -75.607156,6.207478 -75.607238,6.207905 -75.607115,6.208652 -75.607023,6.208821 -75.606841,6.209009 -75.606201,6.209245 -75.606024,6.209577 -75.606219,6.209614 -75.606567,6.209391 -75.606855,6.209448 -75.607073,6.209379 -75.607225,6.209209 -75.607472,6.209164 -75.607561,6.209665 -75.608097,6.209332 -75.608285,6.209445 -75.608756,6.209460 -75.608015,6.209701 -75.607664,6.210116 -75.606935,6.210289 -75.606672,6.210160 -75.606146,6.210489 -75.605448,6.210637 -75.605057,6.210966 -75.604850,6.210996 -75.604472,6.211232 -75.604787,6.211671 -75.604179,6.212120 -75.604725,6.212907 -75.605037,6.213009 -75.605522,6.213409 -75.604873,6.214163 -75.605327,6.215177 -75.604927,6.216098 -75.604538,6.216177 -75.603819,6.216501 -75.603417,6.216405 -75.603115,6.216117 -75.603085,6.216237 -75.603226,6.216421 -75.603575,6.216638 -75.604021,6.216650 -75.604400,6.216549 -75.604717,6.216591 -75.604871,6.217031 -75.605263,6.217428 -75.605570,6.217480 -75.605920,6.217334 -75.606082,6.217343 -75.606707,6.217989 -75.607170,6.218145 -75.607657,6.218437 -75.607797,6.218422 -75.608368,6.217853 -75.609333,6.218639 -75.610018,6.218687 -75.610557,6.218525 -75.610702,6.218683 -75.610962,6.218744 -75.612194,6.218869 -75.611888,6.219128 -75.611629,6.219226 -75.610982,6.219799 -75.610614,6.220407 -75.610841,6.221136 -75.611669,6.221014 -75.612004,6.221220 -75.612286,6.221622 -75.612497,6.221734 -75.612269,6.222209 -75.611855,6.222563 -75.612189,6.222997 -75.611922,6.222988 -75.611870,6.223073 -75.611433,6.222795 -75.611052,6.223111 -75.611682,6.223826 -75.611713,6.224046 -75.611612,6.224199 -75.611300,6.224300 -75.611176,6.224459 -75.611479,6.224742 -75.611545,6.224900 -75.611312,6.225020 -75.611225,6.225222 -75.611032,6.225360 -75.610395,6.225067 -75.610183,6.225212 -75.610127,6.225395 -75.609954,6.225394 -75.609732,6.224941 -75.609484,6.225205 -75.609559,6.225811 -75.609857,6.226582 -75.609752,6.226604 -75.609584,6.226490 -75.609435,6.226549 -75.609596,6.226995 -75.609866,6.227094 -75.609684,6.227967 -75.609782,6.228116 -75.609774,6.228605 -75.609885,6.229055 -75.610243,6.229286 -75.610611,6.229237 -75.610820,6.228300 -75.610960,6.228056 -75.611241,6.227887 -75.611333,6.228035 -75.611541,6.228115 -75.611925,6.228012 -75.612178,6.227601 -75.612129,6.227102 -75.612249,6.227007 -75.612564,6.226966 -75.612669,6.226801 -75.612949,6.226939 -75.613003,6.226853 -75.613588,6.227177 -75.614156,6.227355 -75.614291,6.227278 -75.614377,6.227496 -75.614597,6.227527 -75.615304,6.227992 -75.615441,6.227889 -75.615860,6.227921 -75.616045,6.228283 -75.616178,6.228351 -75.615450,6.228805 -75.615166,6.228875 -75.615139,6.228955 -75.616324,6.230248 -75.615526,6.230406 -75.615152,6.230401 -75.614934,6.230717 -75.614782,6.230629 -75.614551,6.230675 -75.614186,6.230788 -75.613896,6.230999 -75.615109,6.231203 -75.615355,6.231177 -75.615866,6.231540 -75.615934,6.231510 -75.616041,6.231652 -75.616019,6.231796 -75.615798,6.232046 -75.615779,6.232553 -75.615658,6.232880 -75.615480,6.232848 -75.615442,6.233237 -75.615375,6.233230 -75.615379,6.233399 -75.615518,6.233579 -75.615521,6.233861 -75.614834,6.233806 -75.614868,6.234540 -75.615846,6.234579 -75.616665,6.234926 -75.617324,6.235028 -75.618416,6.235737 -75.618963,6.235838 -75.620306,6.235660 -75.621148,6.235941 -75.621649,6.235970 -75.622409,6.235833 -75.622794,6.235512 -75.622657,6.235839 -75.622365,6.236034 -75.622052,6.236531 -75.621923,6.236521 -75.621712,6.236323 -75.620799,6.236859 -75.619900,6.236766 -75.619309,6.237044 -75.619142,6.237302 -75.618994,6.237337 -75.618392,6.236824 -75.618023,6.237007 -75.617753,6.236793 -75.617435,6.236995 -75.616640,6.236660 -75.615995,6.236562 -75.615611,6.236665 -75.614630,6.236102 -75.614619,6.236660 -75.614301,6.236768 -75.613003,6.236295 -75.612565,6.237147 -75.612674,6.237295 -75.612652,6.237766 -75.613347,6.238643 -75.613512,6.239002 -75.614063,6.239280 -75.613888,6.239426 -75.614082,6.239661 -75.614038,6.240155 -75.613921,6.240402 -75.612343,6.239445 -75.611964,6.238700 -75.611732,6.237885 -75.611579,6.237674 -75.607361,6.237456 -75.599850,6.237709 -75.600040,6.238276 -75.600200,6.238504 -75.600235,6.238842 -75.577512,6.239649 -75.575756,6.234519</coordinates></LinearRing></outerBoundaryIs></Polygon></Placemark>
<Placemark><name>MEDELLIN, BUENOS AIRES - 9</name><ExtendedData><Data name="brick_id"><value>MED-003</value></Data><Data name="nombre"><value>BUENOS AIRES - 9</value></Data><Data name="zona"><value>MEDELLIN</value></Data><Data name="ciudad"><value>MEDELLIN</value></Data><Data name="departamento"><value>ANTIOQUIA</value></Data><Data name="nombre_brick"><value>MEDELLIN, BUENOS AIRES - 9</value></Data></ExtendedData><Polygon><outerBoundaryIs><LinearRing><coordinates>-75.525930,6.229523 -75.526308,6.229633 -75.526878,6.229583 -75.526910,6.229519 -75.527441,6.229777 -75.527521,6.229732 -75.527545,6.229577 -75.527937,6.229640 -75.528266,6.229457 -75.528289,6.229344 -75.528007,6.229114 -75.527881,6.228690 -75.527881,6.228474 -75.528070,6.228112 -75.528067,6.227672 -75.527881,6.227402 -75.527969,6.227376 -75.528237,6.227532 -75.528449,6.227890 -75.528611,6.227947 -75.528960,6.227860 -75.529283,6.227292 -75.529428,6.227285 -75.529688,6.227631 -75.530206,6.228046 -75.530780,6.227738 -75.531037,6.227313 -75.531626,6.227280 -75.532000,6.227067 -75.532150,6.227061 -75.532310,6.227221 -75.532265,6.227895 -75.532368,6.228085 -75.532544,6.228105 -75.532950,6.227954 -75.533235,6.227980 -75.533780,6.228311 -75.533921,6.228251 -75.533992,6.228109 -75.534101,6.228514 -75.534578,6.228760 -75.534818,6.228557 -75.535097,6.228634 -75.535477,6.228533 -75.536184,6.228061 -75.536390,6.227729 -75.537010,6.227718 -75.537234,6.227662 -75.537336,6.227480 -75.537606,6.227511 -75.538174,6.227361 -75.538407,6.227477 -75.538673,6.227445 -75.539639,6.228363 -75.539738,6.228182 -75.539774,6.227789 -75.539631,6.227632 -75.539560,6.227312 -75.540018,6.227406 -75.540204,6.227310 -75.540323,6.227022 -75.540456,6.226088 -75.539990,6.225638 -75.539525,6.225377 -75.539071,6.224768 -75.539497,6.224944 -75.539918,6.224682 -75.539943,6.224547 -75.540469,6.224628 -75.540586,6.224745 -75.540866,6.224808 -75.541249,6.225247 -75.541368,6.225116 -75.541321,6.224978 -75.541575,6.224958 -75.541859,6.224722 -75.542112,6.224684 -75.542459,6.224312 -75.542690,6.224649 -75.542922,6.224736 -75.543124,6.224722 -75.543217,6.224625 -75.543320,6.224702 -75.543398,6.224501 -75.543604,6.224465 -75.543853,6.224898 -75.544408,6.224930 -75.544563,6.225040 -75.544868,6.225067 -75.545121,6.225532 -75.545519,6.225729 -75.545929,6.225629 -75.546060,6.225515 -75.546267,6.225760 -75.546347,6.225755 -75.546670,6.225218 -75.546863,6.225502 -75.547270,6.225623 -75.547394,6.225885 -75.547816,6.225996 -75.547948,6.226310 -75.548264,6.226231 -75.548428,6.226336 -75.548734,6.226048 -75.548953,6.226040 -75.548844,6.226327 -75.548868,6.227605 -75.548801,6.228193 -75.548640,6.228479 -75.548665,6.228906 -75.548844,6.229487 -75.549106,6.229448 -75.549794,6.229628 -75.550286,6.229449 -75.550773,6.229046 -75.550947,6.229038 -75.550953,6.228667 -75.551215,6.228207 -75.551608,6.226917 -75.551740,6.226390 -75.551730,6.226100 -75.551873,6.226261 -75.551902,6.226536 -75.551991,6.226587 -75.551854,6.226654 -75.551862,6.226730 -75.552226,6.226729 -75.552470,6.227072 -75.553013,6.227234 -75.553007,6.227329 -75.553150,6.227405 -75.553273,6.227327 -75.553338,6.227421 -75.553939,6.227396 -75.554023,6.227107 -75.554107,6.227395 -75.554489,6.227333 -75.554794,6.226801 -75.555081,6.226594 -75.555194,6.226677 -75.555484,6.226637 -75.555916,6.227008 -75.556245,6.226474 -75.556314,6.226102 -75.559307,6.226174 -75.559248,6.224451 -75.559550,6.223129 -75.559719,6.222968 -75.560272,6.223139 -75.560646,6.222843 -75.560707,6.222679 -75.560663,6.222434 -75.560338,6.221887 -75.559260,6.221102 -75.558993,6.220735 -75.557679,6.219666 -75.557108,6.219308 -75.556190,6.219115 -75.555370,6.218468 -75.555623,6.218179 -75.555659,6.217835 -75.556149,6.217541 -75.556312,6.217272 -75.556643,6.216994 -75.557631,6.216546 -75.557719,6.216355 -75.557833,6.216320 -75.557890,6.216189 -75.557404,6.215167 -75.557459,6.214840 -75.557630,6.214631 -75.557958,6.214533 -75.558265,6.214581 -75.563206,6.215676 -75.563500,6.215862 -75.564268,6.216615 -75.564374,6.216955 -75.564425,6.217719 -75.564603,6.217992 -75.564873,6.218109 -75.565623,6.218107 -75.565925,6.218292 -75.566029,6.218492 -75.566046,6.219162 -75.566361,6.220176 -75.566266,6.220427 -75.565662,6.220883 -75.565452,6.221268 -75.565067,6.223771 -75.565301,6.225110 -75.564872,6.225818 -75.564783,6.226166 -75.564941,6.226515 -75.565363,6.227088 -75.565693,6.227494 -75.566395,6.228116 -75.566561,6.228401 -75.566419,6.229904 -75.565691,6.230999 -75.565616,6.231223 -75.565669,6.231416 -75.566698,6.232855 -75.567234,6.233462 -75.566483,6.234067 -75.565790,6.234377 -75.565327,6.234291 -75.565206,6.234107 -75.564815,6.233959 -75.564156,6.234767 -75.563919,6.235565 -75.563557,6.236025 -75.563372,6.236407 -75.563063,6.236711 -75.562792,6.237647 -75.562883,6.238610 -75.563688,6.240037 -75.564118,6.240537 -75.563200,6.241583 -75.562538,6.241995 -75.562473,6.242117 -75.561854,6.242403 -75.561127,6.242286 -75.560671,6.241946 -75.560284,6.241970 -75.559758,6.242500 -75.558240,6.243645 -75.557817,6.244471 -75.557575,6.244331 -75.556492,6.245349 -75.556304,6.245037 -75.555930,6.246032 -75.555619,6.245562 -75.555034,6.245067 -75.554096,6.243926 -75.553814,6.243186 -75.553659,6.243078 -75.552615,6.242826 -75.551407,6.242667 -75.550912,6.242621 -75.549969,6.242695 -75.549320,6.242586 -75.549003,6.242397 -75.548730,6.242084 -75.548131,6.242023 -75.547836,6.241843 -75.547689,6.241503 -75.547428,6.241208 -75.547143,6.240575 -75.546971,6.240391 -75.546358,6.240196 -75.545526,6.240151 -75.545233,6.239994 -75.544961,6.239634 -75.544989,6.238930 -75.544865,6.238544 -75.544547,6.238146 -75.544484,6.237848 -75.544171,6.237474 -75.544074,6.237223 -75.543134,6.236981 -75.542442,6.236711 -75.542170,6.236500 -75.541613,6.235834 -75.541227,6.235048 -75.540960,6.234850 -75.540512,6.234827 -75.540074,6.234345 -75.539763,6.233621 -75.539374,6.233339 -75.539294,6.232910 -75.538945,6.232345 -75.538807,6.232327 -75.538377,6.232657 -75.538011,6.232641 -75.537229,6.232390 -75.537029,6.232154 -75.536017,6.231679 -75.535678,6.231822 -75.535310,6.232144 -75.534886,6.232243 -75.534445,6.232140 -75.534065,6.231919 -75.533597,6.231022 -75.533278,6.230815 -75.532453,6.230611 -75.531686,6.229974 -75.531406,6.229981 -75.530869,6.230188 -75.529526,6.230246 -75.528359,6.230772 -75.528141,6.230513 -75.527361,6.230417 -75.526859,6.229833 -75.526234,6.229761 -75.525990,6.229636 -75.525737,6.229647 -75.525930,6.229523</coordinates></LinearRing></outerBoundaryIs></Polygon></Placemark>
<Placemark><name>MEDELLIN, CASTILLA - 5</name><ExtendedData><Data name="brick_id"><value>MED-004</value></Data><Data name="nombre"><value>CASTILLA - 5</value></Data><Data name="zona"><value>MEDELLIN</value></Data><Data name="ciudad"><value>MEDELLIN</value></Data><Data name="departamento"><value>ANTIOQUIA</value></Data><Data name="nombre_brick"><value>MEDELLIN, CASTILLA - 5</value></Data></ExtendedData><Polygon><outerBoundaryIs><LinearRing><coordinates>-75.557367,6.309700 -75.557405,6.309380 -75.557100,6.307997 -75.557176,6.306199 -75.556941,6.304984 -75.556876,6.304157 -75.557122,6.302709 -75.557459,6.301746 -75.557846,6.301030 -75.558648,6.298798 -75.558991,6.298124 -75.559466,6.297437 -75.559700,6.296053 -75.559870,6.295635 -75.560001,6.295461 -75.561058,6.294660 -75.562333,6.294062 -75.562568,6.293789 -75.563074,6.292801 -75.563388,6.291422 -75.563892,6.290754 -75.564792,6.289875 -75.565436,6.288873 -75.565801,6.286800 -75.566132,6.285845 -75.566612,6.285129 -75.567417,6.284443 -75.567886,6.284227 -75.568169,6.283791 -75.568334,6.283281 -75.568548,6.280812 -75.572089,6.265174 -75.575133,6.265666 -75.575713,6.265969 -75.576275,6.266467 -75.576734,6.266684 -75.576946,6.266620 -75.577163,6.266383 -75.576800,6.268018 -75.576153,6.269602 -75.579619,6.272148 -75.579840,6.272407 -75.579908,6.272688 -75.579944,6.273529 -75.579655,6.273683 -75.578846,6.274762 -75.578728,6.275361 -75.578744,6.275933 -75.578181,6.276698 -75.578720,6.277214 -75.578217,6.277675 -75.577249,6.278867 -75.575151,6.277229 -75.574173,6.278358 -75.574987,6.279131 -75.575044,6.279045 -75.575414,6.279457 -75.574881,6.279731 -75.574439,6.280142 -75.574240,6.280859 -75.572834,6.280505 -75.572411,6.280473 -75.572353,6.280853 -75.573169,6.281057 -75.573653,6.281030 -75.574299,6.281578 -75.574676,6.281732 -75.574832,6.282003 -75.575249,6.281890 -75.575550,6.281935 -75.575770,6.282231 -75.576417,6.282651 -75.576438,6.282951 -75.576695,6.283172 -75.576909,6.283220 -75.577148,6.283143 -75.577798,6.283629 -75.578399,6.283811 -75.578651,6.283797 -75.578766,6.283979 -75.579378,6.284145 -75.580065,6.284723 -75.580376,6.284793 -75.580033,6.285528 -75.578832,6.287388 -75.578270,6.289067 -75.576035,6.288300 -75.573104,6.297173 -75.572665,6.297831 -75.572854,6.298740 -75.572195,6.299420 -75.571230,6.299287 -75.570945,6.299367 -75.570803,6.299581 -75.570498,6.300546 -75.570122,6.300351 -75.568801,6.302934 -75.568751,6.303250 -75.569095,6.304895 -75.571588,6.304874 -75.571550,6.305738 -75.572033,6.305747 -75.571841,6.307558 -75.571938,6.308218 -75.571268,6.310568 -75.570829,6.310818 -75.569695,6.310899 -75.568734,6.312240 -75.568217,6.312299 -75.567899,6.312142 -75.567756,6.312194 -75.567718,6.312368 -75.567497,6.312462 -75.567306,6.312667 -75.566788,6.312608 -75.566552,6.312766 -75.566001,6.312848 -75.565091,6.312230 -75.564768,6.312138 -75.564471,6.311917 -75.564208,6.311882 -75.563848,6.312054 -75.563333,6.312008 -75.562892,6.312069 -75.562502,6.311917 -75.562213,6.312027 -75.561830,6.311978 -75.561479,6.312164 -75.561018,6.311972 -75.560601,6.312094 -75.560254,6.312047 -75.560027,6.312154 -75.559146,6.312005 -75.558895,6.312067 -75.558682,6.312266 -75.558171,6.312252 -75.556308,6.311391 -75.557171,6.310168 -75.557367,6.309700</coordinates></LinearRing></outerBoundaryIs></Polygon></Placemark>
<Placemark><name>MEDELLIN, DOCE DE OCTUBRE - 6</name><ExtendedData><Data name="brick_id"><value>MED-005</value></Data><Data name="nombre"><value>DOCE DE OCTUBRE - 6</value></Data><Data name="zona"><value>MEDELLIN</value></Data><Data name="ciudad"><value>MEDELLIN</value></Data><Data name="departamento"><value>ANTIOQUIA</value></Data><Data name="nombre_brick"><value>MEDELLIN, DOCE DE OCTUBRE - 6</value></Data></ExtendedData><Polygon><outerBoundaryIs><LinearRing><coordinates>-75.571938,6.308218 -75.571841,6.307558 -75.572033,6.305747 -75.571550,6.305738 -75.571588,6.304874 -75.569095,6.304895 -75.568751,6.303250 -75.568801,6.302934 -75.570122,6.300351 -75.570498,6.300546 -75.570803,6.299581 -75.570945,6.299367 -75.571230,6.299287 -75.572195,6.299420 -75.572854,6.298740 -75.572665,6.297831 -75.573104,6.297173 -75.576035,6.288300 -75.578270,6.289067 -75.578832,6.287388 -75.580033,6.285528 -75.580376,6.284793 -75.581132,6.284902 -75.581866,6.285156 -75.582211,6.285134 -75.582622,6.285493 -75.583045,6.285592 -75.583354,6.285852 -75.583906,6.286055 -75.584124,6.286605 -75.584307,6.286760 -75.584143,6.287444 -75.584529,6.287430 -75.584603,6.287348 -75.584842,6.287800 -75.585274,6.288155 -75.585565,6.288262 -75.585759,6.288474 -75.586045,6.288548 -75.586301,6.288898 -75.586765,6.289308 -75.586750,6.289663 -75.586810,6.289742 -75.586547,6.289978 -75.586520,6.290941 -75.586312,6.291376 -75.586044,6.291572 -75.585256,6.291835 -75.584997,6.292139 -75.585038,6.292352 -75.585214,6.292550 -75.585525,6.292713 -75.585637,6.292994 -75.585757,6.293022 -75.585879,6.293234 -75.586015,6.293309 -75.586129,6.293185 -75.586515,6.293240 -75.586625,6.293347 -75.586900,6.293265 -75.587337,6.293849 -75.587388,6.294374 -75.587696,6.294815 -75.588206,6.294853 -75.588359,6.295017 -75.588271,6.294949 -75.588057,6.295036 -75.587471,6.295601 -75.587173,6.295699 -75.587143,6.295902 -75.587049,6.295950 -75.586937,6.296542 -75.586596,6.296749 -75.586321,6.297049 -75.586553,6.297685 -75.586794,6.297806 -75.586908,6.297968 -75.586805,6.297949 -75.586482,6.298141 -75.586340,6.298473 -75.586678,6.298269 -75.586948,6.298513 -75.586551,6.298883 -75.586506,6.298988 -75.586573,6.299176 -75.586371,6.299164 -75.586091,6.299536 -75.585999,6.300107 -75.586751,6.300562 -75.586467,6.300978 -75.586583,6.301223 -75.586416,6.301397 -75.586154,6.301482 -75.586195,6.301646 -75.586374,6.301702 -75.586403,6.301875 -75.586018,6.302437 -75.585803,6.302538 -75.585660,6.302567 -75.585141,6.302290 -75.584834,6.302717 -75.584324,6.302481 -75.584219,6.302623 -75.584243,6.302872 -75.583855,6.303159 -75.583955,6.303538 -75.583867,6.304062 -75.584124,6.304849 -75.584467,6.304877 -75.584622,6.305163 -75.585618,6.305268 -75.585733,6.305653 -75.585884,6.305696 -75.585761,6.306006 -75.586000,6.306273 -75.585783,6.306427 -75.585632,6.306751 -75.585740,6.306820 -75.586022,6.306796 -75.586034,6.307034 -75.586411,6.307098 -75.586923,6.307597 -75.586927,6.307730 -75.586574,6.308033 -75.586456,6.308358 -75.586446,6.308768 -75.586256,6.309106 -75.586515,6.309339 -75.586468,6.310039 -75.586015,6.310050 -75.585869,6.309886 -75.585582,6.309840 -75.585284,6.309681 -75.585078,6.309410 -75.584695,6.309266 -75.584435,6.309367 -75.584102,6.309260 -75.583586,6.309324 -75.583403,6.309229 -75.583033,6.309414 -75.582613,6.309395 -75.582315,6.309162 -75.581663,6.308961 -75.580951,6.309243 -75.580542,6.309541 -75.580177,6.309615 -75.579967,6.309787 -75.579403,6.309951 -75.579271,6.310109 -75.579067,6.310123 -75.578677,6.310465 -75.577968,6.310505 -75.577791,6.310566 -75.577641,6.310743 -75.577037,6.310751 -75.576709,6.310955 -75.576616,6.311182 -75.576457,6.311236 -75.576084,6.311149 -75.575841,6.310923 -75.575668,6.311054 -75.575241,6.310853 -75.574737,6.310861 -75.574528,6.310756 -75.573913,6.310706 -75.573717,6.310844 -75.573508,6.310847 -75.573323,6.310747 -75.572930,6.310746 -75.572761,6.310636 -75.572538,6.310730 -75.572273,6.310703 -75.572024,6.310928 -75.571819,6.310972 -75.571635,6.310801 -75.571539,6.310529 -75.571393,6.310498 -75.571268,6.310568 -75.571938,6.308218</coordinates></LinearRing></outerBoundaryIs></Polygon></Placemark>
<Placemark><name>MEDELLIN, EL POBLADO - 14</name><ExtendedData><Data name="brick_id"><value>MED-006</value></Data><Data name="nombre"><value>EL POBLADO - 14</value></Data><Data name="zona"><value>MEDELLIN</value></Data><Data name="ciudad"><value>MEDELLIN</value></Data><Data name="departamento"><value>ANTIOQUIA</value></Data><Data name="nombre_brick"><value>MEDELLIN, EL POBLADO - 14</value></Data></ExtendedData><Polygon><outerBoundaryIs><LinearRing><coordinates>-75.565074,6.223917 -75.565075,6.223606 -75.565452,6.221268 -75.565662,6.220883 -75.566266,6.220427 -75.566361,6.220176 -75.566046,6.219162 -75.566029,6.218492 -75.565925,6.218292 -75.565623,6.218107 -75.564873,6.218109 -75.564528,6.217917 -75.564425,6.217719 -75.564374,6.216955 -75.564268,6.216615 -75.563298,6.215723 -75.558265,6.214581 -75.557754,6.214578 -75.557459,6.214840 -75.557404,6.215167 -75.557890,6.216189 -75.557833,6.216320 -75.557719,6.216355 -75.557631,6.216546 -75.556643,6.216994 -75.556312,6.217272 -75.556149,6.217541 -75.555659,6.217835 -75.555623,6.218179 -75.555370,6.218468 -75.554908,6.218102 -75.554560,6.217612 -75.553974,6.217295 -75.551407,6.214874 -75.551332,6.214566 -75.551494,6.213991 -75.551395,6.213785 -75.550301,6.213685 -75.548799,6.213789 -75.547912,6.214169 -75.547299,6.214534 -75.547062,6.214465 -75.546935,6.214222 -75.547068,6.214238 -75.547153,6.213876 -75.547014,6.213556 -75.546858,6.213486 -75.547025,6.213361 -75.547074,6.213111 -75.547182,6.213023 -75.547256,6.212599 -75.547158,6.212463 -75.547190,6.212352 -75.547630,6.212071 -75.547787,6.211527 -75.547670,6.211464 -75.547484,6.211514 -75.547388,6.211318 -75.547475,6.210673 -75.547620,6.210434 -75.547265,6.209997 -75.547102,6.209918 -75.547630,6.209605 -75.547640,6.209297 -75.547880,6.208446 -75.547878,6.208324 -75.547749,6.208186 -75.548007,6.207861 -75.548256,6.206840 -75.547930,6.206511 -75.547608,6.206326 -75.547941,6.206075 -75.548293,6.205634 -75.548298,6.205110 -75.548496,6.204717 -75.548535,6.204369 -75.548405,6.204269 -75.549108,6.204252 -75.550093,6.204046 -75.550375,6.203845 -75.550436,6.203632 -75.550342,6.203211 -75.549615,6.202192 -75.549833,6.202104 -75.550167,6.202110 -75.550839,6.201872 -75.551064,6.201596 -75.551111,6.201308 -75.551394,6.201022 -75.551393,6.200732 -75.551548,6.200577 -75.551386,6.200072 -75.551376,6.199529 -75.551288,6.199405 -75.551689,6.199269 -75.552067,6.198625 -75.552046,6.198493 -75.551618,6.198197 -75.552045,6.197346 -75.552002,6.196768 -75.552161,6.196511 -75.552388,6.196431 -75.552821,6.195925 -75.553341,6.194950 -75.553256,6.194712 -75.553485,6.194689 -75.553677,6.194101 -75.553608,6.194072 -75.553557,6.193550 -75.554136,6.193377 -75.553941,6.193118 -75.553930,6.192820 -75.554160,6.192767 -75.554251,6.192520 -75.554517,6.192456 -75.554497,6.192225 -75.554346,6.192008 -75.554295,6.191549 -75.554185,6.191516 -75.554034,6.191299 -75.554035,6.191174 -75.554182,6.191003 -75.553854,6.189573 -75.553931,6.189597 -75.553941,6.189420 -75.553882,6.188728 -75.553798,6.188489 -75.553680,6.188400 -75.553816,6.187894 -75.553587,6.187646 -75.554215,6.187778 -75.554266,6.187693 -75.554793,6.187537 -75.554908,6.187379 -75.555030,6.186764 -75.555409,6.186095 -75.556151,6.185515 -75.556852,6.185549 -75.556714,6.185446 -75.556920,6.183732 -75.556848,6.183625 -75.555867,6.183519 -75.555462,6.183266 -75.555400,6.182973 -75.555606,6.182345 -75.555408,6.181673 -75.555433,6.181247 -75.555823,6.181300 -75.556343,6.181193 -75.556528,6.181277 -75.556924,6.181118 -75.557121,6.181117 -75.557336,6.181210 -75.558108,6.181882 -75.558416,6.181633 -75.558724,6.181576 -75.559334,6.181646 -75.559454,6.181565 -75.559362,6.181337 -75.558866,6.180930 -75.558814,6.180155 -75.558451,6.179703 -75.558572,6.179544 -75.558494,6.179260 -75.558704,6.178224 -75.558620,6.177818 -75.558772,6.177645 -75.558825,6.177348 -75.559454,6.177183 -75.559620,6.176767 -75.559892,6.176683 -75.559898,6.176533 -75.559961,6.176603 -75.560024,6.176179 -75.559948,6.176168 -75.559810,6.175793 -75.560238,6.175975 -75.560414,6.175942 -75.560789,6.176190 -75.562016,6.176341 -75.562146,6.176318 -75.562278,6.176108 -75.562369,6.176089 -75.562536,6.176253 -75.562798,6.176292 -75.563196,6.175878 -75.563412,6.175859 -75.563667,6.175719 -75.563744,6.175753 -75.563885,6.176127 -75.564488,6.176266 -75.564725,6.176465 -75.565285,6.176497 -75.565766,6.176264 -75.566063,6.176331 -75.566314,6.176797 -75.567107,6.177070 -75.567485,6.177342 -75.567848,6.177708 -75.568279,6.178380 -75.568810,6.178785 -75.569265,6.178824 -75.569692,6.179122 -75.570077,6.179260 -75.570331,6.179206 -75.571220,6.179401 -75.571644,6.179172 -75.572428,6.179370 -75.572723,6.179486 -75.573604,6.180230 -75.574190,6.180356 -75.574436,6.180631 -75.575188,6.180868 -75.575394,6.181496 -75.576105,6.182061 -75.576944,6.182258 -75.579217,6.183656 -75.579401,6.183623 -75.579525,6.183709 -75.579906,6.184211 -75.580152,6.185709 -75.580367,6.186588 -75.580494,6.186832 -75.581641,6.187836 -75.582338,6.188137 -75.582904,6.188254 -75.583260,6.189124 -75.583064,6.189682 -75.582161,6.193531 -75.580616,6.197719 -75.580072,6.199702 -75.575627,6.231344 -75.574002,6.230850 -75.573703,6.230692 -75.569405,6.227563 -75.569234,6.226988 -75.569192,6.226490 -75.568523,6.226496 -75.568279,6.225621 -75.567951,6.225697 -75.566852,6.225428 -75.566699,6.225224 -75.566683,6.224844 -75.566474,6.224670 -75.565783,6.224509 -75.565253,6.224660 -75.565074,6.223917</coordinates></LinearRing></outerBoundaryIs></Polygon></Placemark>
<Placemark><name>MEDELLIN, GUAYABAL - 15</name><ExtendedData><Data name="brick_id"><value>MED-007</value></Data><Data name="nombre"><value>GUAYABAL - 15</value></Data><Data name="zona"><value>MEDELLIN</value></Data><Data name="ciudad"><value>MEDELLIN</value></Data><Data name="departamento"><value>ANTIOQUIA</value></Data><Data name="nombre_brick"><value>MEDELLIN, GUAYABAL - 15</value></Data></ExtendedData><Polygon><outerBoundaryIs><LinearRing><coordinates>-75.598153,6.199979 -75.598375,6.200437 -75.598561,6.200729 -75.599074,6.201104 -75.599621,6.202023 -75.599359,6.202329 -75.598846,6.202700 -75.598889,6.202798 -75.599124,6.202711 -75.599224,6.202776 -75.598908,6.203136 -75.597934,6.203267 -75.598384,6.203588 -75.598609,6.204058 -75.598915,6.204405 -75.598866,6.204485 -75.598653,6.204659 -75.598209,6.204563 -75.597969,6.204613 -75.597291,6.205334 -75.597825,6.206267 -75.597924,6.206905 -75.597755,6.208559 -75.597899,6.209931 -75.597743,6.210182 -75.597730,6.210482 -75.597138,6.210205 -75.596665,6.210190 -75.595352,6.210731 -75.595199,6.210852 -75.595103,6.211107 -75.594488,6.209921 -75.594043,6.209331 -75.594338,6.210015 -75.594355,6.210509 -75.591324,6.226265 -75.591277,6.227630 -75.591387,6.229104 -75.591002,6.229284 -75.590713,6.229602 -75.590313,6.231217 -75.590158,6.231398 -75.589735,6.231595 -75.582766,6.231787 -75.582705,6.233299 -75.580671,6.233202 -75.576709,6.232402 -75.576747,6.232000 -75.576505,6.231603 -75.575627,6.231344 -75.575630,6.231217 -75.579896,6.200774 -75.580249,6.198915 -75.580810,6.197172 -75.583160,6.195823 -75.587350,6.196849 -75.587496,6.196820 -75.587633,6.196683 -75.588383,6.194879 -75.588524,6.194886 -75.589841,6.194201 -75.590258,6.193947 -75.590209,6.193904 -75.590567,6.193768 -75.590782,6.193482 -75.591056,6.193384 -75.591245,6.193213 -75.591528,6.193164 -75.591787,6.193333 -75.591877,6.194005 -75.592093,6.194784 -75.592255,6.195802 -75.592208,6.196529 -75.592853,6.196758 -75.592975,6.196456 -75.593287,6.196549 -75.593377,6.196634 -75.593318,6.196773 -75.593620,6.196935 -75.593469,6.197153 -75.594002,6.197436 -75.594266,6.197456 -75.594505,6.197584 -75.594748,6.197488 -75.595160,6.197162 -75.595288,6.197264 -75.595608,6.197848 -75.595938,6.198176 -75.596503,6.198485 -75.596615,6.198782 -75.596778,6.198945 -75.598186,6.199303 -75.598340,6.199661 -75.598153,6.199979</coordinates></LinearRing></outerBoundaryIs></Polygon></Placemark>
<Placemark><name>MEDELLIN, LA AMERICA - 12</name><ExtendedData><Data name="brick_id"><value>MED-008</value></Data><Data name="nombre"><value>LA AMERICA - 12</value></Data><Data name="zona"><value>MEDELLIN</value></Data><Data name="ciudad"><value>MEDELLIN</value></Data><Data name="departamento"><value>ANTIOQUIA</value></Data><Data name="nombre_brick"><value>MEDELLIN, LA AMERICA - 12</value></Data></ExtendedData><Polygon><outerBoundaryIs><LinearRing><coordinates>-75.595116,6.270483 -75.598499,6.255331 -75.598923,6.254351 -75.597670,6.254767 -75.597368,6.254720 -75.596413,6.254979 -75.596872,6.250120 -75.599455,6.250076 -75.600045,6.250160 -75.600839,6.250478 -75.602274,6.250586 -75.602763,6.243233 -75.606780,6.244174 -75.607455,6.243370 -75.607818,6.241925 -75.609514,6.242109 -75.610731,6.242381 -75.611909,6.242544 -75.612941,6.242561 -75.613807,6.241575 -75.614128,6.241658 -75.615206,6.241623 -75.615403,6.241549 -75.615744,6.241586 -75.616797,6.241204 -75.617273,6.241246 -75.617626,6.241159 -75.617849,6.241294 -75.618012,6.241285 -75.617832,6.241335 -75.617604,6.241289 -75.617245,6.241704 -75.617106,6.241423 -75.616789,6.241512 -75.616633,6.241716 -75.616647,6.242037 -75.616414,6.242525 -75.616226,6.242456 -75.616008,6.242486 -75.615466,6.242263 -75.615452,6.242512 -75.615316,6.242555 -75.615428,6.242926 -75.615569,6.242990 -75.615774,6.244079 -75.616273,6.245321 -75.616933,6.245621 -75.616222,6.246576 -75.615593,6.247225 -75.616256,6.248084 -75.616170,6.248768 -75.615957,6.249099 -75.614301,6.250566 -75.614152,6.250948 -75.614244,6.251420 -75.615116,6.251975 -75.615846,6.252823 -75.616217,6.253001 -75.616639,6.252986 -75.616904,6.252857 -75.617841,6.251841 -75.618066,6.251780 -75.618277,6.251866 -75.618416,6.252001 -75.618411,6.252256 -75.618207,6.252751 -75.617719,6.253384 -75.617145,6.253658 -75.616211,6.253733 -75.615647,6.253915 -75.615486,6.254113 -75.614684,6.254683 -75.613305,6.255557 -75.613785,6.255851 -75.613272,6.256326 -75.612635,6.255952 -75.611161,6.258272 -75.610824,6.258153 -75.610442,6.258134 -75.606854,6.258643 -75.604629,6.259575 -75.603552,6.259868 -75.602187,6.260443 -75.601797,6.260283 -75.600464,6.259221 -75.600935,6.262564 -75.600973,6.263284 -75.601504,6.263621 -75.602189,6.262612 -75.604552,6.262450 -75.604814,6.262529 -75.604798,6.263048 -75.604653,6.263541 -75.604953,6.263942 -75.605022,6.264275 -75.604735,6.264603 -75.604833,6.264806 -75.604716,6.264973 -75.604557,6.265021 -75.604528,6.265129 -75.604663,6.265159 -75.604894,6.265392 -75.604971,6.265683 -75.605325,6.265895 -75.605164,6.266151 -75.605382,6.266389 -75.605280,6.266536 -75.605464,6.266621 -75.605483,6.266754 -75.605854,6.267036 -75.605839,6.267178 -75.605657,6.267424 -75.605737,6.267074 -75.605504,6.266968 -75.605362,6.266748 -75.605173,6.266677 -75.605013,6.266003 -75.604483,6.265776 -75.604363,6.266251 -75.604695,6.266552 -75.604736,6.267063 -75.603969,6.267998 -75.604518,6.268359 -75.604649,6.268549 -75.604637,6.268782 -75.604624,6.268592 -75.604167,6.268149 -75.603991,6.268352 -75.603398,6.268489 -75.602520,6.269062 -75.602525,6.268979 -75.602115,6.269223 -75.601922,6.269073 -75.601788,6.269112 -75.601553,6.269002 -75.600938,6.269152 -75.600613,6.269048 -75.600547,6.268852 -75.600265,6.268817 -75.600241,6.268934 -75.600310,6.268978 -75.600215,6.269107 -75.600368,6.269188 -75.600266,6.269333 -75.600366,6.269466 -75.600228,6.269713 -75.600029,6.269711 -75.599963,6.269858 -75.599996,6.269919 -75.600338,6.269921 -75.600604,6.270026 -75.600337,6.270224 -75.600371,6.270368 -75.600170,6.270402 -75.600495,6.270648 -75.600511,6.270743 -75.600347,6.270767 -75.599869,6.270597 -75.599365,6.270197 -75.598980,6.269101 -75.598696,6.269704 -75.598519,6.270341 -75.598228,6.270244 -75.597905,6.269980 -75.597532,6.271521 -75.596883,6.271771 -75.596163,6.271765 -75.596187,6.271951 -75.595946,6.272013 -75.595379,6.272074 -75.594933,6.270937 -75.595116,6.270483</coordinates></LinearRing></outerBoundaryIs></Polygon></Placemark>
<Placemark><name>MEDELLIN, LA CANDELARIA - 10</name><ExtendedData><Data name="brick_id"><value>MED-009</value></Data><Data name="nombre"><value>LA CANDELARIA - 10</value></Data><Data name="zona"><value>MEDELLIN</value></Data><Data name="ciudad"><value>MEDELLIN</value></Data><Data name="departamento"><value>ANTIOQUIA</value></Data><Data name="nombre_brick"><value>MEDELLIN, LA CANDELARIA - 10</value></Data></ExtendedData><Polygon><outerBoundaryIs><LinearRing><coordinates>-75.556988,6.261551 -75.557093,6.261468 -75.557227,6.261163 -75.560743,6.255829 -75.554763,6.251657 -75.554934,6.251228 -75.554993,6.250813 -75.554791,6.250607 -75.554856,6.250265 -75.554699,6.249890 -75.554747,6.249677 -75.553850,6.249498 -75.554268,6.248266 -75.555765,6.245818 -75.555930,6.246032 -75.556304,6.245037 -75.556492,6.245349 -75.557575,6.244331 -75.557817,6.244471 -75.558240,6.243645 -75.559758,6.242500 -75.560284,6.241970 -75.560728,6.241964 -75.561036,6.242236 -75.561313,6.242354 -75.561697,6.242411 -75.562116,6.242330 -75.562473,6.242117 -75.562538,6.241995 -75.563087,6.241701 -75.564118,6.240537 -75.563688,6.240037 -75.562883,6.238610 -75.562792,6.237647 -75.563063,6.236711 -75.563372,6.236407 -75.563557,6.236025 -75.563919,6.235565 -75.564156,6.234767 -75.564815,6.233959 -75.565206,6.234107 -75.565327,6.234291 -75.565790,6.234377 -75.566483,6.234067 -75.567234,6.233462 -75.566698,6.232855 -75.565669,6.231416 -75.565616,6.231223 -75.565691,6.230999 -75.566419,6.229904 -75.566561,6.228401 -75.566395,6.228116 -75.565693,6.227494 -75.565363,6.227088 -75.564941,6.226515 -75.564783,6.226166 -75.564872,6.225818 -75.565301,6.225110 -75.565253,6.224660 -75.565783,6.224509 -75.566337,6.224631 -75.566683,6.224844 -75.566699,6.225224 -75.566852,6.225428 -75.567951,6.225697 -75.568279,6.225621 -75.568523,6.226496 -75.569192,6.226490 -75.569234,6.226988 -75.569405,6.227563 -75.573526,6.230570 -75.574002,6.230850 -75.575627,6.231344 -75.575674,6.234025 -75.575815,6.234762 -75.580140,6.247260 -75.580301,6.248048 -75.580184,6.248710 -75.573675,6.260695 -75.572651,6.263268 -75.572090,6.265174 -75.564262,6.263943 -75.564053,6.263920 -75.563261,6.264083 -75.557674,6.263098 -75.558307,6.262226 -75.558015,6.262343 -75.557216,6.262219 -75.556283,6.261399 -75.556988,6.261551</coordinates></LinearRing></outerBoundaryIs></Polygon></Placemark>
<Placemark><name>MEDELLIN, LAURELES - ESTADIO - 11</name><ExtendedData><Data name="brick_id"><value>MED-010</value></Data><Data name="nombre"><value>LAURELES - ESTADIO - 11</value></Data><Data name="zona"><value>MEDELLIN</value></Data><Data name="ciudad"><value>MEDELLIN</value></Data><Data name="departamento"><value>ANTIOQUIA</value></Data><Data name="nombre_brick"><value>MEDELLIN, LAURELES - ESTADIO - 11</value></Data></ExtendedData><Polygon><outerBoundaryIs><LinearRing><coordinates>-75.580000,6.249123 -75.580294,6.248216 -75.580272,6.247709 -75.580140,6.247260 -75.577512,6.239649 -75.600235,6.238842 -75.600200,6.238504 -75.600040,6.238276 -75.599850,6.237709 -75.607361,6.237456 -75.611579,6.237674 -75.611732,6.237885 -75.611964,6.238700 -75.612343,6.239445 -75.613694,6.240311 -75.614001,6.240416 -75.614791,6.240400 -75.615154,6.240191 -75.615343,6.240202 -75.615655,6.240425 -75.615967,6.241081 -75.616209,6.240977 -75.616359,6.241103 -75.616554,6.241016 -75.616648,6.240718 -75.616951,6.241055 -75.617496,6.241186 -75.617273,6.241246 -75.616725,6.241219 -75.615704,6.241591 -75.615403,6.241549 -75.615206,6.241623 -75.614128,6.241658 -75.613807,6.241575 -75.612941,6.242561 -75.611909,6.242544 -75.610731,6.242381 -75.609514,6.242109 -75.607818,6.241925 -75.607455,6.243370 -75.606780,6.244174 -75.602763,6.243233 -75.602274,6.250586 -75.600839,6.250478 -75.600045,6.250160 -75.599455,6.250076 -75.596872,6.250120 -75.596413,6.254979 -75.597368,6.254720 -75.597670,6.254767 -75.598923,6.254351 -75.598499,6.255331 -75.595098,6.270556 -75.594877,6.271018 -75.594123,6.271738 -75.593497,6.271044 -75.593235,6.270279 -75.592936,6.270045 -75.592376,6.269270 -75.591690,6.268686 -75.591475,6.268355 -75.590281,6.267092 -75.588951,6.266224 -75.588472,6.266073 -75.588346,6.265920 -75.587770,6.265578 -75.587614,6.265370 -75.586936,6.264971 -75.586808,6.264684 -75.586453,6.264364 -75.586286,6.264072 -75.586132,6.263403 -75.585945,6.263052 -75.585104,6.262422 -75.584909,6.261736 -75.584683,6.261383 -75.583303,6.260652 -75.582168,6.259784 -75.581831,6.259618 -75.579818,6.259044 -75.579336,6.259030 -75.578818,6.258893 -75.577446,6.258928 -75.576768,6.259024 -75.576665,6.259111 -75.576117,6.259192 -75.574689,6.259683 -75.574211,6.259692 -75.580000,6.249123</coordinates></LinearRing></outerBoundaryIs></Polygon></Placemark>
<Placemark><name>MEDELLIN, MANRIQUE - 3</name><ExtendedData><Data name="brick_id"><value>MED-011</value></Data><Data name="nombre"><value>MANRIQUE - 3</value></Data><Data name="zona"><value>MEDELLIN</value></Data><Data name="ciudad"><value>MEDELLIN</value></Data><Data name="departamento"><value>ANTIOQUIA</value></Data><Data name="nombre_brick"><value>MEDELLIN, MANRIQUE - 3</value></Data></ExtendedData><Polygon><outerBoundaryIs><LinearRing><coordinates>-75.536452,6.284824 -75.536584,6.284506 -75.536752,6.284481 -75.536857,6.284112 -75.537354,6.283473 -75.537438,6.282965 -75.537295,6.282334 -75.537410,6.282044 -75.537673,6.281878 -75.538539,6.281826 -75.538713,6.281712 -75.538660,6.281430 -75.539143,6.280808 -75.539309,6.280010 -75.539169,6.279740 -75.539193,6.279537 -75.539101,6.279288 -75.538898,6.278954 -75.538463,6.279008 -75.538156,6.279429 -75.537655,6.279431 -75.537406,6.279345 -75.537216,6.279108 -75.536898,6.278899 -75.536697,6.278597 -75.536628,6.277912 -75.536371,6.277354 -75.536438,6.277156 -75.536283,6.276911 -75.536024,6.276971 -75.535977,6.276751 -75.536222,6.276141 -75.536506,6.275905 -75.536539,6.275760 -75.535863,6.275414 -75.535540,6.275401 -75.534876,6.275034 -75.535443,6.274653 -75.536642,6.274183 -75.536536,6.273769 -75.536716,6.273339 -75.536696,6.273115 -75.536978,6.272550 -75.536828,6.272396 -75.536502,6.272256 -75.536111,6.271475 -75.535843,6.271206 -75.535402,6.271212 -75.535135,6.270843 -75.534219,6.270272 -75.534383,6.270130 -75.534398,6.270001 -75.534137,6.269436 -75.534189,6.269117 -75.534032,6.268505 -75.533798,6.268289 -75.533596,6.267720 -75.533212,6.267490 -75.533104,6.267173 -75.532823,6.266988 -75.532668,6.266613 -75.532218,6.266372 -75.532067,6.266364 -75.532155,6.266162 -75.531998,6.266143 -75.532168,6.266074 -75.532596,6.266142 -75.533053,6.266053 -75.533248,6.266235 -75.533509,6.266324 -75.533856,6.266268 -75.534260,6.266512 -75.534797,6.266532 -75.535884,6.266215 -75.536091,6.266347 -75.536370,6.266147 -75.536677,6.266340 -75.537085,6.266462 -75.537362,6.266299 -75.537398,6.266048 -75.537712,6.266152 -75.537834,6.265979 -75.538250,6.265954 -75.538882,6.265625 -75.538988,6.265476 -75.539076,6.265064 -75.538929,6.264426 -75.538954,6.263790 -75.538761,6.263197 -75.538904,6.263098 -75.539003,6.262753 -75.539047,6.262513 -75.538941,6.262325 -75.539262,6.262067 -75.539288,6.261735 -75.539127,6.261323 -75.539209,6.261116 -75.539588,6.261153 -75.540411,6.261484 -75.541481,6.261712 -75.541956,6.261505 -75.542319,6.261495 -75.542749,6.261614 -75.542797,6.261287 -75.543356,6.261274 -75.544849,6.261562 -75.545698,6.262137 -75.546033,6.262201 -75.546837,6.262051 -75.547113,6.261065 -75.548170,6.261169 -75.548164,6.261069 -75.548404,6.261081 -75.548445,6.261409 -75.548725,6.261795 -75.548768,6.261701 -75.549156,6.261587 -75.549584,6.261786 -75.550325,6.262354 -75.550768,6.262368 -75.551231,6.262549 -75.551722,6.262177 -75.552171,6.262043 -75.552345,6.261741 -75.552654,6.261638 -75.552706,6.261415 -75.552917,6.261459 -75.553328,6.261284 -75.553500,6.261094 -75.554581,6.260663 -75.554940,6.260645 -75.555267,6.260747 -75.555597,6.261098 -75.555787,6.260989 -75.555931,6.261053 -75.556283,6.261399 -75.555934,6.261470 -75.555671,6.262003 -75.554945,6.268182 -75.552616,6.281304 -75.552607,6.281555 -75.552879,6.282336 -75.552642,6.286305 -75.552170,6.285983 -75.552176,6.285867 -75.551824,6.285879 -75.551780,6.285579 -75.551477,6.285634 -75.551262,6.285378 -75.550457,6.285084 -75.550330,6.285129 -75.550157,6.285041 -75.549911,6.285114 -75.549630,6.285068 -75.549567,6.284987 -75.549086,6.285170 -75.548973,6.285283 -75.548669,6.285065 -75.548530,6.285207 -75.548213,6.285185 -75.548069,6.285345 -75.547715,6.285032 -75.547574,6.285130 -75.547357,6.285135 -75.547203,6.284857 -75.546762,6.284796 -75.546217,6.285139 -75.545697,6.285184 -75.545241,6.285518 -75.544974,6.285614 -75.544761,6.285547 -75.544517,6.285833 -75.544286,6.285896 -75.543950,6.285787 -75.543733,6.285891 -75.543567,6.285799 -75.543349,6.285820 -75.543050,6.286154 -75.542633,6.286343 -75.541617,6.286275 -75.541240,6.286056 -75.540964,6.286284 -75.540700,6.286331 -75.540406,6.286048 -75.540148,6.286045 -75.539832,6.285879 -75.539271,6.286130 -75.539074,6.286033 -75.538153,6.286073 -75.537826,6.286009 -75.537606,6.285909 -75.537325,6.285447 -75.536998,6.285156 -75.536598,6.285016 -75.536169,6.284976 -75.536452,6.284824</coordinates></LinearRing></outerBoundaryIs></Polygon></Placemark>
<Placemark><name>MEDELLIN, POPULAR - 1</name><ExtendedData><Data name="brick_id"><value>MED-012</value></Data><Data name="nombre"><value>POPULAR - 1</value></Data><Data name="zona"><value>MEDELLIN</value></Data><Data name="ciudad"><value>MEDELLIN</value></Data><Data name="departamento"><value>ANTIOQUIA</value></Data><Data name="nombre_brick"><value>MEDELLIN, POPULAR - 1</value></Data></ExtendedData><MultiGeometry><Polygon><outerBoundaryIs><LinearRing><coordinates>-75.551386,6.200072 -75.551548,6.200577 -75.551510,6.200642 -75.551158,6.200699 -75.550944,6.200903 -75.550829,6.200835 -75.550912,6.199330 -75.551118,6.199338 -75.551364,6.199491 -75.551386,6.200072</coordinates></LinearRing></outerBoundaryIs></Polygon><Polygon><outerBoundaryIs><LinearRing><coordinates>-75.612178,6.223002 -75.612395,6.223127 -75.612216,6.223260 -75.612072,6.223076 -75.611898,6.223070 -75.611947,6.222996 -75.612178,6.223002</coordinates></LinearRing></outerBoundaryIs></Polygon><Polygon><outerBoundaryIs><LinearRing><coordinates>-75.623220,6.244508 -75.623315,6.244804 -75.623630,6.244654 -75.623693,6.244792 -75.623591,6.244823 -75.623611,6.244916 -75.623396,6.245118 -75.622769,6.244592 -75.623220,6.244508</coordinates></LinearRing></outerBoundaryIs></Polygon><Polygon><outerBoundaryIs><LinearRing><coordinates>-75.631555,6.249531 -75.631206,6.249077 -75.630139,6.248504 -75.629909,6.248230 -75.630816,6.248323 -75.631515,6.248817 -75.631897,6.249279 -75.631555,6.249531</coordinates></LinearRing></outerBoundaryIs></Polygon><Polygon><outerBoundaryIs><LinearRing><coordinates>-75.605882,6.267310 -75.606045,6.266974 -75.606553,6.266789 -75.607771,6.267071 -75.607370,6.267664 -75.607332,6.267939 -75.607124,6.268214 -75.606963,6.268688 -75.606690,6.268473 -75.606433,6.268578 -75.606408,6.268736 -75.606476,6.268826 -75.606834,6.268989 -75.606418,6.269037 -75.606112,6.268764 -75.605816,6.268653 -75.605656,6.268730 -75.605260,6.269202 -75.604890,6.269218 -75.604668,6.268991 -75.604649,6.268549 -75.604518,6.268359 -75.603969,6.267998 -75.604736,6.267063 -75.604695,6.266552 -75.604363,6.266251 -75.604438,6.265802 -75.605013,6.266003 -75.605141,6.266629 -75.605373,6.266758 -75.605504,6.266968 -75.605720,6.267051 -75.605757,6.267186 -75.605648,6.267412 -75.605882,6.267310</coordinates></LinearRing></outerBoundaryIs></Polygon><Polygon><outerBoundaryIs><LinearRing><coordinates>-75.613686,6.269611 -75.613457,6.268944 -75.613170,6.268460 -75.611509,6.266836 -75.611451,6.266331 -75.611134,6.265787 -75.610811,6.265382 -75.610332,6.265008 -75.610177,6.264593 -75.610364,6.264673 -75.610718,6.264591 -75.611403,6.264279 -75.611743,6.263961 -75.612280,6.264016 -75.612496,6.264504 -75.612355,6.264636 -75.612367,6.264969 -75.612193,6.265049 -75.612295,6.265340 -75.612202,6.265520 -75.612549,6.265608 -75.612700,6.265788 -75.612732,6.265912 -75.612575,6.266153 -75.612766,6.266281 -75.612804,6.266668 -75.613110,6.266613 -75.613271,6.266685 -75.613562,6.266528 -75.613679,6.266540 -75.613409,6.267134 -75.613716,6.267575 -75.613685,6.267944 -75.613925,6.268358 -75.614108,6.268599 -75.614403,6.268671 -75.614297,6.268796 -75.614289,6.268993 -75.614368,6.269070 -75.614625,6.268975 -75.614945,6.269060 -75.615207,6.268980 -75.615501,6.269045 -75.615627,6.269228 -75.615736,6.269770 -75.615663,6.269967 -75.615850,6.269904 -75.616109,6.269613 -75.616268,6.269602 -75.616643,6.270316 -75.617020,6.270617 -75.616672,6.270773 -75.616022,6.270856 -75.615755,6.271044 -75.615228,6.271203 -75.614157,6.271089 -75.613770,6.270924 -75.613686,6.269611</coordinates></LinearRing></outerBoundaryIs></Polygon><Polygon><outerBoundaryIs><LinearRing><coordinates>-75.600511,6.270743 -75.600495,6.270648 -75.600170,6.270402 -75.600371,6.270368 -75.600337,6.270224 -75.600604,6.270026 -75.600338,6.269921 -75.599996,6.269919 -75.599963,6.269858 -75.600029,6.269711 -75.600228,6.269713 -75.600366,6.269466 -75.600266,6.269333 -75.600368,6.269188 -75.600215,6.269107 -75.600310,6.268978 -75.600241,6.268934 -75.600256,6.268824 -75.600547,6.268852 -75.600613,6.269048 -75.600938,6.269152 -75.601540,6.269002 -75.601856,6.269089 -75.602020,6.269737 -75.601714,6.270253 -75.601885,6.270352 -75.602016,6.270588 -75.601956,6.271132 -75.602069,6.271225 -75.602651,6.271287 -75.603023,6.271740 -75.602936,6.271996 -75.602328,6.272435 -75.602613,6.272455 -75.603396,6.272275 -75.604170,6.272459 -75.604592,6.272211 -75.605381,6.272083 -75.605472,6.272368 -75.605263,6.272650 -75.605171,6.272958 -75.604767,6.273145 -75.604663,6.273261 -75.604651,6.273449 -75.604453,6.273495 -75.604183,6.273741 -75.603696,6.273492 -75.603550,6.273239 -75.603354,6.273232 -75.603244,6.272777 -75.603077,6.272757 -75.603206,6.272851 -75.603313,6.273428 -75.603852,6.273811 -75.604012,6.274216 -75.603908,6.274159 -75.603750,6.273846 -75.603518,6.273862 -75.603377,6.273779 -75.603207,6.273939 -75.603024,6.273748 -75.602887,6.274031 -75.602753,6.274017 -75.602686,6.273915 -75.601923,6.274179 -75.601713,6.274150 -75.601535,6.273928 -75.601295,6.273913 -75.601041,6.273739 -75.600975,6.273529 -75.600359,6.273582 -75.600024,6.273465 -75.599549,6.272789 -75.599593,6.272504 -75.600108,6.271876 -75.600443,6.271613 -75.601154,6.271339 -75.601128,6.271124 -75.600975,6.270890 -75.600629,6.270870 -75.600365,6.270738 -75.600511,6.270743</coordinates></LinearRing></outerBoundaryIs></Polygon><Polygon><outerBoundaryIs><LinearRing><coordinates>-75.609228,6.272633 -75.609812,6.273108 -75.610680,6.273558 -75.610724,6.273748 -75.610677,6.273799 -75.610216,6.273599 -75.609932,6.273675 -75.609655,6.273492 -75.609299,6.273441 -75.608779,6.274030 -75.608389,6.274061 -75.608012,6.274243 -75.608073,6.273596 -75.608442,6.273018 -75.608625,6.272434 -75.609228,6.272633</coordinates></LinearRing></outerBoundaryIs></Polygon><Polygon><outerBoundaryIs><LinearRing><coordinates>-75.543902,6.304080 -75.543545,6.303949 -75.543320,6.303728 -75.542871,6.303973 -75.542489,6.303932 -75.542200,6.303642 -75.541879,6.303008 -75.541432,6.302851 -75.541269,6.302880 -75.541072,6.302735 -75.540453,6.302557 -75.540252,6.302269 -75.539897,6.302143 -75.539655,6.301855 -75.539303,6.301322 -75.539229,6.300964 -75.538576,6.300696 -75.538417,6.300857 -75.538240,6.300787 -75.538161,6.300336 -75.537958,6.300225 -75.537365,6.299362 -75.537031,6.298486 -75.536597,6.298225 -75.536138,6.298277 -75.535892,6.298406 -75.536102,6.297871 -75.535843,6.297701 -75.536328,6.296922 -75.536097,6.296636 -75.535999,6.296111 -75.535579,6.295667 -75.535559,6.295325 -75.535395,6.294998 -75.535650,6.295041 -75.535946,6.294894 -75.536483,6.295145 -75.536784,6.295145 -75.536910,6.295035 -75.536980,6.294744 -75.537340,6.294630 -75.537437,6.294393 -75.537378,6.294294 -75.537072,6.294298 -75.536461,6.294052 -75.536122,6.293466 -75.535828,6.293301 -75.536098,6.293283 -75.536450,6.292778 -75.536359,6.292426 -75.536189,6.292232 -75.536117,6.291725 -75.536326,6.291566 -75.536238,6.291350 -75.536243,6.291076 -75.536726,6.290988 -75.536825,6.290853 -75.536160,6.289902 -75.536135,6.289516 -75.536249,6.289220 -75.536853,6.288951 -75.536934,6.288832 -75.536904,6.288642 -75.536807,6.288578 -75.536378,6.288742 -75.536220,6.288699 -75.536136,6.288584 -75.536068,6.288001 -75.536140,6.287586 -75.535999,6.287434 -75.536108,6.287378 -75.536001,6.287054 -75.536092,6.286888 -75.536030,6.286051 -75.536238,6.285243 -75.536169,6.284976 -75.536598,6.285016 -75.536998,6.285156 -75.537325,6.285447 -75.537606,6.285909 -75.537826,6.286009 -75.538153,6.286073 -75.539074,6.286033 -75.539271,6.286130 -75.539832,6.285879 -75.540148,6.286045 -75.540406,6.286048 -75.540700,6.286331 -75.540964,6.286284 -75.541240,6.286056 -75.541617,6.286275 -75.542679,6.286338 -75.543050,6.286154 -75.543349,6.285820 -75.543567,6.285799 -75.543733,6.285891 -75.543950,6.285787 -75.544286,6.285896 -75.544517,6.285833 -75.544761,6.285547 -75.544974,6.285614 -75.545241,6.285518 -75.545697,6.285184 -75.546217,6.285139 -75.546762,6.284796 -75.547203,6.284857 -75.547357,6.285135 -75.547574,6.285130 -75.547715,6.285032 -75.548069,6.285345 -75.548213,6.285185 -75.548530,6.285207 -75.548669,6.285065 -75.548973,6.285283 -75.549523,6.284989 -75.549911,6.285114 -75.550157,6.285041 -75.550330,6.285129 -75.550457,6.285084 -75.551262,6.285378 -75.551477,6.285634 -75.551793,6.285586 -75.551824,6.285879 -75.552176,6.285867 -75.552170,6.285983 -75.552842,6.286443 -75.553027,6.286797 -75.553930,6.286855 -75.554076,6.287142 -75.554414,6.287214 -75.554580,6.287332 -75.554685,6.287620 -75.554887,6.287682 -75.554942,6.287942 -75.555249,6.288146 -75.555758,6.288743 -75.555780,6.288920 -75.555496,6.289034 -75.554955,6.289422 -75.554492,6.289403 -75.554281,6.289571 -75.553967,6.289577 -75.553896,6.289711 -75.553952,6.289865 -75.553696,6.290100 -75.553579,6.290086 -75.553442,6.289883 -75.553124,6.290011 -75.553055,6.290349 -75.552709,6.291037 -75.552477,6.291273 -75.552109,6.291257 -75.551981,6.291430 -75.551735,6.291529 -75.551449,6.291468 -75.551089,6.291711 -75.550906,6.291661 -75.550812,6.291806 -75.550579,6.291791 -75.550434,6.291684 -75.549764,6.291791 -75.549558,6.292372 -75.550208,6.292415 -75.550389,6.293462 -75.550114,6.293799 -75.550000,6.294354 -75.549416,6.294467 -75.549053,6.294741 -75.548943,6.294953 -75.549364,6.295269 -75.550112,6.295505 -75.550172,6.295630 -75.550335,6.295641 -75.550557,6.295796 -75.550602,6.295936 -75.550503,6.296062 -75.550845,6.296593 -75.550653,6.297105 -75.550249,6.297214 -75.550287,6.297590 -75.550223,6.297842 -75.548754,6.300499 -75.548630,6.301234 -75.548699,6.301630 -75.548554,6.301931 -75.548756,6.302588 -75.548274,6.303485 -75.548442,6.303946 -75.548283,6.304347 -75.547948,6.304309 -75.547874,6.304044 -75.547590,6.303774 -75.547107,6.303578 -75.546768,6.303847 -75.546567,6.304188 -75.546212,6.304331 -75.544276,6.303883 -75.544200,6.304322 -75.543902,6.304080</coordinates></LinearRing></outerBoundaryIs></Polygon></MultiGeometry></Placemark>
<Placemark><name>MEDELLIN, ROBLEDO - 7</name><ExtendedData><Data name="brick_id"><value>MED-013</value></Data><Data name="nombre"><value>ROBLEDO - 7</value></Data><Data name="zona"><value>MEDELLIN</value></Data><Data name="ciudad"><value>MEDELLIN</value></Data><Data name="departamento"><value>ANTIOQUIA</value></Data><Data name="nombre_brick"><value>MEDELLIN, ROBLEDO - 7</value></Data></ExtendedData><Polygon><outerBoundaryIs><LinearRing><coordinates>-75.588206,6.294853 -75.587696,6.294815 -75.587388,6.294374 -75.587337,6.293849 -75.586900,6.293265 -75.586625,6.293347 -75.586515,6.293240 -75.586129,6.293185 -75.586015,6.293309 -75.585879,6.293234 -75.585757,6.293022 -75.585637,6.292994 -75.585525,6.292713 -75.585391,6.292679 -75.585044,6.292365 -75.584997,6.292139 -75.585256,6.291835 -75.586044,6.291572 -75.586312,6.291376 -75.586520,6.290941 -75.586547,6.289978 -75.586810,6.289742 -75.586750,6.289663 -75.586765,6.289308 -75.586301,6.288898 -75.586045,6.288548 -75.585759,6.288474 -75.585565,6.288262 -75.585274,6.288155 -75.584842,6.287800 -75.584603,6.287348 -75.584529,6.287430 -75.584143,6.287444 -75.584307,6.286760 -75.584124,6.286605 -75.583906,6.286055 -75.583354,6.285852 -75.583045,6.285592 -75.582622,6.285493 -75.582211,6.285134 -75.581866,6.285156 -75.581132,6.284902 -75.580149,6.284760 -75.579416,6.284164 -75.578782,6.283988 -75.578651,6.283797 -75.578399,6.283811 -75.577798,6.283629 -75.577148,6.283143 -75.576909,6.283220 -75.576695,6.283172 -75.576438,6.282951 -75.576417,6.282651 -75.575770,6.282231 -75.575550,6.281935 -75.575249,6.281890 -75.574832,6.282003 -75.574676,6.281732 -75.574299,6.281578 -75.573653,6.281030 -75.573169,6.281057 -75.572353,6.280853 -75.572411,6.280473 -75.572834,6.280505 -75.574240,6.280859 -75.574439,6.280142 -75.574881,6.279731 -75.575414,6.279457 -75.575044,6.279045 -75.574987,6.279131 -75.574173,6.278358 -75.575151,6.277229 -75.577249,6.278867 -75.578217,6.277675 -75.578720,6.277214 -75.578181,6.276698 -75.578744,6.275933 -75.578728,6.275361 -75.578846,6.274762 -75.579655,6.273683 -75.579944,6.273529 -75.579890,6.272565 -75.579699,6.272217 -75.576153,6.269602 -75.576800,6.268018 -75.577163,6.266383 -75.576946,6.266620 -75.576734,6.266684 -75.576275,6.266467 -75.575713,6.265969 -75.575133,6.265666 -75.572089,6.265174 -75.572490,6.263758 -75.573070,6.262143 -75.573675,6.260695 -75.574189,6.259699 -75.574689,6.259683 -75.576117,6.259192 -75.576665,6.259111 -75.576768,6.259024 -75.577446,6.258928 -75.578818,6.258893 -75.579336,6.259030 -75.579818,6.259044 -75.582023,6.259705 -75.583303,6.260652 -75.584683,6.261383 -75.584909,6.261736 -75.585104,6.262422 -75.585945,6.263052 -75.586132,6.263403 -75.586286,6.264072 -75.586453,6.264364 -75.586808,6.264684 -75.586936,6.264971 -75.587614,6.265370 -75.587770,6.265578 -75.588346,6.265920 -75.588472,6.266073 -75.588951,6.266224 -75.590281,6.267092 -75.591475,6.268355 -75.591690,6.268686 -75.592376,6.269270 -75.592936,6.270045 -75.593235,6.270279 -75.593509,6.271062 -75.594784,6.272391 -75.595464,6.272767 -75.596295,6.272723 -75.596693,6.272817 -75.597473,6.273492 -75.597768,6.273618 -75.598565,6.273723 -75.598793,6.273857 -75.599072,6.274421 -75.599399,6.274618 -75.599769,6.274674 -75.600014,6.274821 -75.600506,6.274692 -75.600816,6.274718 -75.601356,6.275046 -75.602175,6.275351 -75.602830,6.275742 -75.603211,6.275700 -75.603597,6.275232 -75.604030,6.275262 -75.604937,6.275689 -75.605525,6.276285 -75.606026,6.276488 -75.606514,6.276520 -75.607143,6.276335 -75.607577,6.276462 -75.607895,6.276676 -75.607909,6.274423 -75.608005,6.274236 -75.608389,6.274061 -75.608779,6.274030 -75.609299,6.273441 -75.609655,6.273492 -75.609932,6.273675 -75.610216,6.273599 -75.610677,6.273799 -75.610724,6.273748 -75.610680,6.273558 -75.609812,6.273108 -75.609228,6.272633 -75.608779,6.272532 -75.608627,6.272424 -75.608954,6.272334 -75.610363,6.272662 -75.611218,6.272387 -75.611836,6.271833 -75.612531,6.271465 -75.612815,6.271181 -75.613554,6.270964 -75.613768,6.270942 -75.614157,6.271089 -75.615228,6.271203 -75.615755,6.271044 -75.616022,6.270856 -75.616672,6.270773 -75.617020,6.270617 -75.617120,6.270653 -75.617762,6.270474 -75.617922,6.270582 -75.617908,6.270409 -75.618494,6.270116 -75.618975,6.270160 -75.620062,6.270072 -75.619200,6.271396 -75.618864,6.272055 -75.618841,6.272333 -75.618935,6.272683 -75.619147,6.272765 -75.619102,6.272886 -75.619684,6.273189 -75.619850,6.273527 -75.620458,6.273649 -75.620699,6.273816 -75.620727,6.274000 -75.620877,6.274191 -75.621294,6.274299 -75.621421,6.274652 -75.621702,6.275069 -75.621726,6.275466 -75.621600,6.276059 -75.621653,6.276335 -75.621568,6.276522 -75.621473,6.277573 -75.620650,6.276928 -75.620297,6.276502 -75.619315,6.276345 -75.619156,6.276437 -75.618946,6.276738 -75.618504,6.276878 -75.618068,6.276941 -75.617364,6.276819 -75.617216,6.277031 -75.617225,6.277377 -75.617048,6.277565 -75.616325,6.277497 -75.615379,6.277814 -75.614758,6.277497 -75.613884,6.277554 -75.613147,6.277463 -75.612031,6.277885 -75.611243,6.277866 -75.609973,6.278345 -75.609277,6.279061 -75.609076,6.279443 -75.609154,6.279597 -75.609411,6.279628 -75.609507,6.279950 -75.609663,6.280179 -75.609949,6.280299 -75.610341,6.281002 -75.610316,6.281117 -75.610516,6.281588 -75.610530,6.281961 -75.610706,6.282173 -75.610793,6.282757 -75.610513,6.282282 -75.610044,6.282196 -75.609937,6.282313 -75.609575,6.282283 -75.609381,6.282554 -75.609197,6.282518 -75.609172,6.282741 -75.609009,6.282918 -75.609094,6.283193 -75.609582,6.283584 -75.609908,6.284079 -75.609921,6.284622 -75.610055,6.284811 -75.609675,6.284521 -75.609066,6.284854 -75.608796,6.284842 -75.608391,6.285203 -75.607566,6.284282 -75.607002,6.283318 -75.606676,6.282944 -75.606452,6.283356 -75.606521,6.283437 -75.606436,6.283919 -75.606564,6.284132 -75.606458,6.284177 -75.606054,6.284034 -75.605766,6.284075 -75.605673,6.284197 -75.605693,6.284543 -75.605471,6.284665 -75.605540,6.284826 -75.605500,6.285077 -75.605654,6.285486 -75.606112,6.285616 -75.606255,6.285767 -75.606029,6.285769 -75.605775,6.285986 -75.605710,6.286616 -75.605357,6.286134 -75.605058,6.286191 -75.604947,6.285827 -75.604525,6.285508 -75.604374,6.285509 -75.604211,6.285720 -75.604081,6.285516 -75.603974,6.285479 -75.603881,6.285494 -75.603586,6.285910 -75.603456,6.285875 -75.603094,6.286321 -75.602806,6.286361 -75.602783,6.286784 -75.602465,6.286612 -75.602329,6.286622 -75.602332,6.286991 -75.602087,6.287295 -75.602308,6.288003 -75.602740,6.288298 -75.603135,6.288708 -75.603399,6.289331 -75.603562,6.289410 -75.603886,6.289895 -75.604084,6.290484 -75.604576,6.290686 -75.604960,6.290665 -75.604711,6.290789 -75.604656,6.290959 -75.604297,6.290940 -75.604101,6.291073 -75.603381,6.290516 -75.603062,6.290608 -75.602895,6.290784 -75.602522,6.290820 -75.602402,6.291077 -75.602232,6.291168 -75.602188,6.291351 -75.601952,6.291302 -75.601795,6.291114 -75.601357,6.291208 -75.601247,6.291503 -75.601003,6.291374 -75.599988,6.291390 -75.599753,6.291560 -75.599814,6.291877 -75.599624,6.292120 -75.599482,6.291958 -75.599298,6.291974 -75.599075,6.291859 -75.598877,6.291960 -75.598732,6.291932 -75.598547,6.292139 -75.598306,6.292166 -75.598225,6.292280 -75.597726,6.292321 -75.597419,6.292796 -75.597389,6.292930 -75.597493,6.292950 -75.597170,6.293277 -75.597200,6.293422 -75.597114,6.293572 -75.597340,6.294026 -75.597144,6.293998 -75.596798,6.294186 -75.596565,6.294110 -75.596396,6.294204 -75.596228,6.294177 -75.596031,6.294366 -75.595939,6.294313 -75.595811,6.294373 -75.596041,6.295117 -75.594825,6.295115 -75.594249,6.294934 -75.593967,6.295011 -75.593748,6.295219 -75.593302,6.295106 -75.593000,6.295406 -75.592743,6.295830 -75.592656,6.295657 -75.592132,6.295294 -75.591690,6.295224 -75.591526,6.295416 -75.591105,6.295575 -75.590711,6.295923 -75.590645,6.296237 -75.590227,6.295543 -75.590267,6.295326 -75.590110,6.295241 -75.589050,6.294092 -75.588825,6.294060 -75.588693,6.294215 -75.588795,6.294372 -75.588671,6.294408 -75.588576,6.294610 -75.588286,6.294708 -75.588359,6.295017 -75.588206,6.294853</coordinates></LinearRing></outerBoundaryIs></Polygon></Placemark>
<Placemark><name>MEDELLIN, SAN JAVIER - 13</name><ExtendedData><Data name="brick_id"><value>MED-014</value></Data><Data name="nombre"><value>SAN JAVIER - 13</value></Data><Data name="zona"><value>MEDELLIN</value></Data><Data name="ciudad"><value>MEDELLIN</value></Data><Data name="departamento"><value>ANTIOQUIA</value></Data><Data name="nombre_brick"><value>MEDELLIN, SAN JAVIER - 13</value></Data></ExtendedData><MultiGeometry><Polygon><outerBoundaryIs><LinearRing><coordinates>-75.609649,6.264870 -75.609652,6.264932 -75.609123,6.264832 -75.608608,6.264988 -75.609030,6.265006 -75.609171,6.265107 -75.608783,6.265385 -75.609046,6.265665 -75.608863,6.265747 -75.608513,6.265736 -75.608728,6.266045 -75.608676,6.266128 -75.608734,6.266348 -75.608306,6.266071 -75.608280,6.266276 -75.607780,6.266551 -75.607772,6.266776 -75.607897,6.267107 -75.606553,6.266789 -75.606045,6.266974 -75.605882,6.267310 -75.605667,6.267422 -75.605854,6.267036 -75.605483,6.266754 -75.605464,6.266621 -75.605280,6.266536 -75.605382,6.266389 -75.605164,6.266151 -75.605325,6.265895 -75.604971,6.265683 -75.604894,6.265392 -75.604663,6.265159 -75.604528,6.265129 -75.604557,6.265021 -75.604716,6.264973 -75.604833,6.264806 -75.604735,6.264603 -75.605022,6.264275 -75.604953,6.263942 -75.604653,6.263541 -75.604798,6.263048 -75.604814,6.262529 -75.604552,6.262450 -75.602189,6.262612 -75.601504,6.263621 -75.600973,6.263284 -75.600935,6.262564 -75.600464,6.259221 -75.601797,6.260283 -75.602187,6.260443 -75.603552,6.259868 -75.604629,6.259575 -75.606854,6.258643 -75.610442,6.258134 -75.610824,6.258153 -75.611161,6.258272 -75.612635,6.255952 -75.613272,6.256326 -75.613785,6.255851 -75.613305,6.255557 -75.614684,6.254683 -75.615486,6.254113 -75.615647,6.253915 -75.616211,6.253733 -75.617145,6.253658 -75.617719,6.253384 -75.618207,6.252751 -75.618411,6.252256 -75.618416,6.252001 -75.618182,6.251806 -75.617980,6.251785 -75.617773,6.251897 -75.616848,6.252896 -75.616639,6.252986 -75.616217,6.253001 -75.615846,6.252823 -75.615116,6.251975 -75.614244,6.251420 -75.614166,6.251151 -75.614177,6.250815 -75.614301,6.250566 -75.615957,6.249099 -75.616170,6.248768 -75.616256,6.248084 -75.615593,6.247225 -75.616222,6.246576 -75.616933,6.245621 -75.616316,6.245382 -75.616154,6.245072 -75.615774,6.244079 -75.615569,6.242990 -75.615428,6.242926 -75.615393,6.242668 -75.615318,6.242628 -75.615316,6.242555 -75.615452,6.242512 -75.615448,6.242266 -75.616008,6.242486 -75.616226,6.242456 -75.616414,6.242525 -75.616647,6.242037 -75.616633,6.241716 -75.616789,6.241512 -75.617106,6.241423 -75.617245,6.241704 -75.617604,6.241289 -75.618090,6.241283 -75.618808,6.241392 -75.619358,6.241585 -75.619481,6.241965 -75.619334,6.242432 -75.619621,6.242442 -75.619902,6.242338 -75.620186,6.241985 -75.620307,6.241346 -75.620651,6.240729 -75.620964,6.240694 -75.621165,6.240566 -75.621416,6.240746 -75.621578,6.240713 -75.621605,6.240910 -75.621811,6.241015 -75.621928,6.241311 -75.621747,6.241755 -75.621783,6.241934 -75.622206,6.241833 -75.622565,6.241850 -75.622814,6.241741 -75.622797,6.242297 -75.623471,6.242676 -75.622805,6.242989 -75.622600,6.243384 -75.622728,6.243478 -75.622958,6.243390 -75.622938,6.243544 -75.622348,6.244246 -75.623396,6.245118 -75.623257,6.245268 -75.623123,6.245172 -75.623027,6.245230 -75.623047,6.245345 -75.623142,6.245316 -75.623180,6.245450 -75.623056,6.245469 -75.623222,6.245886 -75.623757,6.245924 -75.624138,6.246354 -75.624612,6.246338 -75.624890,6.246097 -75.625494,6.246064 -75.625826,6.246374 -75.626260,6.246466 -75.626486,6.246394 -75.626656,6.246060 -75.626960,6.245915 -75.627160,6.245484 -75.627297,6.245418 -75.628292,6.245418 -75.628698,6.246147 -75.628846,6.246116 -75.629185,6.246223 -75.629547,6.246415 -75.629863,6.246336 -75.630107,6.246470 -75.630500,6.246515 -75.630620,6.246998 -75.630796,6.247083 -75.631100,6.247574 -75.631419,6.247788 -75.631383,6.247968 -75.631162,6.248136 -75.631203,6.248341 -75.631651,6.248598 -75.632014,6.248600 -75.632423,6.248872 -75.632382,6.248968 -75.632122,6.249075 -75.631896,6.249279 -75.631515,6.248817 -75.630816,6.248323 -75.629909,6.248230 -75.630139,6.248504 -75.631206,6.249077 -75.631568,6.249536 -75.631963,6.250322 -75.632183,6.250492 -75.630889,6.249987 -75.630349,6.250200 -75.630094,6.250657 -75.629338,6.250651 -75.629412,6.251739 -75.629626,6.251794 -75.629566,6.252013 -75.629687,6.252277 -75.630029,6.252286 -75.630281,6.252110 -75.630887,6.252157 -75.631530,6.252634 -75.631827,6.252643 -75.632035,6.252560 -75.631821,6.252992 -75.631794,6.253212 -75.631509,6.253418 -75.631497,6.253564 -75.632065,6.254328 -75.631811,6.254665 -75.631551,6.254784 -75.631631,6.255253 -75.631459,6.255319 -75.631055,6.255264 -75.630674,6.255438 -75.630257,6.255482 -75.629097,6.254722 -75.628889,6.254852 -75.628757,6.255129 -75.629084,6.255393 -75.629656,6.256208 -75.630398,6.256784 -75.630341,6.257094 -75.630750,6.257124 -75.631016,6.257300 -75.631068,6.257476 -75.630985,6.257631 -75.631212,6.257971 -75.631777,6.258018 -75.632097,6.258281 -75.632357,6.258313 -75.628201,6.261572 -75.628614,6.261908 -75.628833,6.262576 -75.628544,6.263547 -75.628191,6.263967 -75.628112,6.263824 -75.628403,6.263432 -75.628225,6.262994 -75.628020,6.262767 -75.628001,6.262419 -75.628089,6.262294 -75.627766,6.262017 -75.627714,6.261535 -75.627299,6.261502 -75.627279,6.260983 -75.626853,6.260540 -75.626777,6.260228 -75.626586,6.259934 -75.625738,6.259007 -75.625249,6.258956 -75.624859,6.258596 -75.624540,6.258479 -75.623798,6.257889 -75.623377,6.257687 -75.623392,6.258456 -75.622761,6.259533 -75.623472,6.260206 -75.623474,6.260606 -75.623191,6.261177 -75.623455,6.261807 -75.623838,6.262120 -75.624250,6.262782 -75.624092,6.262788 -75.623265,6.262340 -75.622576,6.262662 -75.621960,6.262480 -75.621576,6.262514 -75.621478,6.262568 -75.621688,6.262888 -75.621389,6.262875 -75.621345,6.263446 -75.621710,6.264039 -75.621369,6.263764 -75.621166,6.263429 -75.620627,6.263662 -75.620466,6.263470 -75.620235,6.263513 -75.619979,6.263341 -75.619867,6.263532 -75.619830,6.263843 -75.619560,6.264283 -75.619538,6.264009 -75.619176,6.263559 -75.619094,6.263340 -75.618530,6.262979 -75.618368,6.263009 -75.618122,6.263249 -75.618058,6.262970 -75.617894,6.262903 -75.617913,6.262781 -75.617749,6.262602 -75.617407,6.262700 -75.617292,6.262545 -75.617368,6.262119 -75.617223,6.262023 -75.617260,6.261757 -75.616946,6.261746 -75.616671,6.262212 -75.616526,6.261531 -75.615852,6.260975 -75.615185,6.259849 -75.614917,6.259832 -75.615095,6.260296 -75.614834,6.260627 -75.614549,6.260680 -75.614552,6.260971 -75.613993,6.261939 -75.614307,6.261824 -75.614426,6.261864 -75.614215,6.262541 -75.614323,6.262905 -75.614483,6.263091 -75.614439,6.263362 -75.614729,6.264027 -75.614704,6.264944 -75.614961,6.265121 -75.615035,6.265554 -75.615393,6.265979 -75.615569,6.266075 -75.615593,6.266316 -75.615963,6.266990 -75.615978,6.267216 -75.616483,6.268108 -75.616773,6.268827 -75.616769,6.268986 -75.617083,6.269537 -75.617087,6.269965 -75.616899,6.269799 -75.616569,6.269848 -75.616350,6.269600 -75.616176,6.269586 -75.615850,6.269904 -75.615663,6.269967 -75.615736,6.269770 -75.615627,6.269228 -75.615516,6.269055 -75.615226,6.268979 -75.614945,6.269060 -75.614625,6.268975 -75.614368,6.269070 -75.614289,6.268993 -75.614297,6.268796 -75.614403,6.268671 -75.614108,6.268599 -75.613925,6.268358 -75.613685,6.267944 -75.613716,6.267575 -75.613409,6.267134 -75.613679,6.266540 -75.613562,6.266528 -75.613271,6.266685 -75.613110,6.266613 -75.612804,6.266668 -75.612766,6.266281 -75.612575,6.266153 -75.612732,6.265912 -75.612700,6.265788 -75.612549,6.265608 -75.612202,6.265520 -75.612295,6.265340 -75.612193,6.265049 -75.612367,6.264969 -75.612355,6.264636 -75.612496,6.264504 -75.612280,6.264016 -75.611743,6.263961 -75.611403,6.264279 -75.610718,6.264591 -75.610364,6.264673 -75.610177,6.264593 -75.609649,6.264870</coordinates></LinearRing></outerBoundaryIs></Polygon><Polygon><outerBoundaryIs><LinearRing><coordinates>-75.594933,6.270937 -75.595379,6.272074 -75.596187,6.271951 -75.596163,6.271765 -75.596883,6.271771 -75.597484,6.271567 -75.597614,6.271305 -75.597905,6.269980 -75.598228,6.270244 -75.598519,6.270341 -75.598696,6.269704 -75.598980,6.269101 -75.599259,6.269997 -75.599442,6.270285 -75.599997,6.270659 -75.600629,6.270870 -75.600921,6.270861 -75.601146,6.271183 -75.601092,6.271405 -75.600443,6.271613 -75.600108,6.271876 -75.599593,6.272504 -75.599549,6.272789 -75.600014,6.273458 -75.600359,6.273582 -75.600975,6.273529 -75.601041,6.273739 -75.601295,6.273913 -75.601535,6.273928 -75.601725,6.274152 -75.601923,6.274179 -75.602686,6.273915 -75.602753,6.274017 -75.602887,6.274031 -75.603024,6.273748 -75.603207,6.273939 -75.603377,6.273779 -75.603518,6.273862 -75.603750,6.273846 -75.604000,6.274218 -75.603852,6.273811 -75.603313,6.273428 -75.603206,6.272851 -75.603072,6.272803 -75.603092,6.272747 -75.603244,6.272777 -75.603354,6.273232 -75.603550,6.273239 -75.603696,6.273492 -75.604106,6.273744 -75.604299,6.273697 -75.604453,6.273495 -75.604651,6.273449 -75.604663,6.273261 -75.604767,6.273145 -75.605157,6.272949 -75.605145,6.273201 -75.605259,6.273299 -75.605559,6.273344 -75.605727,6.273226 -75.605823,6.273365 -75.606003,6.273278 -75.606202,6.273612 -75.606215,6.273877 -75.606499,6.274173 -75.606609,6.274666 -75.606931,6.274938 -75.607062,6.274920 -75.607356,6.274594 -75.607791,6.274591 -75.607909,6.274423 -75.607895,6.276676 -75.607577,6.276462 -75.607143,6.276335 -75.606514,6.276520 -75.605882,6.276452 -75.605417,6.276205 -75.604937,6.275689 -75.604030,6.275262 -75.603597,6.275232 -75.603211,6.275700 -75.602830,6.275742 -75.602175,6.275351 -75.601356,6.275046 -75.600816,6.274718 -75.600506,6.274692 -75.600014,6.274821 -75.599769,6.274674 -75.599399,6.274618 -75.599085,6.274437 -75.598862,6.273923 -75.598594,6.273737 -75.597768,6.273618 -75.597473,6.273492 -75.596652,6.272800 -75.596295,6.272723 -75.595350,6.272736 -75.594617,6.272264 -75.594123,6.271738 -75.594933,6.270937</coordinates></LinearRing></outerBoundaryIs></Polygon></MultiGeometry></Placemark>
<Placemark><name>MEDELLIN, SANTA CRUZ - 2</name><ExtendedData><Data name="brick_id"><value>MED-015</value></Data><Data name="nombre"><value>SANTA CRUZ - 2</value></Data><Data name="zona"><value>MEDELLIN</value></Data><Data name="ciudad"><value>MEDELLIN</value></Data><Data name="departamento"><value>ANTIOQUIA</value></Data><Data name="nombre_brick"><value>MEDELLIN, SANTA CRUZ - 2</value></Data></ExtendedData><MultiGeometry><Polygon><outerBoundaryIs><LinearRing><coordinates>-75.604179,6.212120 -75.604787,6.211671 -75.604472,6.211232 -75.604850,6.210996 -75.605057,6.210966 -75.605225,6.211237 -75.605063,6.211366 -75.605129,6.211457 -75.605089,6.211532 -75.605003,6.211414 -75.604837,6.211615 -75.604977,6.211811 -75.604587,6.212055 -75.604495,6.212150 -75.604551,6.212232 -75.604392,6.212413 -75.604451,6.212497 -75.604658,6.212376 -75.604902,6.212818 -75.604725,6.212907 -75.604179,6.212120</coordinates></LinearRing></outerBoundaryIs></Polygon><Polygon><outerBoundaryIs><LinearRing><coordinates>-75.605329,6.212780 -75.605599,6.213321 -75.605522,6.213409 -75.605020,6.213004 -75.605329,6.212780</coordinates></LinearRing></outerBoundaryIs></Polygon><Polygon><outerBoundaryIs><LinearRing><coordinates>-75.605430,6.215030 -75.605312,6.215168 -75.605043,6.214575 -75.605430,6.215030</coordinates></LinearRing></outerBoundaryIs></Polygon><Polygon><outerBoundaryIs><LinearRing><coordinates>-75.611050,6.223130 -75.611324,6.222823 -75.611498,6.222804 -75.611898,6.223070 -75.611716,6.223482 -75.611296,6.223397 -75.611050,6.223130</coordinates></LinearRing></outerBoundaryIs></Polygon><Polygon><outerBoundaryIs><LinearRing><coordinates>-75.623125,6.245631 -75.623056,6.245469 -75.623180,6.245450 -75.623142,6.245316 -75.623047,6.245345 -75.623027,6.245230 -75.623123,6.245172 -75.623257,6.245268 -75.623396,6.245118 -75.623624,6.245307 -75.623125,6.245631</coordinates></LinearRing></outerBoundaryIs></Polygon><Polygon><outerBoundaryIs><LinearRing><coordinates>-75.592909,6.295613 -75.593016,6.295729 -75.592891,6.295847 -75.592833,6.295732 -75.592909,6.295613</coordinates></LinearRing></outerBoundaryIs></Polygon><Polygon><outerBoundaryIs><LinearRing><coordinates>-75.586466,6.309699 -75.586600,6.309460 -75.586965,6.309505 -75.586937,6.309680 -75.586773,6.309660 -75.586867,6.309722 -75.586858,6.309829 -75.586708,6.309797 -75.586700,6.309879 -75.586491,6.309823 -75.586466,6.309699</coordinates></LinearRing></outerBoundaryIs></Polygon><Polygon><outerBoundaryIs><LinearRing><coordinates>-75.559854,6.176607 -75.559862,6.176561 -75.559889,6.176533 -75.559892,6.176683 -75.559664,6.176743 -75.559854,6.176607</coordinates></LinearRing></outerBoundaryIs></Polygon><Polygon><outerBoundaryIs><LinearRing><coordinates>-75.559454,6.177183 -75.558929,6.177284 -75.559172,6.176639 -75.559560,6.176770 -75.559664,6.176743 -75.559454,6.177183</coordinates></LinearRing></outerBoundaryIs></Polygon><Polygon><outerBoundaryIs><LinearRing><coordinates>-75.558772,6.177645 -75.558620,6.177818 -75.558704,6.178224 -75.558494,6.179260 -75.558572,6.179544 -75.558507,6.179675 -75.556262,6.179697 -75.556814,6.179337 -75.557271,6.178048 -75.557365,6.178064 -75.557576,6.177211 -75.557813,6.177241 -75.557956,6.176933 -75.558837,6.177339 -75.558772,6.177645</coordinates></LinearRing></outerBoundaryIs></Polygon><Polygon><outerBoundaryIs><LinearRing><coordinates>-75.525308,6.234082 -75.525130,6.234203 -75.524970,6.234028 -75.525036,6.233819 -75.524939,6.233725 -75.525034,6.233668 -75.524998,6.233601 -75.525168,6.233531 -75.525308,6.234082</coordinates></LinearRing></outerBoundaryIs></Polygon><Polygon><outerBoundaryIs><LinearRing><coordinates>-75.544233,6.303999 -75.544247,6.303934 -75.544263,6.303894 -75.544276,6.303883 -75.546212,6.304331 -75.546567,6.304188 -75.546768,6.303847 -75.547107,6.303578 -75.547590,6.303774 -75.547874,6.304044 -75.547948,6.304309 -75.548028,6.304356 -75.548283,6.304347 -75.548423,6.304053 -75.548274,6.303485 -75.548756,6.302588 -75.548554,6.301931 -75.548699,6.301630 -75.548630,6.301234 -75.548754,6.300499 -75.550223,6.297842 -75.550287,6.297590 -75.550249,6.297214 -75.550653,6.297105 -75.550845,6.296593 -75.550503,6.296062 -75.550602,6.295936 -75.550557,6.295796 -75.550335,6.295641 -75.550172,6.295630 -75.550112,6.295505 -75.549364,6.295269 -75.548943,6.294953 -75.549053,6.294741 -75.549416,6.294467 -75.550000,6.294354 -75.550114,6.293799 -75.550389,6.293462 -75.550208,6.292415 -75.549558,6.292372 -75.549764,6.291791 -75.550434,6.291684 -75.550579,6.291791 -75.550812,6.291806 -75.550906,6.291661 -75.551089,6.291711 -75.551449,6.291468 -75.551735,6.291529 -75.551981,6.291430 -75.552109,6.291257 -75.552477,6.291273 -75.552709,6.291037 -75.553055,6.290349 -75.553126,6.290010 -75.553442,6.289883 -75.553579,6.290086 -75.553686,6.290104 -75.553952,6.289865 -75.553896,6.289711 -75.553967,6.289577 -75.554281,6.289571 -75.554587,6.289388 -75.554694,6.289452 -75.554934,6.289430 -75.555496,6.289034 -75.555814,6.288913 -75.555947,6.288937 -75.556088,6.289084 -75.557398,6.289063 -75.557668,6.289325 -75.557857,6.289320 -75.557992,6.289052 -75.558265,6.288917 -75.558821,6.289116 -75.559143,6.289123 -75.559346,6.289257 -75.559720,6.289228 -75.559854,6.289396 -75.559653,6.289646 -75.559646,6.289799 -75.559742,6.289890 -75.559970,6.289842 -75.560161,6.289931 -75.560409,6.290860 -75.560922,6.290924 -75.561299,6.291212 -75.561888,6.291062 -75.562099,6.291274 -75.562428,6.291300 -75.563334,6.291710 -75.563074,6.292801 -75.562416,6.293974 -75.561058,6.294660 -75.560001,6.295461 -75.559870,6.295635 -75.559700,6.296053 -75.559466,6.297437 -75.558991,6.298124 -75.558648,6.298798 -75.557846,6.301030 -75.557374,6.301952 -75.556982,6.303312 -75.556876,6.304157 -75.556941,6.304984 -75.557176,6.306199 -75.557100,6.307997 -75.557405,6.309380 -75.557367,6.309700 -75.557171,6.310168 -75.556978,6.310029 -75.556893,6.309750 -75.556593,6.309659 -75.556085,6.309290 -75.555757,6.308831 -75.555404,6.308613 -75.555009,6.308164 -75.553107,6.307498 -75.552133,6.307503 -75.552031,6.307232 -75.551755,6.307077 -75.550801,6.307110 -75.550611,6.306733 -75.550366,6.306550 -75.550004,6.306546 -75.549787,6.306784 -75.549611,6.306774 -75.549072,6.306076 -75.548892,6.306001 -75.548764,6.306184 -75.548629,6.306148 -75.548601,6.305805 -75.548392,6.305914 -75.548297,6.306058 -75.548021,6.305901 -75.547963,6.305773 -75.547544,6.305754 -75.547216,6.305499 -75.546981,6.305483 -75.546715,6.305635 -75.546343,6.305524 -75.545996,6.305707 -75.545811,6.305572 -75.545692,6.305356 -75.545722,6.305163 -75.545350,6.304906 -75.545149,6.304573 -75.544957,6.304434 -75.544703,6.304423 -75.544503,6.304203 -75.544289,6.304347 -75.544200,6.304322 -75.544233,6.303999</coordinates></LinearRing></outerBoundaryIs></Polygon><Polygon><outerBoundaryIs><LinearRing><coordinates>-75.586055,6.300049 -75.586101,6.299496 -75.586282,6.299597 -75.586185,6.299979 -75.586285,6.300038 -75.586193,6.300159 -75.586002,6.300099 -75.586055,6.300049</coordinates></LinearRing></outerBoundaryIs></Polygon><Polygon><outerBoundaryIs><LinearRing><coordinates>-75.584219,6.302623 -75.584324,6.302481 -75.584834,6.302717 -75.584980,6.302568 -75.585044,6.302593 -75.584838,6.302874 -75.584744,6.302836 -75.584628,6.302979 -75.584321,6.302857 -75.584219,6.302623</coordinates></LinearRing></outerBoundaryIs></Polygon></MultiGeometry></Placemark>
<Placemark><name>MEDELLIN, VILLA HERMOSA - 8</name><ExtendedData><Data name="brick_id"><value>MED-016</value></Data><Data name="nombre"><value>VILLA HERMOSA - 8</value></Data><Data name="zona"><value>MEDELLIN</value></Data><Data name="ciudad"><value>MEDELLIN</value></Data><Data name="departamento"><value>ANTIOQUIA</value></Data><Data name="nombre_brick"><value>MEDELLIN, VILLA HERMOSA - 8</value></Data></ExtendedData><Polygon><outerBoundaryIs><LinearRing><coordinates>-75.542711,6.260280 -75.542213,6.259848 -75.542201,6.259601 -75.542296,6.259580 -75.542231,6.259418 -75.542319,6.259233 -75.542211,6.259241 -75.542206,6.259093 -75.542299,6.258979 -75.542145,6.258765 -75.542309,6.258527 -75.542223,6.258396 -75.541812,6.258473 -75.541669,6.258289 -75.541548,6.258256 -75.541679,6.258094 -75.541669,6.257647 -75.541329,6.257215 -75.540722,6.257034 -75.540446,6.256823 -75.540319,6.256836 -75.540217,6.256976 -75.539916,6.256876 -75.539420,6.257021 -75.538936,6.257009 -75.538698,6.256836 -75.538606,6.256567 -75.538510,6.256541 -75.537600,6.256765 -75.537276,6.256945 -75.537093,6.256942 -75.536908,6.257091 -75.536926,6.256952 -75.537056,6.256839 -75.536954,6.256803 -75.536966,6.256621 -75.538063,6.255694 -75.538496,6.255539 -75.539367,6.255531 -75.539556,6.255392 -75.539797,6.254963 -75.539783,6.254879 -75.539585,6.255061 -75.539427,6.254475 -75.538928,6.253918 -75.539108,6.253715 -75.539186,6.253387 -75.539153,6.253053 -75.538765,6.252926 -75.538269,6.252899 -75.538373,6.252413 -75.538242,6.252078 -75.538302,6.251932 -75.537968,6.251644 -75.538093,6.251419 -75.537992,6.251318 -75.538000,6.251084 -75.538133,6.250671 -75.537521,6.250444 -75.537322,6.250185 -75.537093,6.250104 -75.536884,6.249737 -75.536632,6.249719 -75.536549,6.249597 -75.536590,6.249430 -75.536498,6.249390 -75.537433,6.249303 -75.538017,6.249351 -75.538172,6.249258 -75.538331,6.249080 -75.538275,6.248776 -75.538535,6.248432 -75.538368,6.248226 -75.539215,6.247722 -75.540023,6.246677 -75.540439,6.246435 -75.540355,6.246429 -75.540446,6.246159 -75.539894,6.245246 -75.540017,6.245019 -75.539754,6.244837 -75.539935,6.244819 -75.540201,6.244878 -75.540503,6.244429 -75.540378,6.243989 -75.539945,6.243476 -75.540005,6.242943 -75.539251,6.242647 -75.538394,6.241808 -75.537569,6.241223 -75.537474,6.239769 -75.537296,6.239578 -75.536795,6.239399 -75.536754,6.239185 -75.536852,6.238948 -75.536203,6.238350 -75.535931,6.237961 -75.535740,6.237959 -75.535429,6.238123 -75.535111,6.237999 -75.534750,6.238128 -75.534288,6.237712 -75.534174,6.237719 -75.534035,6.237811 -75.533974,6.238063 -75.533685,6.238514 -75.533468,6.238587 -75.532880,6.239145 -75.532696,6.239116 -75.532605,6.239249 -75.532309,6.239404 -75.532031,6.239437 -75.531730,6.239716 -75.531643,6.239967 -75.529172,6.239967 -75.529154,6.239641 -75.528913,6.239516 -75.528748,6.239317 -75.528542,6.238383 -75.528109,6.237959 -75.527843,6.237322 -75.527682,6.237135 -75.527355,6.236276 -75.527147,6.236311 -75.527039,6.236251 -75.526582,6.235678 -75.526151,6.235570 -75.526056,6.235636 -75.525910,6.235608 -75.525721,6.235153 -75.525246,6.235001 -75.525176,6.234844 -75.524939,6.235141 -75.524824,6.235197 -75.524780,6.235126 -75.525130,6.234203 -75.525308,6.234082 -75.525030,6.232891 -75.525614,6.232822 -75.525879,6.232438 -75.526267,6.232241 -75.527023,6.231595 -75.527239,6.231829 -75.527589,6.231863 -75.528190,6.231661 -75.528491,6.231461 -75.528676,6.231133 -75.528570,6.231070 -75.528144,6.231139 -75.527999,6.231078 -75.527925,6.230894 -75.527575,6.230908 -75.527216,6.230636 -75.526973,6.230607 -75.526933,6.230415 -75.526688,6.230092 -75.526088,6.229808 -75.525553,6.229809 -75.525473,6.229778 -75.525525,6.229702 -75.525980,6.229635 -75.526234,6.229761 -75.526859,6.229833 -75.527361,6.230417 -75.528141,6.230513 -75.528359,6.230772 -75.529526,6.230246 -75.530869,6.230188 -75.531406,6.229981 -75.531686,6.229974 -75.532453,6.230611 -75.533278,6.230815 -75.533597,6.231022 -75.534065,6.231919 -75.534445,6.232140 -75.534886,6.232243 -75.535310,6.232144 -75.535678,6.231822 -75.536017,6.231679 -75.537029,6.232154 -75.537229,6.232390 -75.538011,6.232641 -75.538377,6.232657 -75.538807,6.232327 -75.538945,6.232345 -75.539294,6.232910 -75.539374,6.233339 -75.539763,6.233621 -75.540074,6.234345 -75.540512,6.234827 -75.540960,6.234850 -75.541227,6.235048 -75.541613,6.235834 -75.542170,6.236500 -75.542442,6.236711 -75.543134,6.236981 -75.544074,6.237223 -75.544171,6.237474 -75.544484,6.237848 -75.544547,6.238146 -75.544865,6.238544 -75.544989,6.238930 -75.544961,6.239634 -75.545233,6.239994 -75.545526,6.240151 -75.546358,6.240196 -75.546971,6.240391 -75.547143,6.240575 -75.547428,6.241208 -75.547689,6.241503 -75.547836,6.241843 -75.548131,6.242023 -75.548730,6.242084 -75.549003,6.242397 -75.549320,6.242586 -75.549969,6.242695 -75.550912,6.242621 -75.551407,6.242667 -75.552615,6.242826 -75.553659,6.243078 -75.553814,6.243186 -75.554096,6.243926 -75.555034,6.245067 -75.555697,6.245688 -75.555765,6.245818 -75.554252,6.248295 -75.553850,6.249498 -75.554747,6.249677 -75.554699,6.249890 -75.554856,6.250265 -75.554791,6.250607 -75.554993,6.250813 -75.554934,6.251228 -75.554763,6.251657 -75.560743,6.255829 -75.557227,6.261163 -75.557093,6.261468 -75.556988,6.261551 -75.556283,6.261399 -75.555852,6.261000 -75.555597,6.261098 -75.555267,6.260747 -75.554668,6.260643 -75.553500,6.261094 -75.553328,6.261284 -75.552917,6.261459 -75.552706,6.261415 -75.552654,6.261638 -75.552345,6.261741 -75.552171,6.262043 -75.551722,6.262177 -75.551231,6.262549 -75.550768,6.262368 -75.550325,6.262354 -75.549584,6.261786 -75.549156,6.261587 -75.548768,6.261701 -75.548725,6.261795 -75.548445,6.261409 -75.548404,6.261081 -75.548164,6.261069 -75.548170,6.261169 -75.547113,6.261065 -75.546837,6.262051 -75.546033,6.262201 -75.545698,6.262137 -75.544849,6.261562 -75.543356,6.261274 -75.542797,6.261287 -75.542711,6.260280</coordinates></LinearRing></outerBoundaryIs></Polygon></Placemark>
</Document></kml>